isbn13,title,authors,categories,description,published_year,average_rating,num_pages,ratings_count
9788185693941.0,Munā-Madana,Laxmi Prasad Devkota,Nepali Literature,"One of the most admired works in Nepali literature,  Muna madan is an episodic poem, a short epic narrative by the Nepalese poet Laxmi Prasad Devkota.   Just before his death in 1959, the poet made his famous statement, ""It's  alright if all of my works   are burned, except for Muna Madan.""
It describes the life of a man who has to leave his family and wife and go to Tibet to make money so that he can pay his family's debt. His dear wife Muna urges him to stay and tells him wealth means nothing but satisfaction of soul is everything but he leaves anyway. While returning he becomes sick on the way. His friends( of highers castes/race) leave him on the road to die. But he survives after a kind Tibetan helps him. The lesson the poet gives here is that greatness of a man doesn't come from which race he is born into but his actions and kindness of heart.  When he returns home, he discovers a heartbreaking truth that he cannot bear. The expression of the grief and heartbreak is truly heart rending and one cannot help reading the verses over and over. Overall, it's a great read.",1979,5.0,60,3
,Shakuntala,Laxmi Prasad Devkota,Nepali Literature,"Narrative poem on Śakuntalā, a character from the Mahābhārata.",1991,0.0,122,0
,Lakshmī nibandha-saṅgraha,Laxmi Prasad Devkota,Nepali Literature,"A Nepali literary work titled 'Lakshmī nibandha-saṅgraha' by Laxmi Prasad Devkota, featuring the stories, culture and voice of Nepal.",1983,0.0,238,0
9780231050142.0,"Nepali visions, Nepali dreams",Laxmi Prasad Devkota,Nepali Literature,"A Nepali literary work titled 'Nepali visions, Nepali dreams' by Laxmi Prasad Devkota, featuring the stories, culture and voice of Nepal.",1980,0.0,170,0
,Lakshmī kathā saṅgraha,Laxmi Prasad Devkota,Nepali Literature,"A Nepali literary work titled 'Lakshmī kathā saṅgraha' by Laxmi Prasad Devkota, featuring the stories, culture and voice of Nepal.",1975,0.0,165,0
,Mahārāṇa Pratāpa,Laxmi Prasad Devkota,Nepali Literature,"A Nepali literary work titled 'Mahārāṇa Pratāpa' by Laxmi Prasad Devkota, featuring the stories, culture and voice of Nepal.",1967,0.0,171,0
,Nepālī śākuntala mahākāvya,Laxmi Prasad Devkota,Nepali Literature,"A Nepali literary work titled 'Nepālī śākuntala mahākāvya' by Laxmi Prasad Devkota, featuring the stories, culture and voice of Nepal.",1962,0.0,557,0
9789937916271.0,Laxmi Nibandha Sangraha,Laxmi Prasad Devkota,Nepali Literature,"A Nepali literary work titled 'Laxmi Nibandha Sangraha' by Laxmi Prasad Devkota, featuring the stories, culture and voice of Nepal.",1980,0.0,0,0
,Māyāvinī sarsī,Laxmi Prasad Devkota,Nepali Literature,"A Nepali literary work titled 'Māyāvinī sarsī' by Laxmi Prasad Devkota, featuring the stories, culture and voice of Nepal.",1967,0.0,69,0
9789937219174.0,Mahākavi Lakshmīprasāda Devakoṭakā khaṇḍakāvyaharu,Laxmi Prasad Devkota,Nepali Literature,Collection of narrative poems.,2009,0.0,260,0
,Lakshmi-gīti-saṅgraha,Laxmi Prasad Devkota,Nepali Literature,"A Nepali literary work titled 'Lakshmi-gīti-saṅgraha' by Laxmi Prasad Devkota, featuring the stories, culture and voice of Nepal.",1983,0.0,140,0
,Mahākavi Devakoṭākā kavitā,Laxmi Prasad Devkota,Nepali Literature,"A Nepali literary work titled 'Mahākavi Devakoṭākā kavitā' by Laxmi Prasad Devkota, featuring the stories, culture and voice of Nepal.",1990,0.0,68,0
,Pramithasa,Laxmi Prasad Devkota,Nepali Literature,"A Nepali literary work titled 'Pramithasa' by Laxmi Prasad Devkota, featuring the stories, culture and voice of Nepal.",1972,0.0,174,0
9789937320207.0,Bhikhārī,Laxmi Prasad Devkota,Nepali Literature,"A Nepali literary work titled 'Bhikhārī' by Laxmi Prasad Devkota, featuring the stories, culture and voice of Nepal.",2013,0.0,52,0
,Sulocanā,Laxmi Prasad Devkota,Nepali Literature,"A Nepali literary work titled 'Sulocanā' by Laxmi Prasad Devkota, featuring the stories, culture and voice of Nepal.",1946,0.0,313,0
,Rājakumāra Prabhākara,Laxmi Prasad Devkota,Nepali Literature,"A Nepali literary work titled 'Rājakumāra Prabhākara' by Laxmi Prasad Devkota, featuring the stories, culture and voice of Nepal.",1983,0.0,17,0
,Dushyanta Śakuntalā bheṭa,Laxmi Prasad Devkota,Nepali Literature,"A Nepali literary work titled 'Dushyanta Śakuntalā bheṭa' by Laxmi Prasad Devkota, featuring the stories, culture and voice of Nepal.",1968,0.0,36,0
,Gāine gīta,Laxmi Prasad Devkota,Nepali Literature,"A Nepali literary work titled 'Gāine gīta' by Laxmi Prasad Devkota, featuring the stories, culture and voice of Nepal.",1967,0.0,105,0
,Ākāśa bolcha,Laxmi Prasad Devkota,Nepali Literature,"A Nepali literary work titled 'Ākāśa bolcha' by Laxmi Prasad Devkota, featuring the stories, culture and voice of Nepal.",1969,0.0,80,0
,Kṛshi-bālā,Laxmi Prasad Devkota,Nepali Literature,"A Nepali literary work titled 'Kṛshi-bālā' by Laxmi Prasad Devkota, featuring the stories, culture and voice of Nepal.",1964,0.0,122,0
,Kuñjinī,Laxmi Prasad Devkota,Nepali Literature,"A Nepali literary work titled 'Kuñjinī' by Laxmi Prasad Devkota, featuring the stories, culture and voice of Nepal.",1966,0.0,90,0
,Mahākavi Lakshmīprasāda Devakotāko Vana kusuma,Laxmi Prasad Devkota,Nepali Literature,"A Nepali literary work titled 'Mahākavi Lakshmīprasāda Devakotāko Vana kusuma' by Laxmi Prasad Devkota, featuring the stories, culture and voice of Nepal.",1968,0.0,156,0
,Mainā,Laxmi Prasad Devkota,Nepali Literature,"A Nepali literary work titled 'Mainā' by Laxmi Prasad Devkota, featuring the stories, culture and voice of Nepal.",1982,0.0,192,0
,Manorañjana,Laxmi Prasad Devkota,Nepali Literature,"A Nepali literary work titled 'Manorañjana' by Laxmi Prasad Devkota, featuring the stories, culture and voice of Nepal.",1967,0.0,121,0
,Navarasa,Laxmi Prasad Devkota,Nepali Literature,"A Nepali literary work titled 'Navarasa' by Laxmi Prasad Devkota, featuring the stories, culture and voice of Nepal.",1968,0.0,265,0
,Pahāḍī pukāra,Laxmi Prasad Devkota,Nepali Literature,"A Nepali literary work titled 'Pahāḍī pukāra' by Laxmi Prasad Devkota, featuring the stories, culture and voice of Nepal.",1978,0.0,13,0
,Pr̥thvīrāja Cauhāna,Laxmi Prasad Devkota,Nepali Literature,"Narrative poem on Pr̥thvīrāja, 1159-1192, King of Ajmer and Delhi.",1992,0.0,224,0
,Poems,Laxmi Prasad Devkota,Nepali Literature,"A Nepali literary work titled 'Poems' by Laxmi Prasad Devkota, featuring the stories, culture and voice of Nepal.",1998,0.0,205,0
,"Srashṭā Devakoṭā, drashṭā pariveśamā",Laxmi Prasad Devkota,Nepali Literature,On Nepali literature; articles.,1984,0.0,121,0
,Svargako ṭukaḍā,Laxmi Prasad Devkota,Nepali Literature,"A Nepali literary work titled 'Svargako ṭukaḍā' by Laxmi Prasad Devkota, featuring the stories, culture and voice of Nepal.",2004,0.0,51,0
9789993330042.0,Tipliṅgī,Laxmi Prasad Devkota,Nepali Literature,"A Nepali literary work titled 'Tipliṅgī' by Laxmi Prasad Devkota, featuring the stories, culture and voice of Nepal.",2001,0.0,41,0
9789993330042.0,Tiplingi,Laxmi Prasad Devkota,Nepali Literature,"A Nepali literary work titled 'Tiplingi' by Laxmi Prasad Devkota, featuring the stories, culture and voice of Nepal.",2000,0.0,41,0
,Tushāra varṇana,Laxmi Prasad Devkota,Nepali Literature,"A Nepali literary work titled 'Tushāra varṇana' by Laxmi Prasad Devkota, featuring the stories, culture and voice of Nepal.",2003,0.0,32,0
,Bapu,Laxmi Prasad Devkota,Nepali Literature,"Poems on Mahatma Gandhi, 1869-1948, nationalist leader from India.",1991,0.0,32,0
,Bhikhārīdekhi sandhyāsamma,Laxmi Prasad Devkota,Nepali Literature,"A Nepali literary work titled 'Bhikhārīdekhi sandhyāsamma' by Laxmi Prasad Devkota, featuring the stories, culture and voice of Nepal.",1986,0.0,50,0
,Bhāvanā gāṅgeya,Laxmi Prasad Devkota,Nepali Literature,"A Nepali literary work titled 'Bhāvanā gāṅgeya' by Laxmi Prasad Devkota, featuring the stories, culture and voice of Nepal.",1960,0.0,160,0
,Campā,Laxmi Prasad Devkota,Nepali Literature,"A Nepali literary work titled 'Campā' by Laxmi Prasad Devkota, featuring the stories, culture and voice of Nepal.",1967,0.0,78,0
,Chān̐gāsan̐ga kurā,Laxmi Prasad Devkota,Nepali Literature,"A Nepali literary work titled 'Chān̐gāsan̐ga kurā' by Laxmi Prasad Devkota, featuring the stories, culture and voice of Nepal.",1969,0.0,72,0
,Cillā pātaharū,Laxmi Prasad Devkota,Nepali Literature,"A Nepali literary work titled 'Cillā pātaharū' by Laxmi Prasad Devkota, featuring the stories, culture and voice of Nepal.",1966,0.0,35,0
,Dāḍimako rūkhanera,Laxmi Prasad Devkota,Nepali Literature,"A Nepali literary work titled 'Dāḍimako rūkhanera' by Laxmi Prasad Devkota, featuring the stories, culture and voice of Nepal.",1983,0.0,164,0
,Kaṭaka,Laxmi Prasad Devkota,Nepali Literature,"A Nepali literary work titled 'Kaṭaka' by Laxmi Prasad Devkota, featuring the stories, culture and voice of Nepal.",1969,0.0,56,0
,"Lakshmī kavitā-saṅgraha, 2013-2016 / c Lakshmīprasāda Devakoṭā",Laxmi Prasad Devkota,Nepali Literature,"A Nepali literary work titled 'Lakshmī kavitā-saṅgraha, 2013-2016 / c Lakshmīprasāda Devakoṭā' by Laxmi Prasad Devkota, featuring the stories, culture and voice of Nepal.",1976,0.0,246,0
9789937216999.0,Mahākavikā bhūmikā,Laxmi Prasad Devkota,Nepali Literature,"Collection of forewords written by Laxmi Prasad Prasad, 1908-1959, chiefly on poetic works.",2009,0.0,122,0
9789937219174.0,Mahākavi Lakshmīprasāda Devakoṭakā khaṇḍakāvyaharu,Laxmi Prasad Devkota,Nepali Literature,"A Nepali literary work titled 'Mahākavi Lakshmīprasāda Devakoṭakā khaṇḍakāvyaharu' by Laxmi Prasad Devkota, featuring the stories, culture and voice of Nepal.",2009,0.0,260,0
9789937509145.0,Parī,Laxmi Prasad Devkota,Nepali Literature,"A Nepali literary work titled 'Parī' by Laxmi Prasad Devkota, featuring the stories, culture and voice of Nepal.",2009,0.0,43,0
9789937216999.0,Mahākavikā bhūmikā,Laxmi Prasad Devkota,Nepali Literature,"A Nepali literary work titled 'Mahākavikā bhūmikā' by Laxmi Prasad Devkota, featuring the stories, culture and voice of Nepal.",2009,0.0,122,0
9789937509176.0,Mahākavi Devakoṭākā nibandha,Laxmi Prasad Devkota,Nepali Literature,"A Nepali literary work titled 'Mahākavi Devakoṭākā nibandha' by Laxmi Prasad Devkota, featuring the stories, culture and voice of Nepal.",2009,0.0,98,0
9789386653277.0,Amaravati Poetic Prism - 2017,Suman Pokhrel; Laxmi Prasad Devkota; Ishwar Ballav; Haribhakta Katuwal,Nepali Literature,a multilingual anthology of world poetry,2017,0.0,0,0
,Devakoṭā śatābdi abhilekha,Laxmi Prasad Devkota; Ushā Śeracana; Keśava Suvedī; Śailenduprakāśa Nepāla,Nepali Literature,"Volume to commemorate birth centenary of Laxmi Prasad Devkota, 1908-1959, poet of Nepal; comprises contributed articles on his life and works and on Nepali literature.",2010,0.0,407,0
9789937321228.0,Shirishko Phool,Parijat,Nepali Literature,"A Nepali literary work titled 'Shirishko Phool' by Parijat, featuring the stories, culture and voice of Nepal.",2013,0.0,66,0
9781638864691.0,Blackrift Gate,Parijat Mukherjee,Nepali Literature,"A Nepali literary work titled 'Blackrift Gate' by Parijat Mukherjee, featuring the stories, culture and voice of Nepal.",2021,0.0,0,0
9798369374139.0,Revolutionizing Healthcare Treatment with Sensor Technology,Sima Das; Parijat Bhowmick; Kitmo,Nepali Literature,"A Nepali literary work titled 'Revolutionizing Healthcare Treatment with Sensor Technology' by Sima Das, featuring the stories, culture and voice of Nepal.",2024,0.0,0,0
9781732419704.0,Pregnancy Brain,Parijat Deshpande,Nepali Literature,"A Nepali literary work titled 'Pregnancy Brain' by Parijat Deshpande, featuring the stories, culture and voice of Nepal.",2018,0.0,0,0
9788199171206.0,I Am a Fleeting Moment in Time,Maya Parijat,Nepali Literature,"A Nepali literary work titled 'I Am a Fleeting Moment in Time' by Maya Parijat, featuring the stories, culture and voice of Nepal.",2025,0.0,412,0
9781668475621.0,Cognitive Cardiac Rehabilitation Using IoT and AI Tools,Parijat Bhowmick; Sima Das; Kaushik Mazumdar,Nepali Literature,"A Nepali literary work titled 'Cognitive Cardiac Rehabilitation Using IoT and AI Tools' by Parijat Bhowmick, featuring the stories, culture and voice of Nepal.",2023,0.0,0,0
9780367384173.0,Handbook of Aqueous Solubility Data,Samuel H. Yalkowsky; Yan He; Parijat Jain,Nepali Literature,"A Nepali literary work titled 'Handbook of Aqueous Solubility Data' by Samuel H. Yalkowsky, featuring the stories, culture and voice of Nepal.",2003,0.0,1620,0
9781935883371.0,Ghetto Girls 6,Parijat Desai; Anthony Whyte,Nepali Literature,"A Nepali literary work titled 'Ghetto Girls 6' by Parijat Desai, featuring the stories, culture and voice of Nepal.",2013,0.0,300,0
9798369345122.0,Bio-Inspired Swarm Robotics and Control,Parijat Bhowmick; Sima Das; Farshad Arvin,Nepali Literature,"A Nepali literary work titled 'Bio-Inspired Swarm Robotics and Control' by Parijat Bhowmick, featuring the stories, culture and voice of Nepal.",2024,0.0,261,0
9781634854078.0,Succeeding in Mrcog,Sharmistha Guha; Parijat Bhattacharjee; Nutan Mishra; Francis Ayim,Nepali Literature,"A Nepali literary work titled 'Succeeding in Mrcog' by Sharmistha Guha, featuring the stories, culture and voice of Nepal.",2016,0.0,130,0
9789819625475.0,Leveraging Emerging Technologies and Analytics for Empowering Humanity,D. P. Goyal; Suprateek Sarker; Somnath Mukhopadhyay; Basav Roychoudhury; Parijat Upadhyay,Nepali Literature,"A Nepali literary work titled 'Leveraging Emerging Technologies and Analytics for Empowering Humanity' by D. P. Goyal, featuring the stories, culture and voice of Nepal.",2025,0.0,400,0
9788173030482.0,Sumnina,B.P. Koirala,Nepali Literature,"A Nepali literary work titled 'Sumnina' by B.P. Koirala, featuring the stories, culture and voice of Nepal.",2002,0.0,114,0
9788173030550.0,Faulty Glasses and Other Stories,B.P. Koirala,Nepali Literature,"A Nepali literary work titled 'Faulty Glasses and Other Stories' by B.P. Koirala, featuring the stories, culture and voice of Nepal.",2002,0.0,69,0
9789993313083.0,Atmabrittanta,Bishweshwar Prasad Koirala,Nepali Literature,"A Nepali literary work titled 'Atmabrittanta' by Bishweshwar Prasad Koirala, featuring the stories, culture and voice of Nepal.",2001,0.0,304,0
,Sumnima,Bishweshwar Prasad Koirala,Nepali Literature,"A Nepali literary work titled 'Sumnima' by Bishweshwar Prasad Koirala, featuring the stories, culture and voice of Nepal.",2005,0.0,115,0
,Tīna ghumtī,Bishweshwar Prasad Koirala,Nepali Literature,"A Nepali literary work titled 'Tīna ghumtī' by Bishweshwar Prasad Koirala, featuring the stories, culture and voice of Nepal.",1969,0.0,99,0
,Sumnimā,Bishweshwar Prasad Koirala,Nepali Literature,"A Nepali literary work titled 'Sumnimā' by Bishweshwar Prasad Koirala, featuring the stories, culture and voice of Nepal.",1970,0.0,125,0
9789937896016.0,Aafno Katha,Bishweshwar Prasad Koirala,Nepali Literature,"A Nepali literary work titled 'Aafno Katha' by Bishweshwar Prasad Koirala, featuring the stories, culture and voice of Nepal.",2015,0.0,0,0
,Bī. Pī. Koirālākā chariekā sāmagrī,Bishweshwar Prasad Koirala,Nepali Literature,"Comprises transcript of interviews, poems, short stories, essays and correspondences of a Nepali author and former prime minister of Nepal.",2001,0.0,398,0
,Cunautīko gherām̄a rājatantra,Bishweshwar Prasad Koirala,Nepali Literature,Current political conditions in Nepal and the role of monarchy.,2005,0.0,75,0
,Doshī casmā,Bishweshwar Prasad Koirala,Nepali Literature,"A Nepali literary work titled 'Doshī casmā' by Bishweshwar Prasad Koirala, featuring the stories, culture and voice of Nepal.",1986,0.0,138,0
9788173030567.0,The faulty glasses and other stories,Bishweshwar Prasad Koirala,Nepali Literature,"A Nepali literary work titled 'The faulty glasses and other stories' by Bishweshwar Prasad Koirala, featuring the stories, culture and voice of Nepal.",1997,0.0,69,0
,Ājako rāshtṛiya cintana,Bishweshwar Prasad Koirala,Nepali Literature,"A Nepali literary work titled 'Ājako rāshtṛiya cintana' by Bishweshwar Prasad Koirala, featuring the stories, culture and voice of Nepal.",1980,0.0,36,0
,Jela-jarnala,Bishweshwar Prasad Koirala,Nepali Literature,"Jail dairy of Bishweshwar Prasad Koirala, Nepalese statesman and former prime minister of Nepal, February 1961 to December 1964.",1997,0.0,266,0
,Modiāina,Bishweshwar Prasad Koirala,Nepali Literature,"A Nepali literary work titled 'Modiāina' by Bishweshwar Prasad Koirala, featuring the stories, culture and voice of Nepal.",1980,0.0,52,0
,Narendradāi,Bishweshwar Prasad Koirala,Nepali Literature,"A Nepali literary work titled 'Narendradāi' by Bishweshwar Prasad Koirala, featuring the stories, culture and voice of Nepal.",1970,0.0,100,0
,Nepālī Kān̐gresakā cāra daśaka,Bishweshwar Prasad Koirala,Nepali Literature,History and principle policies of Nepali Congress Party during last four decades.,1996,0.0,0,0
,Prajātantra ra samājavāda,Bishweshwar Prasad Koirala,Nepali Literature,"A Nepali literary work titled 'Prajātantra ra samājavāda' by Bishweshwar Prasad Koirala, featuring the stories, culture and voice of Nepal.",1979,0.0,0,0
,Prajātāntrika samājavāda,Bishweshwar Prasad Koirala,Nepali Literature,Transcript of a speech on the contemporary political situation and government in Nepal.,1981,0.0,32,0
,Viśveśvaraprasāda Koirālāko ātmavr̥tānta,Bishweshwar Prasad Koirala,Nepali Literature,"Autobiographical reminiscences of Bishweshwar Prasad Koirala, former prime minister of Nepal, as narrated to Gaṇeśarāja Śarmā.",1998,0.0,334,0
,Vī.Pī. Koirālākā sāhityika vicāraharū,Bishweshwar Prasad Koirala,Nepali Literature,Articles on Nepali literature.,1982,0.0,70,0
,Vī. Pī. vāda,Bishweshwar Prasad Koirala,Nepali Literature,"Political writings of Bishweshwar Prasad Koirala, former prime minister of Nepal.",1997,0.0,223,0
9789994613755.0,Rājanītika abhilekha,Bishweshwar Prasad Koirala,Nepali Literature,Articles on 20th century politics of Nepal.,2009,0.0,376,0
,Bābu āmā ra chorā,Bishweshwar Prasad Koirala,Nepali Literature,"A Nepali literary work titled 'Bābu āmā ra chorā' by Bishweshwar Prasad Koirala, featuring the stories, culture and voice of Nepal.",1988,0.0,109,0
,Hiṭalara ra Yahūdī,Bishweshwar Prasad Koirala,Nepali Literature,"A Nepali literary work titled 'Hiṭalara ra Yahūdī' by Bishweshwar Prasad Koirala, featuring the stories, culture and voice of Nepal.",1983,0.0,160,0
,"Melamilāpako śarta, rāshṭriyatā, ra prajātantra",Bishweshwar Prasad Koirala,Nepali Literature,"A Nepali literary work titled 'Melamilāpako śarta, rāshṭriyatā, ra prajātantra' by Bishweshwar Prasad Koirala, featuring the stories, culture and voice of Nepal.",1981,0.0,63,0
,Mero bālyakāla,Bishweshwar Prasad Koirala,Nepali Literature,"A Nepali literary work titled 'Mero bālyakāla' by Bishweshwar Prasad Koirala, featuring the stories, culture and voice of Nepal.",1982,0.0,20,0
,Āphno kathā,Bishweshwar Prasad Koirala,Nepali Literature,Autobiography of a Nepali statesman and litterateur.,1983,0.0,162,0
,Tīna adhyāya,Bishweshwar Prasad Koirala,Nepali Literature,"A Nepali literary work titled 'Tīna adhyāya' by Bishweshwar Prasad Koirala, featuring the stories, culture and voice of Nepal.",1971,0.0,98,0
9789937021326.0,Discourse on B.P. Koirala's novels,Keshav Raj Chalise; Bishweshwar Prasad Koirala,Nepali Literature,"A Nepali literary work titled 'Discourse on B.P. Koirala's novels' by Keshav Raj Chalise, featuring the stories, culture and voice of Nepal.",2017,0.0,118,0
9780670096602.0,Karnali Blues,Buddhisagar; Michael Hutt,Nepali Literature,"A Nepali literary work titled 'Karnali Blues' by Buddhisagar, featuring the stories, culture and voice of Nepal.",2022,0.0,432,0
,Pantapradhāna Indirā Gāndhī,Shanta Buddhisagar,Nepali Literature,"A Nepali literary work titled 'Pantapradhāna Indirā Gāndhī' by Shanta Buddhisagar, featuring the stories, culture and voice of Nepal.",1971,0.0,128,0
,Śubharājyābhiṣekavidhāna-kārika,Buddhisagar Parajuli,Nepali Literature,"A Nepali literary work titled 'Śubharājyābhiṣekavidhāna-kārika' by Buddhisagar Parajuli, featuring the stories, culture and voice of Nepal.",1974,0.0,31,0
9789937746717.0,Eklo (एक्लो),Buddhisagar,Nepali Literature,"A Nepali literary work titled 'Eklo (एक्लो)' by Buddhisagar, featuring the stories, culture and voice of Nepal.",2022,0.0,0,0
,Sahaja jātā jātā,Shanta Buddhisagar,Nepali Literature,"A Nepali literary work titled 'Sahaja jātā jātā' by Shanta Buddhisagar, featuring the stories, culture and voice of Nepal.",1973,0.0,108,0
,Karuṇaviṃśottarī,Buddhisagar Parajuli,Nepali Literature,"A Nepali literary work titled 'Karuṇaviṃśottarī' by Buddhisagar Parajuli, featuring the stories, culture and voice of Nepal.",1974,0.0,16,0
,Śrī Pāñca Baḍāmahārāja Pr̥thvīnārāyaṇaśāhako jīvanī,Buddhisagar Parajuli,Nepali Literature,"A Nepali literary work titled 'Śrī Pāñca Baḍāmahārāja Pr̥thvīnārāyaṇaśāhako jīvanī' by Buddhisagar Parajuli, featuring the stories, culture and voice of Nepal.",1963,0.0,48,0
,Śrīsaparyāmr̥tam,Buddhisagar Parajuli,Nepali Literature,"A Nepali literary work titled 'Śrīsaparyāmr̥tam' by Buddhisagar Parajuli, featuring the stories, culture and voice of Nepal.",1976,0.0,0,0
,Brahmaśāntiḥ,Buddhisagar Parajuli,Nepali Literature,"A Nepali literary work titled 'Brahmaśāntiḥ' by Buddhisagar Parajuli, featuring the stories, culture and voice of Nepal.",1971,0.0,58,0
9789937905855.0,Palpasa Café,Narayan Wagle,Nepali Literature,"Felicitated by Madan Purashkar in the year 2005, Palpasa Cafe, a novel by Narayan Wagle, is one stop for readers of all kinds and ages. The editor of Kantipur Daily, Wagle's novel is set during the 10-year-long Maoists insurgency in Nepal. Opening on the nameless character referred only as 'I' is an artist and is on the verge of earning prominence with his undaunted skills in art. Few causal yet co-incidental meetings with Palpasa develops into strong feelings between the two. No, this isn't a romantic novel for the emotion is dealt with on a more platonic level here. The story progresses ahead with unexpected twists and turns, and series of co-incidences. Though the scenes appear simple, they bear many marvel points that touch. The book has its share of message and visions for a youthful living along with the suffering we had to go through in the hands of the Maoist and the then government. One of the strong points of the book is its characterization. They are all strong and have definite sense of purpose and beliefs that make them almost too real. For instance, Palpasa is a daring woman who comes back to Nepal from the States and wants to make a significant career in documentary film making. Chhiring and Kishore on the other hand are the rising stars in their photography and singing career respectively. Palpasa's grandmother becomes the author's mouthpiece in voicing his love for his motherland. They are all so simple and life like that one is bound to find at least a character they can relate to. The novel works on different level and through each character Wagle reflects on our culture, values and most important of all deals with the current fascination of the youth in being educated abroad and choosing to live there giving way to a severe case of brain-drain. But the book also has characters that come back to their motherland with great zeal and enthusiasm. Another pressing topic that the book addresses through a series of minor characters is the effect of violence on the innocent people. The writer creates the scenes of skeletal remains of schools and hospitals after series of bombarding and gunfire as we turn the pages. Loss of loved ones in the violence and the pain it causes is shown from different perspective like the death of Mami's children, death of the husband of a newly married woman and the tragedy of losing a best friend experienced by a child. Realistic, simple and the easy flow of language makes it an interesting read It has so much to offer and it succeeds in doing this succinctly, making every information it wants to share brief and to the point. Palpasa Cafe got the hype and it certainly lives up to it.",2005,0.0,292,0
9780231143561.0,Mountains Painted with Turmeric,Lil Bahadur Chettri,Nepali Literature,"A Nepali literary work titled 'Mountains Painted with Turmeric' by Lil Bahadur Chettri, featuring the stories, culture and voice of Nepal.",2007,4.0,152,1
9780710309655.0,The Literature of the Ancient Egyptians,Lil Bahadur Chettri,Nepali Literature,"A Nepali literary work titled 'The Literature of the Ancient Egyptians' by Lil Bahadur Chettri, featuring the stories, culture and voice of Nepal.",2007,0.0,362,0
,Do bāṭo,Lil Bahadur Chettri,Nepali Literature,"A Nepali literary work titled 'Do bāṭo' by Lil Bahadur Chettri, featuring the stories, culture and voice of Nepal.",1967,0.0,44,0
9780710309686.0,Japan,Lil Bahadur Chettri,Nepali Literature,"A Nepali literary work titled 'Japan' by Lil Bahadur Chettri, featuring the stories, culture and voice of Nepal.",2006,0.0,348,0
,Basāim̐,Lil Bahadur Chettri,Nepali Literature,"A Nepali literary work titled 'Basāim̐' by Lil Bahadur Chettri, featuring the stories, culture and voice of Nepal.",1964,0.0,102,0
9781322662657.0,Mountains Painted with Turmeric,Lila Bahadura Kshatri; Michael Hutt; Lil Bahadur Chettri,Nepali Literature,"A Nepali literary work titled 'Mountains Painted with Turmeric' by Lila Bahadura Kshatri, featuring the stories, culture and voice of Nepal.",2007,0.0,152,0
,Bimba-pratibimba,Shankar Lamichhane,Nepali Literature,"A Nepali literary work titled 'Bimba-pratibimba' by Shankar Lamichhane, featuring the stories, culture and voice of Nepal.",1971,0.0,159,0
9789937931281.0,Shankar Lamichhane,Shankar Lamichhane,Nepali Literature,"A Nepali literary work titled 'Shankar Lamichhane' by Shankar Lamichhane, featuring the stories, culture and voice of Nepal.",2018,0.0,0,0
,Ebsaṭryākṭa cintana-pyāja,Shankar Lamichhane,Nepali Literature,"A Nepali literary work titled 'Ebsaṭryākṭa cintana-pyāja' by Shankar Lamichhane, featuring the stories, culture and voice of Nepal.",1967,0.0,61,0
,Godhūlī saṃsāra,Shankar Lamichhane,Nepali Literature,"A Nepali literary work titled 'Godhūlī saṃsāra' by Shankar Lamichhane, featuring the stories, culture and voice of Nepal.",1970,0.0,88,0
9789937909099.0,Kavishiromani Rachanawalee Vol. 2,Lekhnath Paudyal; Sanat Kumar Wasti,Nepali Literature,"A Nepali literary work titled 'Kavishiromani Rachanawalee Vol. 2' by Lekhnath Paudyal, featuring the stories, culture and voice of Nepal.",2018,0.0,470,0
9789937921220.0,Kavishiromani Rachanawalee Vol. 5,Saran Kumar Wasti; Lekhnath Paudyal,Nepali Literature,"A Nepali literary work titled 'Kavishiromani Rachanawalee Vol. 5' by Saran Kumar Wasti, featuring the stories, culture and voice of Nepal.",2018,0.0,356,0
9789937921206.0,Kavishiromani Rachanawalee Vol. 3,Lekhnath Paudyal; Sanat Kumar Wasti,Nepali Literature,"A Nepali literary work titled 'Kavishiromani Rachanawalee Vol. 3' by Lekhnath Paudyal, featuring the stories, culture and voice of Nepal.",2018,0.0,484,0
9789937541275.0,Radha,Krishna Dharabasi,Nepali Literature,"A Nepali literary work titled 'Radha' by Krishna Dharabasi, featuring the stories, culture and voice of Nepal.",2013,0.0,336,0
9788185693767.0,From the Other End,Banira Giri,Nepali Literature,"A Nepali literary work titled 'From the Other End' by Banira Giri, featuring the stories, culture and voice of Nepal.",2000,0.0,50,0
,Eka cihāna,Hridaya Chandra Singh Pradhan,Nepali Literature,"A Nepali literary work titled 'Eka cihāna' by Hridaya Chandra Singh Pradhan, featuring the stories, culture and voice of Nepal.",1960,0.0,370,0
,Aphasosa,Hridaya Chandra Singh Pradhan,Nepali Literature,"A Nepali literary work titled 'Aphasosa' by Hridaya Chandra Singh Pradhan, featuring the stories, culture and voice of Nepal.",1970,0.0,228,0
,Hṛdayacandrakā kehī kathāhaṛū,Hridaya Chandra Singh Pradhan,Nepali Literature,"A Nepali literary work titled 'Hṛdayacandrakā kehī kathāhaṛū' by Hridaya Chandra Singh Pradhan, featuring the stories, culture and voice of Nepal.",1968,0.0,87,0
,Jun̐gā,Hridaya Chandra Singh Pradhan,Nepali Literature,"A Nepali literary work titled 'Jun̐gā' by Hridaya Chandra Singh Pradhan, featuring the stories, culture and voice of Nepal.",1970,0.0,75,0
,Kehī Nepāli nāṭaka,Hridaya Chandra Singh Pradhan,Nepali Literature,"A Nepali literary work titled 'Kehī Nepāli nāṭaka' by Hridaya Chandra Singh Pradhan, featuring the stories, culture and voice of Nepal.",1962,0.0,233,0
,Svāsnīmānche,Hridaya Chandra Singh Pradhan,Nepali Literature,"A Nepali literary work titled 'Svāsnīmānche' by Hridaya Chandra Singh Pradhan, featuring the stories, culture and voice of Nepal.",1963,0.0,245,0
,Tīsa rūpiyām̐ noṭa,Hridaya Chandra Singh Pradhan,Nepali Literature,"A Nepali literary work titled 'Tīsa rūpiyām̐ noṭa' by Hridaya Chandra Singh Pradhan, featuring the stories, culture and voice of Nepal.",1956,0.0,88,0
,Unī devatā hun,Hridaya Chandra Singh Pradhan,Nepali Literature,"A Nepali literary work titled 'Unī devatā hun' by Hridaya Chandra Singh Pradhan, featuring the stories, culture and voice of Nepal.",1959,0.0,96,0
,Aisā maiṃ socatā hūm̐,Hridaya Chandra Singh Pradhan,Nepali Literature,"A Nepali literary work titled 'Aisā maiṃ socatā hūm̐' by Hridaya Chandra Singh Pradhan, featuring the stories, culture and voice of Nepal.",1960,0.0,284,0
,Gaṅgālālako citā,Hridaya Chandra Singh Pradhan,Nepali Literature,"A Nepali literary work titled 'Gaṅgālālako citā' by Hridaya Chandra Singh Pradhan, featuring the stories, culture and voice of Nepal.",1967,0.0,170,0
9788173031021.0,Rupamati,Rudra Raj Pandey,Nepali Literature,"A Nepali literary work titled 'Rupamati' by Rudra Raj Pandey, featuring the stories, culture and voice of Nepal.",1999,0.0,139,0
9789993308102.0,Grihapravesh,Diamond Shumsher Rana,Nepali Literature,"A Nepali literary work titled 'Grihapravesh' by Diamond Shumsher Rana, featuring the stories, culture and voice of Nepal.",2019,0.0,0,0
9780143103042.0,Forget Kathmandu,Manjushree Thapa,Nepali Literature,Author's impression on the political conditions in Nepal post 2001 while travelling through the affected areas of political strife.,2005,0.0,263,0
9780143102649.0,Tilled earth,Manjushree Thapa,Nepali Literature,"A Nepali literary work titled 'Tilled earth' by Manjushree Thapa, featuring the stories, culture and voice of Nepal.",2007,0.0,188,0
9789382277026.0,The tutor of history,Manjushree Thapa,Nepali Literature,"A Nepali literary work titled 'The tutor of history' by Manjushree Thapa, featuring the stories, culture and voice of Nepal.",2001,0.0,457,0
9780143065487.0,A boy from Siklis,Manjushree Thapa,Nepali Literature,"A Nepali literary work titled 'A boy from Siklis' by Manjushree Thapa, featuring the stories, culture and voice of Nepal.",2009,0.0,223,0
9780143416777.0,Seasons of flight,Manjushree Thapa,Nepali Literature,"A Nepali literary work titled 'Seasons of flight' by Manjushree Thapa, featuring the stories, culture and voice of Nepal.",2010,0.0,226,0
9789937215121.0,The Country is yours,Manjushree Thapa,Nepali Literature,"A Nepali literary work titled 'The Country is yours' by Manjushree Thapa, featuring the stories, culture and voice of Nepal.",2009,0.0,189,0
9780143066644.0,The country is yours,Manjushree Thapa,Nepali Literature,"A Nepali literary work titled 'The country is yours' by Manjushree Thapa, featuring the stories, culture and voice of Nepal.",2009,0.0,189,0
9781988298344.0,All of Us in Our Own Lives,Manjushree Thapa,Nepali Literature,"A Nepali literary work titled 'All of Us in Our Own Lives' by Manjushree Thapa, featuring the stories, culture and voice of Nepal.",2016,0.0,267,0
,Mustang Bhot in fragments,Manjushree Thapa,Nepali Literature,"Travel account of the author's visit to Mustang, Nepal.",1992,0.0,139,0
9780670084388.0,Seasons of flight,Manjushree Thapa,Nepali Literature,"A Nepali literary work titled 'Seasons of flight' by Manjushree Thapa, featuring the stories, culture and voice of Nepal.",2010,0.0,226,0
9789937215121.0,The Country is yours,Manjushree Thapa,Nepali Literature,"A Nepali literary work titled 'The Country is yours' by Manjushree Thapa, featuring the stories, culture and voice of Nepal.",2009,0.0,189,0
,Seasons of flight,Manjushree Thapa,Nepali Literature,"A Nepali literary work titled 'Seasons of flight' by Manjushree Thapa, featuring the stories, culture and voice of Nepal.",2010,0.0,226,0
,The lives we have lost,Manjushree Thapa,Nepali Literature,"A Nepali literary work titled 'The lives we have lost' by Manjushree Thapa, featuring the stories, culture and voice of Nepal.",2011,0.0,266,0
9789993343431.0,A translation manual to bring English literature to Nepali readers,Manjushree Thapa,Nepali Literature,"A Nepali literary work titled 'A translation manual to bring English literature to Nepali readers' by Manjushree Thapa, featuring the stories, culture and voice of Nepal.",2003,0.0,38,0
9780824825126.0,Secret Places,Frank Stewart; Samrat Upadhyay; Manjushree Thapa,Nepali Literature,"A Nepali literary work titled 'Secret Places' by Frank Stewart, featuring the stories, culture and voice of Nepal.",2001,0.0,220,0
9788171678037.0,Arresting God in Kathmandu,Samrat Upadhyay,Nepali Literature,This book explores the nature of desire and spirituality in a changing society. Here are husbands and wives bound together by arranged marriages but sometimes driven elsewhere by a desire for connection and transcendence. These men and women finds themselves at the mercy of their desires.,2001,3.33,191,3
9781299896024.0,Buddha's orphans,Samrat Upadhyay,Nepali Literature,"Raja and Nilu are fated to fall in love. Follow their story across the globe and through generations to see if, perhaps, old bends in a family tree may be righted in future branches.",2010,0.0,448,0
9780618382682.0,Guru of love,Samrat Upadhyay,Nepali Literature,"""Ramchandra is a math teacher earning a low wage and living in a small apartment in Kathmandu with his wife and two children. Moonlighting as a tutor, he engages in an illicit affair with one of his tutees, Malati, a beautiful, impoverished young woman who is also a new mother. She provides for him what his wife, who comes from a privileged background, does not: desire, mystery, and the beauty of a simpler life.

Not surprisingly, the affair soon upends Ramchandra's family, and he learns that he knows far less about his wife - and about himself than he thought."" ""Complicating matters is Kathmandu itself, a small city bursting with the conflicts of modernization, a static government, and a changing population. Just as Kathmandu must contain its growing needs, so must Ramchandra learn to accommodate both tradition and his very modern desires.""--BOOK JACKET.",2003,0.0,290,0
9780547561486.0,The royal ghosts,Samrat Upadhyay,Nepali Literature,"A Nepali literary work titled 'The royal ghosts' by Samrat Upadhyay, featuring the stories, culture and voice of Nepal.",2006,0.0,207,0
9781483013695.0,The city son,Samrat Upadhyay,Nepali Literature,"""Set in his signature and timeless Nepal, Samrat Updhyay has crafted a vivid portrait of a scorned woman's life-long obsession, and the ramifications on an impressionable young man. When Didi discovers that her husband, the Masterji, has been hiding his beautiful lover and their young son Tarun in a nearby city, she takes him back into her grasp and expels his second family. Tarun's mother, heartsick and devastated, slowly begins to lose her mind, and Tarun has no choice but to turn to Didi for the mothering he longs for. But Didi's revenge knows no bounds: she casts a diabolical spell on Tarun--one with devastating consequences for his only chance at true happiness""--",2014,0.0,252,0
9780544309838.0,Arresting God in Kathmandu,Samrat Upadhyay,Nepali Literature,"A Nepali literary work titled 'Arresting God in Kathmandu' by Samrat Upadhyay, featuring the stories, culture and voice of Nepal.",2001,0.0,167,0
9781616957964.0,Mad country,Samrat Upadhyay,Nepali Literature,"""Samrat Upadhyay's new collection vibrates at the edges of intersecting cultures. Journalists in Kathmandu are targeted by the government. A Nepali man studying in America drops out of school and finds himself a part of the unrest in Ferguson, Missouri. A white American woman moves to Nepal and changes her name. A Nepali man falls in love with mysterious foreign black woman. A rich kid is caught up in his own fantasies of poverty and bank robbery. In the title story, a powerful woman, the owner of a construction company becomes a political prisoner, and in stark and unflinching prose, we see both her world and her mind radically remade. Through the course of the stories in this collection, Upadhyay builds new modes of seeing our interconnected contemporary world. A collection of formal inventiveness, heartbreak and hope, it reaffirms Upadhyay's position as one or our most important chroniclers of globalization and exile""--",2017,0.0,294,0
9781641294720.0,Darkmotherland,Samrat Upadhyay,Nepali Literature,"A Nepali literary work titled 'Darkmotherland' by Samrat Upadhyay, featuring the stories, culture and voice of Nepal.",2025,0.0,768,0
9780618517503.0,Buddha's orphans,Samrat Upadhyay,Nepali Literature,"A Nepali literary work titled 'Buddha's orphans' by Samrat Upadhyay, featuring the stories, culture and voice of Nepal.",2010,0.0,0,0
9788495908889.0,Gurz de Amor,Samrat Upadhyay,Nepali Literature,"A Nepali literary work titled 'Gurz de Amor' by Samrat Upadhyay, featuring the stories, culture and voice of Nepal.",2004,0.0,248,0
9780618517503.0,The queen's pond,Samrat Upadhyay,Nepali Literature,"A Nepali literary work titled 'The queen's pond' by Samrat Upadhyay, featuring the stories, culture and voice of Nepal.",2010,0.0,0,0
9780618517503.0,Buddha's orphans,Samrat Upadhyay,Nepali Literature,"A Nepali literary work titled 'Buddha's orphans' by Samrat Upadhyay, featuring the stories, culture and voice of Nepal.",2010,0.0,0,0
9788129124319.0,The vanishing act,Prawin Adhikari,Nepali Literature,"A Nepali literary work titled 'The vanishing act' by Prawin Adhikari, featuring the stories, culture and voice of Nepal.",2014,0.0,226,0
9789937623827.0,Shared sacred landscapes,Kamla K Kapur; Prawin Adhikari,Nepali Literature,"A Nepali literary work titled 'Shared sacred landscapes' by Kamla K Kapur, featuring the stories, culture and voice of Nepal.",2017,0.0,199,0
9789937921244.0,Ranahar,Yogesh Raj,Nepali Literature,"Novel on the life of Raṇajita Malla, born 1703, King of Bhadgaon",2018,0.0,160,0
9789937827966.0,Āphnai ān̐khāko layamā,Khagendra Saṅgraulā,Nepali Literature,"A Nepali literary work titled 'Āphnai ān̐khāko layamā' by Khagendra Saṅgraulā, featuring the stories, culture and voice of Nepal.",2011,0.0,237,0
9789994629503.0,Samjhanākā kuineṭāharu,Khagendra Saṅgraulā,Nepali Literature,"A Nepali literary work titled 'Samjhanākā kuineṭāharu' by Khagendra Saṅgraulā, featuring the stories, culture and voice of Nepal.",1983,0.0,209,0
9789994665143.0,Samjhanāko ainākā tasvīraharu,Khagendra Saṅgraulā,Nepali Literature,Memoirs of a Nepali author.,1994,0.0,0,0
9789994656493.0,"Phūla, pāta, patkara",Khagendra Saṅgraulā,Nepali Literature,"Articles on human rights, freedom of press and socio-political issues of Nepal.",2005,0.0,155,0
,Itihāsamā kālo potieko anuhāra,Khagendra Saṅgraulā,Nepali Literature,Articles on the massacre of royal family of Nepal.,2001,0.0,83,0
9789937878982.0,Bālyakālakā padacāpaharu,Khagendra Saṅgraulā,Nepali Literature,Childhood reminiscences of a Nepali author.,2014,0.0,316,0
9789937310635.0,Kunsāṅa kākākā kathā,Khagendra Saṅgraulā,Nepali Literature,"A Nepali literary work titled 'Kunsāṅa kākākā kathā' by Khagendra Saṅgraulā, featuring the stories, culture and voice of Nepal.",2012,0.0,0,0
9789993318415.0,Bāisa thun̐gā phūla,Khagendra Saṅgraulā,Nepali Literature,On the lives of 22 handicapped children of Nepal.,2002,0.0,73,0
,Carkeko parkhāla,Khagendra Saṅgraulā,Nepali Literature,"A Nepali literary work titled 'Carkeko parkhāla' by Khagendra Saṅgraulā, featuring the stories, culture and voice of Nepal.",1985,0.0,44,0
,Cetanāko pahilo ḍāka,Khagendra Saṅgraulā,Nepali Literature,"A Nepali literary work titled 'Cetanāko pahilo ḍāka' by Khagendra Saṅgraulā, featuring the stories, culture and voice of Nepal.",1970,0.0,171,0
,Maī divasa,Khagendra Saṅgraulā,Nepali Literature,"A Nepali literary work titled 'Maī divasa' by Khagendra Saṅgraulā, featuring the stories, culture and voice of Nepal.",1997,0.0,96,0
9789993344551.0,Āmā ra yamadūtaharu,Khagendra Saṅgraulā,Nepali Literature,Autobiographical reminiscences of a Nepali author.,2003,0.0,142,0
,Nalekhieko itihāsa,Khagendra Saṅgraulā,Nepali Literature,"A Nepali literary work titled 'Nalekhieko itihāsa' by Khagendra Saṅgraulā, featuring the stories, culture and voice of Nepal.",1990,0.0,91,0
,Samayako spandana,Khagendra Saṅgraulā,Nepali Literature,"A Nepali literary work titled 'Samayako spandana' by Khagendra Saṅgraulā, featuring the stories, culture and voice of Nepal.",1994,0.0,53,0
,"Ghoḍā, īśvara, ra merā bā",Khagendra Saṅgraulā,Nepali Literature,Articles on contemporary politics and society of Nepal.,2003,0.0,159,0
,Hastakshepa,Khagendra Saṅgraulā,Nepali Literature,"A Nepali literary work titled 'Hastakshepa' by Khagendra Saṅgraulā, featuring the stories, culture and voice of Nepal.",1996,0.0,88,0
,Jana-āndolanakā charrāharū,Khagendra Saṅgraulā,Nepali Literature,"A Nepali literary work titled 'Jana-āndolanakā charrāharū' by Khagendra Saṅgraulā, featuring the stories, culture and voice of Nepal.",1990,0.0,0,0
,Seteko saṃsāra,Khagendra Saṅgraulā,Nepali Literature,"A Nepali literary work titled 'Seteko saṃsāra' by Khagendra Saṅgraulā, featuring the stories, culture and voice of Nepal.",1984,0.0,140,0
9789937619486.0,Uttaraādhunika antarepatha,Khagendra Saṅgraulā,Nepali Literature,Collection of satirical articles.,2016,0.0,221,0
,Pārijāta smr̥ti grantha 2051,Ninu Cāpāgāī; Khagendra Saṅgraulā,Nepali Literature,"Commemoration volume on Pārijāta, 1936-1993, Nepali writer; comprises articles on her life and works.",1994,0.0,210,0
9789994665150.0,Rājatantraviruddha yuvā,Khagendra Saṅgraulā; Rājendra Maharjana,Nepali Literature,Collection of articles on the youth's revolt against king in Nepal.,2006,0.0,128,0
9789937223478.0,Jivan Kaandaa Ki Phool,Jhamak Ghimire,Nepali Literature,"A Nepali literary work titled 'Jivan Kaandaa Ki Phool' by Jhamak Ghimire, featuring the stories, culture and voice of Nepal.",2011,0.0,263,0
9789937910149.0,Jeevan Kaada Ki Phool,Jhamak Ghimire,Nepali Literature,"A Nepali literary work titled 'Jeevan Kaada Ki Phool' by Jhamak Ghimire, featuring the stories, culture and voice of Nepal.",2017,0.0,0,0
9780340711309.0,Nepali,Michael Hutt; Abhi Subedi,Nepali Literature,"A Nepali literary work titled 'Nepali' by Michael Hutt, featuring the stories, culture and voice of Nepal.",1999,0.0,314,0
9781444129984.0,Complete Nepali,Michael Hutt; Abhi Subedi,Nepali Literature,"A Nepali literary work titled 'Complete Nepali' by Michael Hutt, featuring the stories, culture and voice of Nepal.",2010,0.0,368,0
,Nepali literature,Abhi Subedi,Nepali Literature,"A Nepali literary work titled 'Nepali literature' by Abhi Subedi, featuring the stories, culture and voice of Nepal.",1978,0.0,228,0
9780844215969.0,Nepali,Michael Hutt; Abhi Subedi,Nepali Literature,"A Nepali literary work titled 'Nepali' by Michael Hutt, featuring the stories, culture and voice of Nepal.",1999,5.0,320,1
,Bruised evenings and journey with the body of time,Abhi Subedi,Nepali Literature,"A Nepali literary work titled 'Bruised evenings and journey with the body of time' by Abhi Subedi, featuring the stories, culture and voice of Nepal.",2011,0.0,85,0
9789993364733.0,Three plays,Abhi Subedi,Nepali Literature,"A Nepali literary work titled 'Three plays' by Abhi Subedi, featuring the stories, culture and voice of Nepal.",2003,0.0,189,0
,Chasing dreams,Abhi Subedi,Nepali Literature,"A Nepali literary work titled 'Chasing dreams' by Abhi Subedi, featuring the stories, culture and voice of Nepal.",1996,0.0,57,0
,Pān̐ca nāṭaka,Abhi Subedi,Nepali Literature,"A Nepali literary work titled 'Pān̐ca nāṭaka' by Abhi Subedi, featuring the stories, culture and voice of Nepal.",2004,0.0,274,0
9789994699896.0,Nepali theatre as I see it,Abhi Subedi,Nepali Literature,"A Nepali literary work titled 'Nepali theatre as I see it' by Abhi Subedi, featuring the stories, culture and voice of Nepal.",1993,0.0,0,0
,Samakālīna Nepālī kavitā,Abhi Subedi,Nepali Literature,An anthology of contemporary Nepali poetry.,1998,0.0,378,0
,Poems of the century,Abhi Subedi,Nepali Literature,"A Nepali literary work titled 'Poems of the century' by Abhi Subedi, featuring the stories, culture and voice of Nepal.",2000,0.0,189,0
,Paccīsa varshakā Nepālī kavitā,Abhi Subedi,Nepali Literature,"A Nepali literary work titled 'Paccīsa varshakā Nepālī kavitā' by Abhi Subedi, featuring the stories, culture and voice of Nepal.",1982,0.0,159,0
,Śabda ra coṭa,Abhi Subedi,Nepali Literature,"A Nepali literary work titled 'Śabda ra coṭa' by Abhi Subedi, featuring the stories, culture and voice of Nepal.",1997,0.0,100,0
,Chasing drams,Abhi Subedi,Nepali Literature,"A Nepali literary work titled 'Chasing drams' by Abhi Subedi, featuring the stories, culture and voice of Nepal.",1996,0.0,57,0
,Ekai Kawaguchi,Abhi Subedi,Nepali Literature,Account of the Zen Buddhist monk traveller from Japan.,1999,0.0,175,0
9789994679867.0,Nibandha ra tun̐ḍikhela,Abhi Subedi,Nepali Literature,"A Nepali literary work titled 'Nibandha ra tun̐ḍikhela' by Abhi Subedi, featuring the stories, culture and voice of Nepal.",2008,0.0,252,0
,Racanā ra mādhyama,Abhi Subedi,Nepali Literature,Study of contemporary Nepali literature.,1997,0.0,195,0
9789993311607.0,Ārūkā phūlakā sapanā,Abhi Subedi,Nepali Literature,"A Nepali literary work titled 'Ārūkā phūlakā sapanā' by Abhi Subedi, featuring the stories, culture and voice of Nepal.",2001,0.0,117,0
,Sirjanā ra mūlyāṅkana,Abhi Subedi,Nepali Literature,"A Nepali literary work titled 'Sirjanā ra mūlyāṅkana' by Abhi Subedi, featuring the stories, culture and voice of Nepal.",1982,0.0,212,0
,Kārpeṭa ṭān̐gieko ākāśa,Abhi Subedī,Nepali Literature,"A Nepali literary work titled 'Kārpeṭa ṭān̐gieko ākāśa' by Abhi Subedī, featuring the stories, culture and voice of Nepal.",1999,0.0,92,0
,Nibandhamā uttaravartī kālakhaṇḍa,Abhi Subedi,Nepali Literature,"A Nepali literary work titled 'Nibandhamā uttaravartī kālakhaṇḍa' by Abhi Subedi, featuring the stories, culture and voice of Nepal.",2009,0.0,358,0
9789993311607.0,Property Rights of Women in Nepal,Abhi Subedi,Nepali Literature,"A Nepali literary work titled 'Property Rights of Women in Nepal' by Abhi Subedi, featuring the stories, culture and voice of Nepal.",2001,0.0,117,0
9789388125338.0,Amaravati Poetic Prism - 2018,Suman Pokhrel; Abhi Subedi; Geeta Tripathee,Nepali Literature,"A Nepali literary work titled 'Amaravati Poetic Prism - 2018' by Suman Pokhrel, featuring the stories, culture and voice of Nepal.",2018,0.0,0,0
9789352075966.0,Poetry of South Asia,Pratibha Ray; Suman Pokhrel; Sitakant Mahapatra; Kamala Wijeratne; Abhi Subedi;  Sigma G R; Perugu Ramakrishna,Nepali Literature,"A Nepali literary work titled 'Poetry of South Asia' by Pratibha Ray, featuring the stories, culture and voice of Nepal.",2017,0.0,0,0
9789387621244.0,City,Suman Pokhrel; Abhi Subedi; Krishna Bhooshan Bal; Ishwar Ballav; Dinesh Adhikari ; Seema Aavas; Haribhakta Katuwal; Sophia Naz; Ajmal Kamal,Nepali Literature,"A Nepali literary work titled 'City' by Suman Pokhrel, featuring the stories, culture and voice of Nepal.",2018,0.0,318,0
9789937665407.0,Aba Yasto Kahile Nahos,Baburam Acharya,Nepali Literature,"A Nepali literary work titled 'Aba Yasto Kahile Nahos' by Baburam Acharya, featuring the stories, culture and voice of Nepal.",2018,0.0,0,0
9789937213752.0,Khvapadeśa,Bharat Jangam,Nepali Literature,"On the history of Bhaktapur, Nepal.",2009,0.0,207,0
9789994668809.0,Bhārata Jaṅgama,Bharat Jangam,Nepali Literature,"Political corruption in Nepal; transcript of interviews with Bharat Jangam, crusader against corruption in Nepal.",2005,0.0,278,0
,Vyūhacakra,Bharat Jangam,Nepali Literature,"A Nepali literary work titled 'Vyūhacakra' by Bharat Jangam, featuring the stories, culture and voice of Nepal.",1993,0.0,140,0
,Rāto ghāma,Bharat Jangam,Nepali Literature,"A Nepali literary work titled 'Rāto ghāma' by Bharat Jangam, featuring the stories, culture and voice of Nepal.",1993,0.0,160,0
,Kālo sūrya,Bharat Jangam,Nepali Literature,"A Nepali literary work titled 'Kālo sūrya' by Bharat Jangam, featuring the stories, culture and voice of Nepal.",1990,0.0,140,0
9789994630097.0,"Bhrshṭācāra, vaicārika āndolana",Bharat Jangam,Nepali Literature,"Articles, previously published in various newspapers, on corruption in Nepal.",2004,0.0,224,0
,Nepālī Kāṅgresako sāmānya jñāna,Bharat Jangam,Nepali Literature,On the history and organization of Nepali Congress Party.,1995,0.0,88,0
,"Pacāsa, prasaṅga, 2048-2049",Bharat Jangam,Nepali Literature,"A Nepali literary work titled 'Pacāsa, prasaṅga, 2048-2049' by Bharat Jangam, featuring the stories, culture and voice of Nepal.",1992,0.0,159,0
,The red sun,Bharat Jangam,Nepali Literature,"A Nepali literary work titled 'The red sun' by Bharat Jangam, featuring the stories, culture and voice of Nepal.",1993,0.0,172,0
9789994620319.0,Kālajayī vyaktitva Bharata Jaṅgama,Bharat Jangam; Hari Mañjuśrī,Nepali Literature,"Contributed articles on the life and work of Bharat Jangam, crusader against corruption in Nepal; volume to commemorate his 60th birth anniversary.",2006,0.0,944,0
9783668323957.0,English As a Language in Arab-Speaking Countires,Bharat Koirala,Nepali Literature,"A Nepali literary work titled 'English As a Language in Arab-Speaking Countires' by Bharat Koirala, featuring the stories, culture and voice of Nepal.",2016,0.0,0,0
9783668667037.0,Rise and Fall of Eastman Kodak. Will It Survive Beyond 2012?,Bharat Koirala,Nepali Literature,"A Nepali literary work titled 'Rise and Fall of Eastman Kodak. Will It Survive Beyond 2012?' by Bharat Koirala, featuring the stories, culture and voice of Nepal.",2018,0.0,0,0
9783656924951.0,Return and Cost of College Education,Bharat Koirala,Nepali Literature,"A Nepali literary work titled 'Return and Cost of College Education' by Bharat Koirala, featuring the stories, culture and voice of Nepal.",2015,0.0,0,0
,Chāyām̐,Bhawani Bhikshu,Nepali Literature,"A Nepali literary work titled 'Chāyām̐' by Bhawani Bhikshu, featuring the stories, culture and voice of Nepal.",1960,0.0,72,0
,Gunakesarī,Bhawani Bhikshu,Nepali Literature,"A Nepali literary work titled 'Gunakesarī' by Bhawani Bhikshu, featuring the stories, culture and voice of Nepal.",1960,0.0,140,0
,Maiyām̐sāheba,Bhawani Bhikshu,Nepali Literature,"A Nepali literary work titled 'Maiyām̐sāheba' by Bhawani Bhikshu, featuring the stories, culture and voice of Nepal.",1960,0.0,132,0
,Parishkāra,Bhawani Bhikshu,Nepali Literature,"A Nepali literary work titled 'Parishkāra' by Bhawani Bhikshu, featuring the stories, culture and voice of Nepal.",1960,0.0,129,0
,Prakāśa,Bhawani Bhikshu,Nepali Literature,"A Nepali literary work titled 'Prakāśa' by Bhawani Bhikshu, featuring the stories, culture and voice of Nepal.",1960,0.0,76,0
,Āvarta,Bhawani Bhikshu,Nepali Literature,"A Nepali literary work titled 'Āvarta' by Bhawani Bhikshu, featuring the stories, culture and voice of Nepal.",1967,0.0,137,0
,Pāipa naṃbara dūi,Bhawani Bhikshu,Nepali Literature,"A Nepali literary work titled 'Pāipa naṃbara dūi' by Bhawani Bhikshu, featuring the stories, culture and voice of Nepal.",1977,0.0,84,0
,gunakesari,Bhawani Bhikshu,Nepali Literature,"A Nepali literary work titled 'gunakesari' by Bhawani Bhikshu, featuring the stories, culture and voice of Nepal.",1995,0.0,0,0
,Ujyālo hunuaghi,Binod Prasad Dhital,Nepali Literature,"A Nepali literary work titled 'Ujyālo hunuaghi' by Binod Prasad Dhital, featuring the stories, culture and voice of Nepal.",1971,0.0,221,0
9789937185653.0,Kavyaarohan,Suman Pokhrel; Bairāgī Kāim̐lā; Tulasī Divasa; Bam Dewan; Momilā; Mañju Kān̐culī; Badrīprasāda Bhikhārī; Shravaṇa Mukāruṅga; Bhupal Rai; Tīrtha Śreshṭha,Nepali Literature,"यो पुस्तक ""काव्यारोहण"" आरोहण विराटनगरद्वारा सञ्चालन गरिएको कविता वाचन शृङ्खला ""काव्यारोहण : आरोहण कवितायात्रा..."" को पहिलो शृङ्खलामा वाचन गर्ने बाह्र जना कवि प्रत्येकका पाँच/पाँचवटा कविताको सङ्ग्रह हो।

हरेक महिना एक शृङ्खला सम्पन्न गर्ने उद्देश्यले सुरु गरिएको ""काव्यारोहण : आरोहण कवितायात्रा..."" कार्यक्रम वि.सं. २०७६ साल मङ्सिर ७ गते (नोभेम्बर २३, २०१९) मा प्रारम्भ भएको थियो। तर, कोरोना महामारीका कारण नियमित रूपमा सञ्चालन गर्न नसकिएपछि स्थगित रहन पुगेको यो पहिलो शृङ्खला, अन्ततः १२ वटा अनुक्रम पूरा गर्दै वि.सं. २०७९ साल असार ४ गते सम्पन्न भयो।

यस पहिलो शृङ्खलामा बैरागी काइँला, तुलसी दिवस, बम देवान, मोमिला, मनप्रसाद सुब्बा, तीर्थ श्रेष्ठ, कुन्ता शर्मा, सुमन पोखरेल, श्रवण मुकारुङ, बद्री भिखारी, मञ्जु काँचुली र भूपाल राईले आफ्ना कविता प्रस्तुत गर्नुभएको थियो। प्रस्तुत कृति ती शृङ्खलामा वाचन गरिएका प्रतिनिधि कविताहरूको सङ्ग्रह हो।

..........................
'Kavyarohan' is a curated collection of poems featured in the first series of the poetry recitation event titled ""Kavyarohan: Aarohan Poetry Journey..."" organized by Aarohan Biratnagar. The anthology includes five selected poems each from twelve esteemed poets who participated in that inaugural series.

Launched on Mangsir 7, 2076 B.S. (November 23, 2019), the program was initially planned as a monthly series. However, due to disruptions caused by the COVID-19 pandemic, the sessions couldn't proceed as scheduled. Despite the setbacks, the first series—consisting of twelve sessions—was successfully concluded on Asar 4, 2079 B.S. (June 18, 2022).

The featured poets in this series include Bairagi Kainla, Tulasi Diwasa, Bam Dewan, Momila, Manprasad Subba, Tirtha Shrestha, Kunta Sharma, Suman Pokhrel, Shrawan Mukarung, Badri Bikhari, Manju Kanchuli, and Bhupal Rai.

This anthology presents a selection of representative poems recited by them during the series, reflecting a significant journey through the evolving landscape of contemporary Nepali poetry.",2025,0.0,211,0
9788174014061.0,Sunaẏanāmānaṅka pāim̐,Bijaẏa Malla,Nepali Literature,"A Nepali literary work titled 'Sunaẏanāmānaṅka pāim̐' by Bijaẏa Malla, featuring the stories, culture and voice of Nepal.",2001,0.0,107,0
,Nepal,Deepak Shimkhada,Nepali Literature,"A Nepali literary work titled 'Nepal' by Deepak Shimkhada, featuring the stories, culture and voice of Nepal.",2011,0.0,128,0
9798985883053.0,Boy from the Planet Zobur,Deepak Shimkhada,Nepali Literature,"A Nepali literary work titled 'Boy from the Planet Zobur' by Deepak Shimkhada, featuring the stories, culture and voice of Nepal.",2022,0.0,0,0
9798985883015.0,Mountains of Nepal to California,Deepak Shimkhada,Nepali Literature,"A Nepali literary work titled 'Mountains of Nepal to California' by Deepak Shimkhada, featuring the stories, culture and voice of Nepal.",2022,0.0,0,0
9781484127612.0,How Arjun and His Dad Outfox the Wolves,Deepak Shimkhada,Nepali Literature,"A Nepali literary work titled 'How Arjun and His Dad Outfox the Wolves' by Deepak Shimkhada, featuring the stories, culture and voice of Nepal.",2013,0.0,24,0
9781847183903.0,The constant and changing faces of the goddess,Deepak Shimkhada,Nepali Literature,"A Nepali literary work titled 'The constant and changing faces of the goddess' by Deepak Shimkhada, featuring the stories, culture and voice of Nepal.",2007,0.0,294,0
9798985883091.0,Mandala Book Point,Deepak Shimkhada,Nepali Literature,"A Nepali literary work titled 'Mandala Book Point' by Deepak Shimkhada, featuring the stories, culture and voice of Nepal.",2022,0.0,0,0
9798985883022.0,Nepal,Deepak Shimkhada,Nepali Literature,"A Nepali literary work titled 'Nepal' by Deepak Shimkhada, featuring the stories, culture and voice of Nepal.",2022,0.0,0,0
9781490966670.0,Thunder Rumbles in Preeti's House,Dr. Deepak Shimkhada,Nepali Literature,"A Nepali literary work titled 'Thunder Rumbles in Preeti's House' by Dr. Deepak Shimkhada, featuring the stories, culture and voice of Nepal.",2013,0.0,48,0
9781493692859.0,How Ganesha Outwitted His Brother to Circle the Universe,Deepak Shimkhada; Dusan Bozic,Nepali Literature,"A Nepali literary work titled 'How Ganesha Outwitted His Brother to Circle the Universe' by Deepak Shimkhada, featuring the stories, culture and voice of Nepal.",2013,0.0,24,0
9781499235234.0,Arjun Confronts Bulies at School,Deepak Shimkhada; Anna Izaszek,Nepali Literature,"A Nepali literary work titled 'Arjun Confronts Bulies at School' by Deepak Shimkhada, featuring the stories, culture and voice of Nepal.",2014,0.0,44,0
9781669885177.0,Trans Philosophism,Desh Subba,Nepali Literature,"A Nepali literary work titled 'Trans Philosophism' by Desh Subba, featuring the stories, culture and voice of Nepal.",2021,0.0,502,0
9798369492796.0,Fearmorphosis,Desh Subba,Nepali Literature,"A Nepali literary work titled 'Fearmorphosis' by Desh Subba, featuring the stories, culture and voice of Nepal.",2023,0.0,0,0
,Lithu,Dharma Ratna Yami,Nepali Literature,"A Nepali literary work titled 'Lithu' by Dharma Ratna Yami, featuring the stories, culture and voice of Nepal.",1958,0.0,55,0
,THE LOTUS AND THE FLAME,Dhooswan Sayami,Nepali Literature,"A Nepali literary work titled 'THE LOTUS AND THE FLAME' by Dhooswan Sayami, featuring the stories, culture and voice of Nepal.",1980,0.0,0,0
,THE LOTUS AND THE FLAME,Dhooswan Sayami.,Nepali Literature,"A Nepali literary work titled 'THE LOTUS AND THE FLAME' by Dhooswan Sayami., featuring the stories, culture and voice of Nepal.",2000,0.0,0,0
9781138424098.0,Uncertainty Analysis in Rainfall-Runoff Modelling - Application of Machine Learning Techniques,Durga Lal Shrestha,Nepali Literature,"A Nepali literary work titled 'Uncertainty Analysis in Rainfall-Runoff Modelling - Application of Machine Learning Techniques' by Durga Lal Shrestha, featuring the stories, culture and voice of Nepal.",2012,0.0,0,0
9780415565981.0,Uncertainty Analysis in Rainfall-Runoff Modelling,Durga Lal Shrestha,Nepali Literature,"A Nepali literary work titled 'Uncertainty Analysis in Rainfall-Runoff Modelling' by Durga Lal Shrestha, featuring the stories, culture and voice of Nepal.",2009,0.0,224,0
9789937013284.0,Dristi Bicharan Samalochana,Geeta Tripathee,Nepali Literature,"A Nepali literary work titled 'Dristi Bicharan Samalochana' by Geeta Tripathee, featuring the stories, culture and voice of Nepal.",2009,0.0,100,0
9789937205979.0,Nrishamsa Parkhalharu,Geeta Tripathee,Nepali Literature,"A Nepali literary work titled 'Nrishamsa Parkhalharu' by Geeta Tripathee, featuring the stories, culture and voice of Nepal.",2008,0.0,0,0
,Simalko Geet,Geeta Tripathee,Nepali Literature,"A Nepali literary work titled 'Simalko Geet' by Geeta Tripathee, featuring the stories, culture and voice of Nepal.",2015,0.0,88,0
9789937205971.0,Ma Eklo ra Udas Ustai,Geeta Tripathee,Nepali Literature,"A Nepali literary work titled 'Ma Eklo ra Udas Ustai' by Geeta Tripathee, featuring the stories, culture and voice of Nepal.",2013,0.0,120,0
9789994633685.0,Thunga  Banphoolka,Geeta Tripathee,Nepali Literature,"A Nepali literary work titled 'Thunga  Banphoolka' by Geeta Tripathee, featuring the stories, culture and voice of Nepal.",2005,0.0,118,0
9789937053921.0,Paryanaran ra Narikendri Samalochana,Geeta Tripathee,Nepali Literature,"A Nepali literary work titled 'Paryanaran ra Narikendri Samalochana' by Geeta Tripathee, featuring the stories, culture and voice of Nepal.",2019,0.0,180,0
9789937689151.0,Nepali Niyatra Siddhanta ra Prayog,Geeta Tripathee,Nepali Literature,"A Nepali literary work titled 'Nepali Niyatra Siddhanta ra Prayog' by Geeta Tripathee, featuring the stories, culture and voice of Nepal.",2017,0.0,135,0
9789993308836.0,Kriti Bishleshan,Geeta Tripathee,Nepali Literature,"A Nepali literary work titled 'Kriti Bishleshan' by Geeta Tripathee, featuring the stories, culture and voice of Nepal.",2011,0.0,167,0
9789994628957.0,Dui Haraph Aothharu,Geeta Tripathee,Nepali Literature,"A Nepali literary work titled 'Dui Haraph Aothharu' by Geeta Tripathee, featuring the stories, culture and voice of Nepal.",2007,0.0,72,0
9789937324243.0,Itthamvidha Chitra,Suman Pokhrel; Geeta Tripathee; Govinda Raj Binodi; Gopī Sāpakoṭā; Sudesh Satyal,Nepali Literature,"A Nepali literary work titled 'Itthamvidha Chitra' by Suman Pokhrel, featuring the stories, culture and voice of Nepal.",2023,0.0,240,0
,Girīśavallabha Jośīko Vīra caritra,Girish Ballabh Joshi,Nepali Literature,"A Nepali literary work titled 'Girīśavallabha Jośīko Vīra caritra' by Girish Ballabh Joshi, featuring the stories, culture and voice of Nepal.",1965,0.0,511,0
9780979625114.0,Critical Discourses on Gopal Parajuli,Gopal Parajuli,Nepali Literature,"A Nepali literary work titled 'Critical Discourses on Gopal Parajuli' by Gopal Parajuli, featuring the stories, culture and voice of Nepal.",2007,0.0,128,0
9781087243313.0,Proposal for a New World,Sandy Chilcote; Mahesh Paudyal; Gopal Parajuli,Nepali Literature,"A Nepali literary work titled 'Proposal for a New World' by Sandy Chilcote, featuring the stories, culture and voice of Nepal.",2019,0.0,0,0
9788173031212.0,The Window of House Opposite,Govinda Bahadur Malla,Nepali Literature,"A Nepali literary work titled 'The Window of House Opposite' by Govinda Bahadur Malla, featuring the stories, culture and voice of Nepal.",1998,0.0,121,0
9789937665186.0,Hari Bahadur,Hari Bansha Acharya,Nepali Literature,"A Nepali literary work titled 'Hari Bahadur' by Hari Bansha Acharya, featuring the stories, culture and voice of Nepal.",2017,4.0,261,1
,Asian and Pacific Development Centre,Harka Gurung,Nepali Literature,"A Nepali literary work titled 'Asian and Pacific Development Centre' by Harka Gurung, featuring the stories, culture and voice of Nepal.",1996,0.0,22,0
9789748299716.0,Maps of Nepal (White Orchid Books),Harka Gurung,Nepali Literature,"A Nepali literary work titled 'Maps of Nepal (White Orchid Books)' by Harka Gurung, featuring the stories, culture and voice of Nepal.",1999,0.0,108,0
,Nature and culture,Harka Gurung,Nepali Literature,"A Nepali literary work titled 'Nature and culture' by Harka Gurung, featuring the stories, culture and voice of Nepal.",1989,0.0,166,0
,Medical bibliography of Nepal,Hemang Dixit,Nepali Literature,"A Nepali literary work titled 'Medical bibliography of Nepal' by Hemang Dixit, featuring the stories, culture and voice of Nepal.",1978,0.0,84,0
,The quest for health,Hemang Dixit,Nepali Literature,"A Nepali literary work titled 'The quest for health' by Hemang Dixit, featuring the stories, culture and voice of Nepal.",1995,0.0,266,0
9789937503006.0,My 2 innings,Hemang Dixit,Nepali Literature,Autobiography of a Nepalese pediatrician.,2007,0.0,169,0
,Annotated health science bibliography of Nepal (1978-1987),Hemang Dixit,Nepali Literature,"A Nepali literary work titled 'Annotated health science bibliography of Nepal (1978-1987)' by Hemang Dixit, featuring the stories, culture and voice of Nepal.",1990,0.0,740,0
,Annotated health science bibliography of Nepal,Hemang Dixit,Nepali Literature,"A Nepali literary work titled 'Annotated health science bibliography of Nepal' by Hemang Dixit, featuring the stories, culture and voice of Nepal.",1993,0.0,0,0
9789993350446.0,Fifty years of NMA,Hemang Dixit,Nepali Literature,"A Nepali literary work titled 'Fifty years of NMA' by Hemang Dixit, featuring the stories, culture and voice of Nepal.",2001,0.0,141,0
,Annotated health science bibliography of Nepal,Hemang Dixit,Nepali Literature,"A Nepali literary work titled 'Annotated health science bibliography of Nepal' by Hemang Dixit, featuring the stories, culture and voice of Nepal.",1900,0.0,0,0
9789937257015.0,Teen kitap,Hemang Dixit,Nepali Literature,"Study of Susubodhini and Gorkhavyakaranabodha, books on Nepali language and grammar.",2012,0.0,125,0
,Coordinating the solutions to the population problem,Jagadish Ghimire,Nepali Literature,"A Nepali literary work titled 'Coordinating the solutions to the population problem' by Jagadish Ghimire, featuring the stories, culture and voice of Nepal.",1982,0.0,17,0
9789937822701.0,Dekheko muluka,Kanak Mani Dixit,Nepali Literature,"Articles, chiefly on the current politics of Nepal.",2009,0.0,220,0
,Dhumadhāmako ghumaghāma,Kanak Mani Dixit,Nepali Literature,"A Nepali literary work titled 'Dhumadhāmako ghumaghāma' by Kanak Mani Dixit, featuring the stories, culture and voice of Nepal.",1997,0.0,0,0
,"The Leech & I, and other stories",Kanak Mani Dixit,Nepali Literature,"A Nepali literary work titled 'The Leech & I, and other stories' by Kanak Mani Dixit, featuring the stories, culture and voice of Nepal.",1998,0.0,83,0
9789993381624.0,The treaty of Kathmandu,Kanak Mani Dixit,Nepali Literature,For children.,2004,0.0,56,0
9789937822701.0,Dekheko muluka,Kanak Mani Dixit,Nepali Literature,"A Nepali literary work titled 'Dekheko muluka' by Kanak Mani Dixit, featuring the stories, culture and voice of Nepal.",2009,0.0,220,0
,Himal Vol-26,Kanak Mani Dixit ,Nepali Literature,"A Nepali literary work titled 'Himal Vol-26' by Kanak Mani Dixit, featuring the stories, culture and voice of Nepal.",2013,0.0,258,0
9789937842129.0,Peace politics of Nepal,Kanak Mani Dixit,Nepali Literature,"A Nepali literary work titled 'Peace politics of Nepal' by Kanak Mani Dixit, featuring the stories, culture and voice of Nepal.",2011,0.0,300,0
9789993313229.0,State of Nepal,Kanak Mani Dixit,Nepali Literature,Contributed articles on various topics of Nepal.,2002,0.0,312,0
,Mahāśaktiharūko pūjā,Kedar Gurung,Nepali Literature,"A Nepali literary work titled 'Mahāśaktiharūko pūjā' by Kedar Gurung, featuring the stories, culture and voice of Nepal.",1979,0.0,76,0
,Taraṅgamāthi lahara lāgera āeko arko prahara,Kedar Gurung,Nepali Literature,"A Nepali literary work titled 'Taraṅgamāthi lahara lāgera āeko arko prahara' by Kedar Gurung, featuring the stories, culture and voice of Nepal.",1972,0.0,58,0
,Āja pheri euṭā samjhanā ra nayām̐ dinaharū,Kedar Gurung,Nepali Literature,"A Nepali literary work titled 'Āja pheri euṭā samjhanā ra nayām̐ dinaharū' by Kedar Gurung, featuring the stories, culture and voice of Nepal.",1970,0.0,66,0
,Folk tales from the Himalayan kingdom of Nepal,Kesar Lall,Nepali Literature,"Folktales, retold.",1993,0.0,52,0
,Lore and legend of Nepal,Kesar Lall,Nepali Literature,"A Nepali literary work titled 'Lore and legend of Nepal' by Kesar Lall, featuring the stories, culture and voice of Nepal.",1966,0.0,60,0
9789993301875.0,Newar merchants in Lhasa,Kesar Lall,Nepali Literature,"A Nepali literary work titled 'Newar merchants in Lhasa' by Kesar Lall, featuring the stories, culture and voice of Nepal.",2001,0.0,126,0
,Folk tales from the Kingdom of Nepal,Kesar Lall,Nepali Literature,"Folk tales, retold.",1991,0.0,73,0
9789993300199.0,Nepalese customs and manners,Kesar Lall,Nepali Literature,"A Nepali literary work titled 'Nepalese customs and manners' by Kesar Lall, featuring the stories, culture and voice of Nepal.",1976,0.0,70,0
9789993302018.0,The seven sisters and other Nepalese tales,Kesar Lall,Nepali Literature,"A Nepali literary work titled 'The seven sisters and other Nepalese tales' by Kesar Lall, featuring the stories, culture and voice of Nepal.",1967,0.0,74,0
9789994672066.0,Reflections,Kesar Lall,Nepali Literature,"A Nepali literary work titled 'Reflections' by Kesar Lall, featuring the stories, culture and voice of Nepal.",2006,0.0,100,0
,Nepalese book of proverbs,Kesar Lall,Nepali Literature,"A Nepali literary work titled 'Nepalese book of proverbs' by Kesar Lall, featuring the stories, culture and voice of Nepal.",1985,0.0,112,0
,Nepal,Kesar Lall,Nepali Literature,"A Nepali literary work titled 'Nepal' by Kesar Lall, featuring the stories, culture and voice of Nepal.",1992,0.0,135,0
,A brief biography of Ven. Bhikkhu Amritananda,Kesar Lall,Nepali Literature,"Biography of Bhikshu Amr̥tānanda, b. 1918, Buddhist monk from Nepal.",1986,0.0,42,0
9789937506083.0,The god of compassion,Kesar Lall,Nepali Literature,Inspired by the life of Gautama Buddha.,2008,0.0,49,0
9788185693118.0,Gods and Mountain,Kesar Lall,Nepali Literature,"A Nepali literary work titled 'Gods and Mountain' by Kesar Lall, featuring the stories, culture and voice of Nepal.",1996,0.0,176,0
,Gods and mountains,Kesar Lall,Nepali Literature,"A Nepali literary work titled 'Gods and mountains' by Kesar Lall, featuring the stories, culture and voice of Nepal.",1991,0.0,176,0
9789994628162.0,Legends of Kathmandu valley,Kesar Lall,Nepali Literature,"A Nepali literary work titled 'Legends of Kathmandu valley' by Kesar Lall, featuring the stories, culture and voice of Nepal.",2007,0.0,201,0
,Lore and legend of the yeti,Kesar Lall,Nepali Literature,"A Nepali literary work titled 'Lore and legend of the yeti' by Kesar Lall, featuring the stories, culture and voice of Nepal.",1988,0.0,89,0
,The origin of alcohol and other stories,Kesar Lall,Nepali Literature,Folk tales retold.,1993,0.0,48,0
,The seven sisters and other Nepalese tales,Kesar Lall,Nepali Literature,"A Nepali literary work titled 'The seven sisters and other Nepalese tales' by Kesar Lall, featuring the stories, culture and voice of Nepal.",1967,0.0,56,0
,Nepalese fairy tales,Kesar Lall,Nepali Literature,"A Nepali literary work titled 'Nepalese fairy tales' by Kesar Lall, featuring the stories, culture and voice of Nepal.",1978,0.0,60,0
,"Nepalese language, folklore, and practices for foreigners",Kesar Lall,Nepali Literature,"A Nepali literary work titled 'Nepalese language, folklore, and practices for foreigners' by Kesar Lall, featuring the stories, culture and voice of Nepal.",1987,0.0,191,0
,Nepalese fairy tales,Kesar Lall,Nepali Literature,"A Nepali literary work titled 'Nepalese fairy tales' by Kesar Lall, featuring the stories, culture and voice of Nepal.",1978,0.0,60,0
,Folk tales from the Himalayan kingdom of Nepal,Kesar Lall,Nepali Literature,"Folktales, retold.",1993,0.0,50,0
9789993304098.0,Folk Tales from Nepal The Stolen Image and Other Stories,Kesar Lall,Nepali Literature,"A Nepali literary work titled 'Folk Tales from Nepal The Stolen Image and Other Stories' by Kesar Lall, featuring the stories, culture and voice of Nepal.",2014,0.0,0,0
,Nepalese customs and manners,Kesar Lall,Nepali Literature,"A Nepali literary work titled 'Nepalese customs and manners' by Kesar Lall, featuring the stories, culture and voice of Nepal.",1979,0.0,70,0
,"Contes et légendes de la vallée de Kathmandou, Nepal",Kesar Lall,Nepali Literature,"A Nepali literary work titled 'Contes et légendes de la vallée de Kathmandou, Nepal' by Kesar Lall, featuring the stories, culture and voice of Nepal.",1998,0.0,149,0
,Anecdotes and stories of the Gurkha soldier,Kesar Lall,Nepali Literature,"A Nepali literary work titled 'Anecdotes and stories of the Gurkha soldier' by Kesar Lall, featuring the stories, culture and voice of Nepal.",1995,0.0,70,0
,Proverbs and sayings from Nepal,Kesar Lall,Nepali Literature,"A Nepali literary work titled 'Proverbs and sayings from Nepal' by Kesar Lall, featuring the stories, culture and voice of Nepal.",1994,0.0,82,0
9789937506625.0,A Cry in the Wilderness and Other Short Stories,Kesar Lall,Nepali Literature,"A Nepali literary work titled 'A Cry in the Wilderness and Other Short Stories' by Kesar Lall, featuring the stories, culture and voice of Nepal.",2011,0.0,99,0
,A Nepalese miscellany,Kesar Lall,Nepali Literature,"A Nepali literary work titled 'A Nepalese miscellany' by Kesar Lall, featuring the stories, culture and voice of Nepal.",1993,0.0,96,0
9789993306597.0,Folk Tales From Nepal,Kesar Lall; Simal,Nepali Literature,"A Nepali literary work titled 'Folk Tales From Nepal' by Kesar Lall, featuring the stories, culture and voice of Nepal.",2014,0.0,68,0
,Forbidden fruit and other short stories,Kesar Lall; Tej R. Kansakar,Nepali Literature,"A Nepali literary work titled 'Forbidden fruit and other short stories' by Kesar Lall, featuring the stories, culture and voice of Nepal.",1994,0.0,58,0
9789993307068.0,Folk Tales from Nepal- Myth's & Legends,Kesar Lall; Samrachana Design Studio,Nepali Literature,"A Nepali literary work titled 'Folk Tales from Nepal- Myth's & Legends' by Kesar Lall, featuring the stories, culture and voice of Nepal.",2008,0.0,106,0
,"Forbidden fruit, stories",Kesar Lall; Tej R. Kansakar,Nepali Literature,"A Nepali literary work titled 'Forbidden fruit, stories' by Kesar Lall, featuring the stories, culture and voice of Nepal.",2011,0.0,79,0
,An Anthology of short stories of Nepal,Kesar Lall; Tej R. Kansakar,Nepali Literature,"A Nepali literary work titled 'An Anthology of short stories of Nepal' by Kesar Lall, featuring the stories, culture and voice of Nepal.",1992,0.0,111,0
,Kavi Vyathita smr̥tigrantha,Krishna Chandra Singh Pradhan,Nepali Literature,"Festschrift for Kedāramāna Vyathita, b. 1914, Nepali poet; comprises contributed articles on his life and works.",2003,0.0,608,0
9789993305583.0,Samaya sunāmī,Krishna Chandra Singh Pradhan,Nepali Literature,"A Nepali literary work titled 'Samaya sunāmī' by Krishna Chandra Singh Pradhan, featuring the stories, culture and voice of Nepal.",2006,0.0,110,0
9789993305507.0,Jindagīkā ṭipoṭaharu,Krishna Chandra Singh Pradhan,Nepali Literature,Autobiographical reminiscences of a Nepali author.,2006,0.0,101,0
,Bhañjyāṅanirai,Krishna Chandra Singh Pradhan,Nepali Literature,"A Nepali literary work titled 'Bhañjyāṅanirai' by Krishna Chandra Singh Pradhan, featuring the stories, culture and voice of Nepal.",1951,0.0,96,0
,Napharkane tī dinaharu,Krishna Chandra Singh Pradhan,Nepali Literature,Autobiography of a Nepali author.,2003,0.0,187,0
,Nepālī upanyāsa ra upanyāsakāra,Krishna Chandra Singh Pradhan,Nepali Literature,"A Nepali literary work titled 'Nepālī upanyāsa ra upanyāsakāra' by Krishna Chandra Singh Pradhan, featuring the stories, culture and voice of Nepal.",1980,0.0,375,0
,Vāgmatīko haraka,Krishna Chandra Singh Pradhan,Nepali Literature,"A Nepali literary work titled 'Vāgmatīko haraka' by Krishna Chandra Singh Pradhan, featuring the stories, culture and voice of Nepal.",2000,0.0,89,0
,Anāma satya,Krishna Chandra Singh Pradhan,Nepali Literature,"A Nepali literary work titled 'Anāma satya' by Krishna Chandra Singh Pradhan, featuring the stories, culture and voice of Nepal.",1986,0.0,92,0
,Jhigu sāhityay bākhaṃ,Krishna Chandra Singh Pradhan,Nepali Literature,"A Nepali literary work titled 'Jhigu sāhityay bākhaṃ' by Krishna Chandra Singh Pradhan, featuring the stories, culture and voice of Nepal.",1977,0.0,44,0
9789993322641.0,Kr̥ti-avalokana,Krishna Chandra Singh Pradhan,Nepali Literature,Articles on modern Nepali literature.,2002,0.0,160,0
,Palāḥciṃ linā,Krishna Chandra Singh Pradhan,Nepali Literature,On literary criticism of Newari literature.,1998,0.0,165,0
,Pāilā,Krishna Chandra Singh Pradhan,Nepali Literature,"A Nepali literary work titled 'Pāilā' by Krishna Chandra Singh Pradhan, featuring the stories, culture and voice of Nepal.",1990,0.0,93,0
9789993306443.0,Ārambhaaghikā śabdaharu,Krishna Chandra Singh Pradhan,Nepali Literature,"Collection of forewords by Krishna Chandra Singh Pradhan, Nepali critic.",2007,0.0,315,0
,Sirjanāko serophero,Krishna Chandra Singh Pradhan,Nepali Literature,Articles on Nepali literature.,1983,0.0,214,0
,Sālika,Krishna Chandra Singh Pradhan,Nepali Literature,"A Nepali literary work titled 'Sālika' by Krishna Chandra Singh Pradhan, featuring the stories, culture and voice of Nepal.",1969,0.0,60,0
,A representative collection of Nepal bhasha poems,Krishna Chandra Singh Pradhan; Tirtha Raj Tuladhar; Wayne Amtzis,Nepali Literature,"A Nepali literary work titled 'A representative collection of Nepal bhasha poems' by Krishna Chandra Singh Pradhan, featuring the stories, culture and voice of Nepal.",1997,0.0,129,0
,Mutuka Jhilka,Kul Bahadur KC,Nepali Literature,A collection of poems,1983,5.0,58,1
,Aalok,Kul Bahadur KC,Nepali Literature,A long narrative poem,2011,5.0,40,1
,Samaya ka Saugatharu,Kul Bahadur KC,Nepali Literature,A collection of stray poems  ( Muktak ),2011,5.0,75,1
,Bijay Unmukh Akshyarharu,Kul Bahadur KC,Nepali Literature,A collection of poems,2008,5.0,86,1
,Inventory of stone sculptures of the Kathmandu Valley,Lain Singh Bangdel,Nepali Literature,"A Nepali literary work titled 'Inventory of stone sculptures of the Kathmandu Valley' by Lain Singh Bangdel, featuring the stories, culture and voice of Nepal.",1995,0.0,488,0
9789993301790.0,Maitaghar,Lain Singh Bangdel,Nepali Literature,"A Nepali literary work titled 'Maitaghar' by Lain Singh Bangdel, featuring the stories, culture and voice of Nepal.",2018,0.0,0,0
9789993342342.0,Jaya Varmāko mūrti ra Nepālako Varmā vaṃśa,Lain Singh Bangdel,Nepali Literature,"Study on the sculptures of Jaya Varmā, King of Nepal, 2nd cent.",2005,0.0,150,0
,Stolen images of Nepal,Lain Singh Bangdel,Nepali Literature,"A Nepali literary work titled 'Stolen images of Nepal' by Lain Singh Bangdel, featuring the stories, culture and voice of Nepal.",1989,0.0,328,0
,Māita ghara,Lain Singh Bangdel,Nepali Literature,"A Nepali literary work titled 'Māita ghara' by Lain Singh Bangdel, featuring the stories, culture and voice of Nepal.",1965,0.0,102,0
,Muluka bāhira,Lain Singh Bangdel,Nepali Literature,"A Nepali literary work titled 'Muluka bāhira' by Lain Singh Bangdel, featuring the stories, culture and voice of Nepal.",1964,0.0,250,0
,Prācina Nepālī citrakalā,Lain Singh Bangdel,Nepali Literature,"A Nepali literary work titled 'Prācina Nepālī citrakalā' by Lain Singh Bangdel, featuring the stories, culture and voice of Nepal.",1978,0.0,73,0
,Prācīna Nepālī mūrtikalāko itihāsa,Lain Singh Bangdel,Nepali Literature,(History of ancient Nepalese iconography),1982,0.0,158,0
,Rembrāṇṭa,Lain Singh Bangdel,Nepali Literature,"A Nepali literary work titled 'Rembrāṇṭa' by Lain Singh Bangdel, featuring the stories, culture and voice of Nepal.",1966,0.0,144,0
9789993300069.0,Romako euṭā phūla ra Pyārisako euṭā kān̐ḍā,Lain Singh Bangdel,Nepali Literature,Travel impressions of Rome and Paris by a Nepali author.,2000,0.0,128,0
,Spenako samjhanā,Lain Singh Bangdel,Nepali Literature,"A Nepali literary work titled 'Spenako samjhanā' by Lain Singh Bangdel, featuring the stories, culture and voice of Nepal.",1963,0.0,133,0
,Viśvakā cha mahān kalākāra,Lain Singh Bangdel,Nepali Literature,"A Nepali literary work titled 'Viśvakā cha mahān kalākāra' by Lain Singh Bangdel, featuring the stories, culture and voice of Nepal.",1965,0.0,157,0
,Yūropako ciṭhī,Lain Singh Bangdel,Nepali Literature,"A Nepali literary work titled 'Yūropako ciṭhī' by Lain Singh Bangdel, featuring the stories, culture and voice of Nepal.",1969,0.0,103,0
,लङ्गडाको साथी,Lain Singh Bangdel,Nepali Literature,"A Nepali literary work titled 'लङ्गडाको साथी' by Lain Singh Bangdel, featuring the stories, culture and voice of Nepal.",1951,0.0,79,0
9789993308461.0,Langada ko Sathi,Lain Singh Bangdel,Nepali Literature,"A Nepali literary work titled 'Langada ko Sathi' by Lain Singh Bangdel, featuring the stories, culture and voice of Nepal.",2018,0.0,0,0
9789993308324.0,Muluka bāhira ma,Lain Singh Bangdel,Nepali Literature,"Ten year travel diary to Europe of a Nepali scholar and art historian, 1952-1961.",2010,0.0,497,0
9789993308324.0,Muluka bāhira ma,Lain Singh Bangdel,Nepali Literature,"A Nepali literary work titled 'Muluka bāhira ma' by Lain Singh Bangdel, featuring the stories, culture and voice of Nepal.",2010,0.0,497,0
,The early sculptures of Nepal,Lain Singh Bangdel,Nepali Literature,"A Nepali literary work titled 'The early sculptures of Nepal' by Lain Singh Bangdel, featuring the stories, culture and voice of Nepal.",1982,0.0,260,0
9780706914368.0,Early sculptures of Nepal,Lain Singh Bangdel,Nepali Literature,"A Nepali literary work titled 'Early sculptures of Nepal' by Lain Singh Bangdel, featuring the stories, culture and voice of Nepal.",1982,0.0,260,0
9783471771617.0,"Nepal, zweitausendfünfhundert Jahre nepalesische Kunst",Lain Singh Bangdel,Nepali Literature,"A Nepali literary work titled 'Nepal, zweitausendfünfhundert Jahre nepalesische Kunst' by Lain Singh Bangdel, featuring the stories, culture and voice of Nepal.",1987,0.0,358,0
,Birds of Nepal,"Robert L. Fleming, Sr., Robert L. Fleming, Jr., Lain Singh Bangdel",Nepali Literature,"A Nepali literary work titled 'Birds of Nepal' by Robert L. Fleming, Sr., Robert L. Fleming, Jr., Lain Singh Bangdel, featuring the stories, culture and voice of Nepal.",1976,0.0,360,0
,Rāshṭriya mūrtikalā,Madan Mohan Mishra,Nepali Literature,"A Nepali literary work titled 'Rāshṭriya mūrtikalā' by Madan Mohan Mishra, featuring the stories, culture and voice of Nepal.",1966,0.0,111,0
,Kalā ra saṃskrti,Madan Mohan Mishra,Nepali Literature,"A Nepali literary work titled 'Kalā ra saṃskrti' by Madan Mohan Mishra, featuring the stories, culture and voice of Nepal.",1973,0.0,43,0
,"Rāmarājya, khaṇḍa kāvya",Madan Mohan Mishra,Nepali Literature,"A Nepali literary work titled 'Rāmarājya, khaṇḍa kāvya' by Madan Mohan Mishra, featuring the stories, culture and voice of Nepal.",1963,0.0,65,0
,Nepāla saṃskr̥tiyā chagū jhalaka,Madan Mohan Mishra,Nepali Literature,"A Nepali literary work titled 'Nepāla saṃskr̥tiyā chagū jhalaka' by Madan Mohan Mishra, featuring the stories, culture and voice of Nepal.",1963,0.0,37,0
,Nugaḥ kham̐,Madan Mohan Mishra,Nepali Literature,"A Nepali literary work titled 'Nugaḥ kham̐' by Madan Mohan Mishra, featuring the stories, culture and voice of Nepal.",1960,0.0,29,0
,Rāshṭrīya mūrtikalā,Madan Mohan Mishra,Nepali Literature,"A Nepali literary work titled 'Rāshṭrīya mūrtikalā' by Madan Mohan Mishra, featuring the stories, culture and voice of Nepal.",1968,0.0,106,0
,Sītā haraṇa,Madan Mohan Mishra,Nepali Literature,"A Nepali literary work titled 'Sītā haraṇa' by Madan Mohan Mishra, featuring the stories, culture and voice of Nepal.",1960,0.0,125,0
9781645601838.0,Arch of Fire,Madan Mohan Mishra; Tapan Kumar Panda,Nepali Literature,"A Nepali literary work titled 'Arch of Fire' by Madan Mohan Mishra, featuring the stories, culture and voice of Nepal.",2021,0.0,0,0
,Taraṅga,Madhav Prasad Devkota,Nepali Literature,"A Nepali literary work titled 'Taraṅga' by Madhav Prasad Devkota, featuring the stories, culture and voice of Nepal.",1978,0.0,104,0
,Phūlabārī,Madhav Prasad Devkota,Nepali Literature,"A Nepali literary work titled 'Phūlabārī' by Madhav Prasad Devkota, featuring the stories, culture and voice of Nepal.",1963,0.0,252,0
,Ruru-gaurava,Madhav Prasad Devkota,Nepali Literature,"A Nepali literary work titled 'Ruru-gaurava' by Madhav Prasad Devkota, featuring the stories, culture and voice of Nepal.",1973,0.0,85,0
,Khaśa ra Khaśa bhāshā,Mahananda Sapkota,Nepali Literature,"A Nepali literary work titled 'Khaśa ra Khaśa bhāshā' by Mahananda Sapkota, featuring the stories, culture and voice of Nepal.",1963,0.0,40,0
,Nepālī śabda paricaya,Mahananda Sapkota,Nepali Literature,"A Nepali literary work titled 'Nepālī śabda paricaya' by Mahananda Sapkota, featuring the stories, culture and voice of Nepal.",1977,0.0,488,0
,Nepālī-bhāshā,Mahananda Sapkota,Nepali Literature,"A Nepali literary work titled 'Nepālī-bhāshā' by Mahananda Sapkota, featuring the stories, culture and voice of Nepal.",1964,0.0,180,0
,Nepālī nirvacanako rūparekhā,Mahananda Sapkota,Nepali Literature,"A Nepali literary work titled 'Nepālī nirvacanako rūparekhā' by Mahananda Sapkota, featuring the stories, culture and voice of Nepal.",1972,0.0,143,0
,Nepālī vyākaraṇamā prastāvanā,Mahananda Sapkota,Nepali Literature,"A Nepali literary work titled 'Nepālī vyākaraṇamā prastāvanā' by Mahananda Sapkota, featuring the stories, culture and voice of Nepal.",1977,0.0,40,0
,Hāmro kriyānvayī vyañjanā,Mahananda Sapkota,Nepali Literature,"A Nepali literary work titled 'Hāmro kriyānvayī vyañjanā' by Mahananda Sapkota, featuring the stories, culture and voice of Nepal.",1969,0.0,62,0
9789993323099.0,Pāradarśī mānche,Manu Brājākī,Nepali Literature,"A Nepali literary work titled 'Pāradarśī mānche' by Manu Brājākī, featuring the stories, culture and voice of Nepal.",2000,0.0,158,0
9789937875950.0,Annapurṇāko khoja,Manu Brājākī,Nepali Literature,Stories based on social themes.,2013,0.0,298,0
9789937322539.0,Manu Brājākīkā choṭa kaṭhāharu,Manu Brājākī,Nepali Literature,"A Nepali literary work titled 'Manu Brājākīkā choṭa kaṭhāharu' by Manu Brājākī, featuring the stories, culture and voice of Nepal.",2013,0.0,51,0
,Avamūlyana,Manu Brājākī,Nepali Literature,"A Nepali literary work titled 'Avamūlyana' by Manu Brājākī, featuring the stories, culture and voice of Nepal.",1981,0.0,104,0
,Bhavishya yātrā,Manu Brājākī,Nepali Literature,"A Nepali literary work titled 'Bhavishya yātrā' by Manu Brājākī, featuring the stories, culture and voice of Nepal.",1995,0.0,145,0
,Gajalagaṅgā,Manu Brājākī,Nepali Literature,"A Nepali literary work titled 'Gajalagaṅgā' by Manu Brājākī, featuring the stories, culture and voice of Nepal.",1994,0.0,108,0
,Ākāśako phala,Manu Brājākī,Nepali Literature,"A Nepali literary work titled 'Ākāśako phala' by Manu Brājākī, featuring the stories, culture and voice of Nepal.",1986,0.0,118,0
,Kān̐ḍākā phūlaharū,Manu Brājākī,Nepali Literature,"A Nepali literary work titled 'Kān̐ḍākā phūlaharū' by Manu Brājākī, featuring the stories, culture and voice of Nepal.",1999,0.0,108,0
,Timrī svāsnī ra ma,Manu Brājākī,Nepali Literature,"A Nepali literary work titled 'Timrī svāsnī ra ma' by Manu Brājākī, featuring the stories, culture and voice of Nepal.",1989,0.0,116,0
9789937875967.0,Janajīvanakā jīvanagāthā,Manu Brājākī,Nepali Literature,Selected stories of a Nepali author.,2016,0.0,330,0
,Bhavishya yātrā,Manu Brājākī,Nepali Literature,"A Nepali literary work titled 'Bhavishya yātrā' by Manu Brājākī, featuring the stories, culture and voice of Nepal.",1995,0.0,145,0
9789937708197.0,Yogmaya,Neelam Karki Niharika,Nepali Literature,"A Nepali literary work titled 'Yogmaya' by Neelam Karki Niharika, featuring the stories, culture and voice of Nepal.",2018,0.0,503,0
,Vishayāntara,Prema Shah,Nepali Literature,"A Nepali literary work titled 'Vishayāntara' by Prema Shah, featuring the stories, culture and voice of Nepal.",1971,0.0,73,0
,Paheṃio gulāpha,Prema Shah,Nepali Literature,"A Nepali literary work titled 'Paheṃio gulāpha' by Prema Shah, featuring the stories, culture and voice of Nepal.",1966,0.0,91,0
9789937909037.0,JUMLA,Radha Paudel,Nepali Literature,"Account of the Maoist war in Khalangā, Nepal; a nurse's diary.",2017,0.0,160,0
9789937892414.0,Khalangama Hamala,Radha Paudel,Nepali Literature,"A Nepali literary work titled 'Khalangama Hamala' by Radha Paudel, featuring the stories, culture and voice of Nepal.",2018,0.0,144,0
9788187392637.0,History of History Writing,Rajesh Gautam,Nepali Literature,"A Nepali literary work titled 'History of History Writing' by Rajesh Gautam, featuring the stories, culture and voice of Nepal.",2005,0.0,369,0
,Vīrāne ke phūla,Rajesh Gautam,Nepali Literature,"A Nepali literary work titled 'Vīrāne ke phūla' by Rajesh Gautam, featuring the stories, culture and voice of Nepal.",1973,0.0,184,0
9788173030246.0,Tribal Ethnography of Nepal,Rajesh Gautam; Ashok K. Thapa-Magar,Nepali Literature,"A Nepali literary work titled 'Tribal Ethnography of Nepal' by Rajesh Gautam, featuring the stories, culture and voice of Nepal.",1995,0.0,769,0
,Nepālī bhāshā vijñāna,Ram Raj Pant,Nepali Literature,"A Nepali literary work titled 'Nepālī bhāshā vijñāna' by Ram Raj Pant, featuring the stories, culture and voice of Nepal.",1979,0.0,117,0
,Nepālī lipi vijñāna,Ram Raj Pant,Nepali Literature,"A Nepali literary work titled 'Nepālī lipi vijñāna' by Ram Raj Pant, featuring the stories, culture and voice of Nepal.",1959,0.0,46,0
9789994664436.0,From goddess to mortal,Rashmila Shakya,Nepali Literature,"Autobiography of the author who was worshipped as virgin goddess from 1984-1991, in Nepal.",2005,0.0,152,0
,Prema,Rudra Raj Pande,Nepali Literature,"A Nepali literary work titled 'Prema' by Rudra Raj Pande, featuring the stories, culture and voice of Nepal.",1981,0.0,215,0
9789937790208.0,Arko Deshma,Sanu Sharma,Nepali Literature,"A Nepali literary work titled 'Arko Deshma' by Sanu Sharma, featuring the stories, culture and voice of Nepal.",2024,5.0,365,1
9789937230384.0,अर्थ,Sanu Sharma,Nepali Literature,"A Nepali literary work titled 'अर्थ' by Sanu Sharma, featuring the stories, culture and voice of Nepal.",2011,0.0,0,0
9789937708371.0,एकादेशमा,Sanu Sharma,Nepali Literature,"A Nepali literary work titled 'एकादेशमा' by Sanu Sharma, featuring the stories, culture and voice of Nepal.",2018,0.0,293,0
9789937734288.0,उत्सर्ग,Sanu Sharma,Nepali Literature,"A Nepali literary work titled 'उत्सर्ग' by Sanu Sharma, featuring the stories, culture and voice of Nepal.",2021,0.0,0,0
9789937775113.0,फरक,Sanu Sharma,Nepali Literature,"A Nepali literary work titled 'फरक' by Sanu Sharma, featuring the stories, culture and voice of Nepal.",2022,0.0,0,0
9789937333153.0,Tee Saat Din,Sanu Sharma,Nepali Literature,"A Nepali literary work titled 'Tee Saat Din' by Sanu Sharma, featuring the stories, culture and voice of Nepal.",2023,0.0,0,0
9789937889186.0,विप्लवी,Sanu Sharma,Nepali Literature,Novel based on social condition of women.,2017,0.0,205,0
9789937903745.0,Jeetko Paribhasha,Sanu Sharma,Nepali Literature,"A Nepali literary work titled 'Jeetko Paribhasha' by Sanu Sharma, featuring the stories, culture and voice of Nepal.",2010,0.0,148,0
,Ardhabiram,Sanu Sharma,Nepali Literature,"A Nepali literary work titled 'Ardhabiram' by Sanu Sharma, featuring the stories, culture and voice of Nepal.",2003,0.0,140,0
,सङ्कल्पिनी,Sanu Sharma,Nepali Literature,"A Nepali literary work titled 'सङ्कल्पिनी' by Sanu Sharma, featuring the stories, culture and voice of Nepal.",2026,0.0,280,0
9781986711364.0,Pagal Basti,Saru Bhakta,Nepali Literature,"A Nepali literary work titled 'Pagal Basti' by Saru Bhakta, featuring the stories, culture and voice of Nepal.",1991,0.0,312,0
,Kalakar Arniko THE WELL-KNOWN NEPALESE ARCHITECT,Satya Mohan Joshi,Nepali Literature,"Research work on Nepalese architect Arniko who went to China more than 700 years ago and served the court of Emperor Kublai Khan. No historical record in Nepal. Chinese records describe him as an accomplished architect, painter, sculptor and mechanical engineer. He had built many masterpieces in China including the White Dagoba in Beijing which took 8 years (1271-1279) to complete. It was designated as a historical treasure after People's Republic of China was established in 1949.
This book  is in Nepali language.139 pages for text. 80 pages for illustrations in Chinese and English languages as well as photographs.",1987,0.0,0,0
,Nepal ya Rastriye Bibhuti Kalakar Arniko ya Sweta Chaitya,Satya Mohan Joshi,Nepali Literature,"A Nepali literary work titled 'Nepal ya Rastriye Bibhuti Kalakar Arniko ya Sweta Chaitya' by Satya Mohan Joshi, featuring the stories, culture and voice of Nepal.",2000,0.0,148,0
,Jayaprākaśa,Satya Mohan Joshi,Nepali Literature,"Epic on Jayaprakash Malla the last Malla Dynasty king of  kingdom of Kathmandu. Then there were three tiny kingdoms in the Kathmandu Valley. The book is in Nepalbhasa language. (Nepalbhasa, once the official language of then Nepal, is termed Newari language by many in these days.)",1955,0.0,125,0
9781425154974.0,The Lasting Gift,Satya Mohan Joshi,Nepali Literature,"A Nepali literary work titled 'The Lasting Gift' by Satya Mohan Joshi, featuring the stories, culture and voice of Nepal.",2008,0.0,148,0
,LEGENDS OF LALITPUR AND RELATED TALES,Satya Mohan Joshi,Nepali Literature,"Lalitpur itself was one the three tiny kingdoms of Kathmandu Valley some 250 years back. A city of fine arts, it is regarded by UNESCO as a World Heritage site. The book is on legendry tales of this city.",2003,0.0,125,0
9789937535922.0,Arniko krit Sweta Chaitya,Satya Mohan Joshi,Nepali Literature,"Satya Mohan Joshi is the author of the original 'Nepal ya Rastriye Bibhuti Kalakar Arniko ya Sweta Chaitya' in Nepal Bhasa (also called Newari). Anu Raj Joshi has translated it into Nepali language. So, the description of the three books including The Lasting Gift are similar. Only difference is the language. Translator of both languages, English and Nepal, is Anu Raj Joshi",2016,0.0,256,0
,The Lasting Gift,original by Satya Mohan Joshi; translated by anu raj joshi,Nepali Literature,"Epic on Arniko. Arniko is Nepalese architect who designed and built White Dagoba in Beijing, China. Built in 8 years 1271-79, it was designated historical treasure after People's Republic of China was established in 1949. Yuan Dynasty record describe Arniko as an accomplished architect, painter, sculptor and mechanical engineer. Readers of this translated book will experience as if listening to a tourist guide telling a curious story.",2008,0.0,0,0
9788173030222.0,Voice of truth,Shanti Mishra,Nepali Literature,"A Nepali literary work titled 'Voice of truth' by Shanti Mishra, featuring the stories, culture and voice of Nepal.",1994,0.0,483,0
,The Kirat Khambu Rais of Sikkim and Eastern Himalayas,Shiva Kumar Rai,Nepali Literature,"On the social life and customs of Rai, Nepalese people in Sikkim; a study.",2005,0.0,88,0
9789937665599.0,Priya Sufi,Subin Bhattarai,Nepali Literature,"A Nepali literary work titled 'Priya Sufi' by Subin Bhattarai, featuring the stories, culture and voice of Nepal.",2018,0.0,0,0
9789937887779.0,Saya By Subin Bhattarai,Subin Bhattarai,Nepali Literature,Saya is the fictional character and this book is the sequel of the previous one called Summer Love.Here the story revolves around Saya's Tragic past when a man who is a storywriter gets a call from someone unknown and claims to be Saya and is willing to tell her story's missing part.This book shows the other side of the same love story and the event that happended in the prequel where her lover narrates his side of the story.,2014,3.0,0,1
9789937746823.0,Ijoriya (इजोरिया),Subin Bhattarai,Nepali Literature,"A Nepali literary work titled 'Ijoriya (इजोरिया)' by Subin Bhattarai, featuring the stories, culture and voice of Nepal.",2022,0.0,0,0
9789994636556.0,Jeevanko Chheubaata,Suman Pokhrel,Nepali Literature,"A Nepali literary work titled 'Jeevanko Chheubaata' by Suman Pokhrel, featuring the stories, culture and voice of Nepal.",2009,5.0,115,1
,Śūnya muṭuko dhaḍkanabhitra,Suman Pokhrel,Nepali Literature,"Nepali poetry
Nepali book
Poetry",1999,5.0,163,1
9781927682630.0,The Art of Being Human,Suman Pokhrel,Nepali Literature,"A Nepali literary work titled 'The Art of Being Human' by Suman Pokhrel, featuring the stories, culture and voice of Nepal.",2013,0.0,0,0
9789993365631.0,"Hajāra ām̐khā, yī ām̐khāmā",Suman Pokhrel,Nepali Literature,"A Nepali literary work titled 'Hajāra ām̐khā, yī ām̐khāmā' by Suman Pokhrel, featuring the stories, culture and voice of Nepal.",2003,0.0,80,0
9789937924450.0,Manpareka Kehi Kavita,Suman Pokhrel,Nepali Literature,"A Nepali literary work titled 'Manpareka Kehi Kavita' by Suman Pokhrel, featuring the stories, culture and voice of Nepal.",2018,0.0,0,0
9789937924450.0,Manpareka Kehi Kavita,Suman Pokhrel,Nepali Literature,Poetry in translation,2018,0.0,176,0
9789937924450.0,Manpareka Kehi Kavita,Suman Pokhrel,Nepali Literature,"A Nepali literary work titled 'Manpareka Kehi Kavita' by Suman Pokhrel, featuring the stories, culture and voice of Nepal.",2018,0.0,176,0
9789937053914.0,Bharat Shashwat Aawaz,Suman Pokhrel,Nepali Literature,an anthology of Kannada poetry in Nepali translation.,2019,0.0,257,0
9785916273229.0,От берега Жизни,Suman Pokhrel,Nepali Literature,"A Nepali literary work titled 'От берега Жизни' by Suman Pokhrel, featuring the stories, culture and voice of Nepal.",2026,0.0,106,0
9789386242426.0,Oh My Sweetest Love,Suman Pokhrel; Stephen Gill; Anand J.S.,Nepali Literature,"A Nepali literary work titled 'Oh My Sweetest Love' by Suman Pokhrel, featuring the stories, culture and voice of Nepal.",2017,0.0,188,0
9781927682432.0,The Art of Being Human Vol 4,Suman Pokhrel; Brian Wrixon; Veronica Guranda,Nepali Literature,"A Nepali literary work titled 'The Art of Being Human Vol 4' by Suman Pokhrel, featuring the stories, culture and voice of Nepal.",2013,0.0,116,0
,Snow Jewel,Suman Pokhrel; Thomas R. Smith; Robert Bly,Nepali Literature,"A Nepali literary work titled 'Snow Jewel' by Suman Pokhrel, featuring the stories, culture and voice of Nepal.",2015,0.0,0,0
9781927682777.0,The Art of Being Human,Suman Pokhrel; Dorina Neculce; Daniela Voicu; Rob Harley,Nepali Literature,"A Nepali literary work titled 'The Art of Being Human' by Suman Pokhrel, featuring the stories, culture and voice of Nepal.",2014,0.0,0,0
9781772350111.0,The Art of Being Human Vol 13,Suman Pokhrel; Lovita J R Morang ; Brian Wrixon,Nepali Literature,"A Nepali literary work titled 'The Art of Being Human Vol 13' by Suman Pokhrel, featuring the stories, culture and voice of Nepal.",2015,0.0,0,0
,SYNESTHESIA,Katie Manning; Suman Pokhrel; Bina Sarkar Ellias; Dennis Maloney; Nina Ansary; Martine L. Jacquot; Gabriel Arnou-Laujeac; Éric Sarner; Tess Gallagher; David Mason Jones,Nepali Literature,"A Nepali literary work titled 'SYNESTHESIA' by Katie Manning, featuring the stories, culture and voice of Nepal.",2025,0.0,0,0
,कविता का विश्व रंग,Suman Pokhrel; Ko Ko Thett; Obayed Akash ;  Igor Sid; Khujasta Elham ; Cheran Rudramoorthy ; Marra PL Lanot; Lebogang Mashile; Tenzin Tsundue; Obayed Akash ;  Igor Sid; Khujasta Elham ; Cheran Rudramoorthy ; Tenzin Tsundue; R. Cheran; Igor Sid; Obayed Akash; Igor Sid; Obayed Akash; Igor Sid; Obayed Akash,Nepali Literature,"A Nepali literary work titled 'कविता का विश्व रंग' by Suman Pokhrel, featuring the stories, culture and voice of Nepal.",2019,0.0,108,0
9798300902742.0,Bards of a Feather (Wings of Golden Syllables) Book #2,Suman Pokhrel; Kavita Ezekiel Mendonca; Maria Miraglia; Kenneth Lumpkin; Kuei-Shien Lee; Mark Heathcote; Kushal Poddar; Malachi Edwin Vethamani; Michele Baron; Mai Van Phan; Santosh Bakaya; Lauren Roberts; Stephen Cole; Mark Heinzl; Malsawmi Jacob; Pratima Apte; Mehmet Rrema Shqiperi; Setaluri Padmavathi; San Lin Tun; Matthew Hupert; Russell Buker; Mridula Menon; Moumita Alam; Scott Thomas Outlar,Nepali Literature,"A Nepali literary work titled 'Bards of a Feather (Wings of Golden Syllables) Book #2' by Suman Pokhrel, featuring the stories, culture and voice of Nepal.",2025,0.0,274,0
9789394994850.0,विश्व कविता संचयन,Maya Angelou; Gabriela Mistral; Suman Pokhrel; Les A. Murray; Wole Soyinka; Lebogang Mashile; Nikola Madžirov; Valerio Magrelli; George Szirtes; Wisława Szymborska; Tomas Tranströmer; W. S. Merwin; Hollie McNish;  Igor Sid; Nâzım Hikmet; Derek Walcott; Mahmoud Darwish; Bei Dao; Wang ping; R. Cheran; Shirani Rajapakse; Najīb Bārvar; Khujasta Elham ; Ko Ko Thett; Mozid Mahmud; Obayed Akash ; Tenzin Tsundue; Marra PL Lanot; Ra Heeduk; Moon Chung-hee,Nepali Literature,"A Nepali literary work titled 'विश्व कविता संचयन' by Maya Angelou, featuring the stories, culture and voice of Nepal.",2023,0.0,0,0
,Art matters,Sushma Joshi,Nepali Literature,"A book of reviews of art events and exhibitions in Kathmandu. The writer wrote a column titled ""Art Matters"" for ECS Magazine and the book is a compilation of those and other articles.",2008,0.0,123,0
9789937224079.0,The End of the World,Sushma Joshi,Nepali Literature,"A Nepali literary work titled 'The End of the World' by Sushma Joshi, featuring the stories, culture and voice of Nepal.",2011,0.0,0,0
9789937273992.0,The prediction and other short stories,Sushma Joshi,Nepali Literature,"A Nepali literary work titled 'The prediction and other short stories' by Sushma Joshi, featuring the stories, culture and voice of Nepal.",2013,0.0,186,0
9788129113801.0,"New Nepal, new voices",Sushma Joshi; Ajit Baral,Nepali Literature,"A Nepali literary work titled 'New Nepal, new voices' by Sushma Joshi, featuring the stories, culture and voice of Nepal.",2008,0.0,187,0
9789937867269.0,Kholāko gīta ra purānā kavitāharu,Upendra Subbā,Nepali Literature,"A Nepali literary work titled 'Kholāko gīta ra purānā kavitāharu' by Upendra Subbā, featuring the stories, culture and voice of Nepal.",2013,0.0,102,0
9789937294256.0,Lāṭo pahāḍa,Upendra Subbā,Nepali Literature,"Collection of stories on social issues, writer well known.",2015,0.0,222,0
9788182500921.0,Annapurna Poems,Yuyutsu Sharma,Nepali Literature,"A Nepali literary work titled 'Annapurna Poems' by Yuyutsu Sharma, featuring the stories, culture and voice of Nepal.",2017,0.0,122,0
9788195781638.0,Lost Horoscope and Other New Poems,Yuyutsu Sharma,Nepali Literature,"A Nepali literary work titled 'Lost Horoscope and Other New Poems' by Yuyutsu Sharma, featuring the stories, culture and voice of Nepal.",2022,0.0,0,0
9781784974572.0,House of Snow,Ranulph Fiennes; Ed Douglas,Nepali Literature,"A Nepali literary work titled 'House of Snow' by Ranulph Fiennes, featuring the stories, culture and voice of Nepal.",2016,0.0,0,0
9789388070584.0,The wayward daughter,Shradha Ghale,Nepali Literature,"A Nepali literary work titled 'The wayward daughter' by Shradha Ghale, featuring the stories, culture and voice of Nepal.",2018,0.0,268,0
9781780872957.0,The Gurkha's daughter,Prajwal Parajuly,Nepali Literature,"A collection of short stories featuring such protagonists as a disfigured servant girl planning to flee Nepal, a shopkeeper facing an impossible dilemma, and a Ghurka's daughter struggling with a hard to please father.",2013,0.0,226,0
9789937210157.0,Pokharelī samālocanā,Ghanaśyāma Ḍhakāla,Nepali Literature,"Contributed articles on Nepali literature from Pokhara, Nepal.",2008,0.0,410,0
,Pandhra tārā ra Nepālī sāhitya,Kr̥shṇaprasāda Parājulī,Nepali Literature,"A Nepali literary work titled 'Pandhra tārā ra Nepālī sāhitya' by Kr̥shṇaprasāda Parājulī, featuring the stories, culture and voice of Nepal.",1967,0.0,89,0
,A brief introduction to the Nepali literature,Nepali Sahitya Sansthan.,Nepali Literature,"A Nepali literary work titled 'A brief introduction to the Nepali literature' by Nepali Sahitya Sansthan., featuring the stories, culture and voice of Nepal.",1963,0.0,37,0
9789993328483.0,Tulanātmaka sāhitya,Indravilāsa Adhikārī,Nepali Literature,Articles on 20th century Nepali literature,2009,0.0,140,0
,Rome fell today,Robert H. Adleman,Nepali Literature,"A Nepali literary work titled 'Rome fell today' by Robert H. Adleman, featuring the stories, culture and voice of Nepal.",1968,0.0,336,0
,Samālocanā,Chiranjivi Dutt,Nepali Literature,"A Nepali literary work titled 'Samālocanā' by Chiranjivi Dutt, featuring the stories, culture and voice of Nepal.",1972,0.0,78,0
,Govinda Bhaṭṭakā samālocanā,"Bhaṭṭa, Govinda",Nepali Literature,Selected articles on Nepali literature.,1998,0.0,213,0
,Sāhitya-sumana,Jīvendradeva Girī,Nepali Literature,"Collection of poems, short stories, essays and criticisms.",1995,0.0,210,0
,"Smarika, Rāshṭriya Sāhitya Sammelana, Tanahum̐, 2053, Vyāsa Nagara, Damaulī",Kāśīnātha Nyaupāne,Nepali Literature,"Souvenir brought out on the occasion of Rāshṭriya Sāhitya Sammelana, held at Tanahun in 1996; comprises poems, essays, etc.",1996,0.0,237,0
,Sāhitya-koselī,Jīvendradeva Girī,Nepali Literature,"Souvenir of Surkhetī Kalyāṇa Samāja; comprises short stories, poems, essays.",1996,0.0,148,0
,Sevārata nijāmatī sāhityakāraharu,Rāmaprasāda Panta,Nepali Literature,"Anthology of poems, short stories, and essays by various authors.",2004,0.0,160,0
,Līlādr̮shṭi,Unknown,Nepali Literature,Contributed articles on 20th century Nepali literature.,1999,0.0,90,0
,Yugadarśana,Mahendra Bir Bikram Shaha Deva Maharajadhiraja of Nepal,Nepali Literature,"A Nepali literary work titled 'Yugadarśana' by Mahendra Bir Bikram Shaha Deva Maharajadhiraja of Nepal, featuring the stories, culture and voice of Nepal.",1962,0.0,220,0
,Vārtāharū,Unknown,Nepali Literature,"A Nepali literary work titled 'Vārtāharū' by Unknown, featuring the stories, culture and voice of Nepal.",1971,0.0,98,0
,Tesro parikramā,Kumāra Ghisiṅa; Harena Āle,Nepali Literature,"A Nepali literary work titled 'Tesro parikramā' by Kumāra Ghisiṅa, featuring the stories, culture and voice of Nepal.",1977,0.0,383,0
,Indreṇī,Agamasiṃha Girī,Nepali Literature,"A Nepali literary work titled 'Indreṇī' by Agamasiṃha Girī, featuring the stories, culture and voice of Nepal.",1964,0.0,105,0
,Nepālī  sāhityako sāum̐-akshara,Paras Mani Pradhan,Nepali Literature,"A Nepali literary work titled 'Nepālī  sāhityako sāum̐-akshara' by Paras Mani Pradhan, featuring the stories, culture and voice of Nepal.",1969,0.0,141,0
,Nailo pravāha,Sī. Ema Ṭhakuro; Sūrya Suvedī,Nepali Literature,"A Nepali literary work titled 'Nailo pravāha' by Sī. Ema Ṭhakuro, featuring the stories, culture and voice of Nepal.",1978,0.0,99,0
9789937299077.0,"Sāhityika paramparā, pratibhā ra sr̥janā",Devendra Aryāla Ām̐su,Nepali Literature,Compilations of literary writings of well known Nepali writers; includes brief profiles of the authors.,2013,0.0,214,0
,Bhānubhaktadekhi tesro āyāma samma,Tārānātha Śarmā,Nepali Literature,"A Nepali literary work titled 'Bhānubhaktadekhi tesro āyāma samma' by Tārānātha Śarmā, featuring the stories, culture and voice of Nepal.",1970,0.0,256,0
,Sāhitya sambandhī duī-cāra kurā,Śyāma Prasāda,Nepali Literature,"A Nepali literary work titled 'Sāhitya sambandhī duī-cāra kurā' by Śyāma Prasāda, featuring the stories, culture and voice of Nepal.",1965,0.0,91,0
,Sāhityako adhyayana,Ratna Dhoj Joshi,Nepali Literature,"A Nepali literary work titled 'Sāhityako adhyayana' by Ratna Dhoj Joshi, featuring the stories, culture and voice of Nepal.",1966,0.0,285,0
,Yuga preranā,Unknown,Nepali Literature,"A Nepali literary work titled 'Yuga preranā' by Unknown, featuring the stories, culture and voice of Nepal.",1966,0.0,216,0
,Sandarbha ra mūlyāṅkana,Dayārāma Śreshṭha,Nepali Literature,"A Nepali literary work titled 'Sandarbha ra mūlyāṅkana' by Dayārāma Śreshṭha, featuring the stories, culture and voice of Nepal.",1968,0.0,90,0
,Yātrāko yo lāmo krama,Līlā Siṃha Karmā,Nepali Literature,"A Nepali literary work titled 'Yātrāko yo lāmo krama' by Līlā Siṃha Karmā, featuring the stories, culture and voice of Nepal.",1982,0.0,97,0
,Sūryavikrama Jñavālī smr̥ti-grantha,"Thāpā, Devakumārī",Nepali Literature,"A Nepali literary work titled 'Sūryavikrama Jñavālī smr̥ti-grantha' by Thāpā, Devakumārī, featuring the stories, culture and voice of Nepal.",1987,0.0,176,0
,Bihāna,Unknown,Nepali Literature,By various Nepali writers.,1992,0.0,164,0
,Kābhrelī,Kr̥shṇaprasāda Parājulī,Nepali Literature,"By various Nepali writers from Kābhre Palāncoka District, Nepal.",1993,0.0,88,0
,Nepālī sāhitya,Candreśvara Dube,Nepali Literature,"A Nepali literary work titled 'Nepālī sāhitya' by Candreśvara Dube, featuring the stories, culture and voice of Nepal.",1981,0.0,123,0
,Sagaramāthā Añcala Sāhitya-Semināra aṅka,"Sagaramāthā Añcala Sāhitya Semināra Bhojpur, Nepal 1964 or 5.",Nepali Literature,"A Nepali literary work titled 'Sagaramāthā Añcala Sāhitya-Semināra aṅka' by Sagaramāthā Añcala Sāhitya Semināra Bhojpur, Nepal 1964 or 5., featuring the stories, culture and voice of Nepal.",1964,0.0,56,0
,Ṭebala gapha : nau baiṭhaka,"Śarmā, Rāmakr̥shṇa",Nepali Literature,"A Nepali literary work titled 'Ṭebala gapha : nau baiṭhaka' by Śarmā, Rāmakr̥shṇa, featuring the stories, culture and voice of Nepal.",1971,0.0,62,0
,Saptaśāradīya,"Śarmā, Rāmakr̥shṇa",Nepali Literature,"A Nepali literary work titled 'Saptaśāradīya' by Śarmā, Rāmakr̥shṇa, featuring the stories, culture and voice of Nepal.",1968,0.0,78,0
,Vicaraṇa,Vāsudeva Tripāṭhī,Nepali Literature,"A Nepali literary work titled 'Vicaraṇa' by Vāsudeva Tripāṭhī, featuring the stories, culture and voice of Nepal.",1971,0.0,193,0
,Sahityapathaka yatriharu,Indrakumāra Vikalpa,Nepali Literature,Brief biodata and sampling of writings of Nepali authors from Parvat District of Nepal.,2005,0.0,214,0
,Ḍoṭelī lokasāhitya,Deva Kānta Panta,Nepali Literature,"A Nepali literary work titled 'Ḍoṭelī lokasāhitya' by Deva Kānta Panta, featuring the stories, culture and voice of Nepal.",1975,0.0,209,0
9789937594004.0,Eloquent hills,Michael Hutt,Nepali Literature,"A Nepali literary work titled 'Eloquent hills' by Michael Hutt, featuring the stories, culture and voice of Nepal.",2012,0.0,193,0
9789994667024.0,Nepālī bhāshāsāhityako antarrāshṭriya vistāra,Narendrarāja Prasāī,Nepali Literature,Contributed articles on the globalization of Nepali language and literature.,2010,0.0,324,0
9789937689960.0,Prajñā bāla sāhitya vivecanā,Vinaya Kumāra Kasajū; Nepāla Prajñā Pratishṭhāna,Nepali Literature,Study on children's literature in Nepali; contributed articles.,2017,0.0,288,0
,"Kehī sādhaka, kehī sādhanā",Droṇa Upādhyāya,Nepali Literature,"A Nepali literary work titled 'Kehī sādhaka, kehī sādhanā' by Droṇa Upādhyāya, featuring the stories, culture and voice of Nepal.",2008,0.0,88,0
,Nepālī sāhityako itihāsa,Tārānātha Śarmā,Nepali Literature,"A Nepali literary work titled 'Nepālī sāhityako itihāsa' by Tārānātha Śarmā, featuring the stories, culture and voice of Nepal.",1970,0.0,339,0
9789994685011.0,Telako dhūpa,Govinda Girī Preraṇā,Nepali Literature,"A Nepali literary work titled 'Telako dhūpa' by Govinda Girī Preraṇā, featuring the stories, culture and voice of Nepal.",1994,0.0,126,0
9789993350828.0,Paścimī baleṃsīkā bāchiṭā,Govinda Rāja Bhaṭṭarāī,Nepali Literature,Articles on modern Nepali literature; previously published in various journals.,1992,0.0,250,0
,"Siṅgo Nepālī bhāshā, sāhityako itihāsa ra sāhityakāraharuko paricaya",Rāma Prasāda Dāhāla,Nepali Literature,History of Nepali literature and language; includes brief biographical sketches of 20th century Nepali authors.,1997,0.0,454,0
,Nayām̐ goreṭotira--,Sonāma Chirīṅa,Nepali Literature,Transcript of interviews with some Nepali writers from India.,1991,0.0,107,0
9789937205368.0,Tarkaharuko vipakshamā,Shravaṇa Mukāruṅga,Nepali Literature,"Collection of articles on modern Nepali literature, prefaces to Nepali literary works, and interviews with Nepali authors.",2008,0.0,104,0
9789937030885.0,Jagadambā Nepālī sāhityako br̥hat itihāsa,Mādhavaprasāda Pokharela; Dayārāma Śreshṭha,Nepali Literature,"A Nepali literary work titled 'Jagadambā Nepālī sāhityako br̥hat itihāsa' by Mādhavaprasāda Pokharela, featuring the stories, culture and voice of Nepal.",2017,0.0,0,0
,Sayapatrī,Isvar Baral,Nepali Literature,"A Nepali literary work titled 'Sayapatrī' by Isvar Baral, featuring the stories, culture and voice of Nepal.",1969,0.0,308,0
,Humlāko loka sāhitya,Humakānta Pāṇḍe,Nepali Literature,Nepali Folk literature from Humla district of Nepal.,2001,0.0,74,0
9789937905336.0,Ujyālākā bīu,Saroja Dhitāla,Nepali Literature,Collection of essays on different themes.,2015,0.0,281,0
,Deśavyāpī Nepālī Sāhitya Seminārako vivaraṇa,"Deśavyāpī Nepālī Sāhitya Semināra (1966 Rampur, Nepal)",Nepali Literature,"A Nepali literary work titled 'Deśavyāpī Nepālī Sāhitya Seminārako vivaraṇa' by Deśavyāpī Nepālī Sāhitya Semināra (1966 Rampur, Nepal), featuring the stories, culture and voice of Nepal.",1967,0.0,267,0
,Hāmro loka sāhitya,Līlā Siṃha Karmā,Nepali Literature,"A Nepali literary work titled 'Hāmro loka sāhitya' by Līlā Siṃha Karmā, featuring the stories, culture and voice of Nepal.",1966,0.0,176,0
,Nepālī gadya saṅgraha,Unknown,Nepali Literature,"A Nepali literary work titled 'Nepālī gadya saṅgraha' by Unknown, featuring the stories, culture and voice of Nepal.",1968,0.0,0,0
,Lokavāṅmayakā koselī,Humakānta Pāṇḍe,Nepali Literature,Collection of folk literature from western Nepal and Tarai region of Nepal.,2013,0.0,74,0
9789937273534.0,Māsṭara Mitrasena ra unakā sirjanā,Mitrasena,Nepali Literature,Selections of a Nepali author.,2013,0.0,254,0
,Birsieko saṃskr̥ti,"Guruṅa, Ema. Ema.",Nepali Literature,"A Nepali literary work titled 'Birsieko saṃskr̥ti' by Guruṅa, Ema. Ema., featuring the stories, culture and voice of Nepal.",1980,0.0,73,0
9789993354000.0,"Kehī anuśīlana, kehī abhivyakti",Śivaprasāda Bhaṭṭarāī,Nepali Literature,Articles on the works of modern Nepali authors; previously published in various magazines.,2002,0.0,94,0
,Prācīna gadyākhyāna,Śaradcandra Śarmā,Nepali Literature,Study of classical Nepali fiction and narrative literature.,1985,0.0,170,0
9789937047663.0,Samāja parivartanamā saṃskr̥tikarmī,Vijaya Subbā,Nepali Literature,Chiefly on literature and art in Nepal.,2017,0.0,262,0
9780728601383.0,Napali,Michael Hutt,Nepali Literature,"A Nepali literary work titled 'Napali' by Michael Hutt, featuring the stories, culture and voice of Nepal.",1988,0.0,264,0
,Nepalʹskai͡a︡ literatura,L. A. Aganina,Nepali Literature,"A Nepali literary work titled 'Nepalʹskai͡a︡ literatura' by L. A. Aganina, featuring the stories, culture and voice of Nepal.",1964,0.0,180,0
9789937865449.0,Pūrvīya sāhitya siddhāntako adhyayana,Narahari Upādhyāya Gautama,Nepali Literature,Study on literature of eastern Nepal with special reference to Nepali poetry.,2012,0.0,115,0
9781784974589.0,House of snow,Ranulph Fiennes; Ed Douglas,Nepali Literature,"""In April 2015, catastrophic earthquakes left Nepal devastated. Over 7,000 people lost their lives and more than twice as many were injured. Hundreds of thousands were made homeless and UNESCO World Heritage sites were destroyed. HOUSE OF SNOW is the biggest, most comprehensive and most beautiful collection of writing about Nepal in print. It includes over 50 excerpts of fiction and non-fiction inspired by the breathtaking landscapes and rich cultural heritage of this fascinating country. Here are explorers and mountaineers, poets and political journalists, national treasures and international stars such as Michael Palin and Jon Krakauer, Laxmiprasad Devkota and Manjushree Thapa--all hand-picked by well-known authors and scholars of Nepali literature including Samrat Upadhyay, Michael Hutt, Isabella Tree and Thomas Bell. All profits from sales will be donated to charities providing relief from the 2015 earthquakes""--",2016,0.0,570,0
9789993311386.0,Nepālī lokasāhitya,Cūḍāmaṇi Regmī,Nepali Literature,Study on the folk literature of Nepal.,2001,0.0,384,0
,Loka sāhityaḥ sidhdānta ra viśleshaṇa,Śambhu Prasāda Koirālā,Nepali Literature,Comprehensive study on folk literature of Nepal.,1998,0.0,152,0
,Nepālī jana-sāhitya,Kajiman Kandamba,Nepali Literature,"A Nepali literary work titled 'Nepālī jana-sāhitya' by Kajiman Kandamba, featuring the stories, culture and voice of Nepal.",1963,0.0,125,0
9789993318040.0,Lokasāhityako avalokana,Jīvendradeva Girī,Nepali Literature,Study on the Nepali folk literature.,2000,0.0,160,0
9789937810531.0,Nepālī sāhityamā uttaraādhunika samālocanā,Lakshmaṇaprasāda Gautama,Nepali Literature,Postmodernism in Nepali literature; a study.,2009,0.0,184,0
,Lokavārtā,Droṇa Upādhyāya,Nepali Literature,"A Nepali literary work titled 'Lokavārtā' by Droṇa Upādhyāya, featuring the stories, culture and voice of Nepal.",2008,0.0,162,0
9788126017041.0,Indradhanusha,"Lāmā, Āra. Pī.",Nepali Literature,"A Nepali literary work titled 'Indradhanusha' by Lāmā, Āra. Pī., featuring the stories, culture and voice of Nepal.",1990,0.0,143,0
,Nepālī lokasāhityako jhalaka,Ravilāla Adhikārī,Nepali Literature,"A Nepali literary work titled 'Nepālī lokasāhityako jhalaka' by Ravilāla Adhikārī, featuring the stories, culture and voice of Nepal.",2008,0.0,96,0
,Kathāko vikāsa-prakriyā,Mohan Raj Sharma,Nepali Literature,On the origin and development of legends and tales in various countries; a study.,1979,0.0,259,0
9789994658862.0,Simānta ākāśa,Netra Eṭama,Nepali Literature,Transcripts of interviews with modern Nepali author talking about their life and works.,2006,0.0,472,0
,Patra-sañcayana,Unknown,Nepali Literature,"Collection of letters written by Nepali authors to Vanamālī Nirākāra, discussing Nepali literature.",2007,0.0,132,0
9789937819831.0,Sirjanā ra dr̥shṭikoṇa,Sūrya Suvedī,Nepali Literature,Transcript of interviews with well known Nepali authors; chiefly about their writings.,2013,0.0,612,0
,Ḍā. Lakshmaṇa Śastrī smr̥tigrantha,Unknown,Nepali Literature,"Festschrift honoring Laksmaṇa Śāstrī, Nepali litterateur; comprises articles on his life and works.",1993,0.0,115,0
9789937211260.0,Lamajuṅako sāhityika itihāsa,Vijayarāja Nyaupāne,Nepali Literature,"On the history of Nepali literature of Lumjung district, Nepal; with introduction of various litterateur from the district.",2011,0.0,427,0
9789993328872.0,Nepālī vāṅmayakā sādhaka ra sādhanā,Tulasīprasāda Bhaṭṭarāī,Nepali Literature,Articles on the works of Nepali authors; includes brief biographies.,2009,0.0,254,0
,Pahalamānasiṃha Svārā smr̥ti grantha,Unknown,Nepali Literature,"A Nepali literary work titled 'Pahalamānasiṃha Svārā smr̥ti grantha' by Unknown, featuring the stories, culture and voice of Nepal.",1982,0.0,350,0
,Śailīvijñāna,Mohan Raj Sharma,Nepali Literature,"On stylistics, with reference to Nepali literature.",1991,0.0,250,0
,Śailīvijñāna,Ghanaśyāma Nepāla,Nepali Literature,On Nepali literature; a stylistic approach.,1992,0.0,184,0
,Dasa autāra,Bhairava Prasāda Aryāla,Nepali Literature,"A Nepali literary work titled 'Dasa autāra' by Bhairava Prasāda Aryāla, featuring the stories, culture and voice of Nepal.",1977,0.0,84,0
,Nepālīkā kehī ādhunika sāhityakāra,Mohanarāja Śarmā,Nepali Literature,On selected modern Nepali litterateurs and their works.,1984,0.0,277,0
,Mātr̥bhāshākā cārapāta,Viśvambharakumāra Śarmā,Nepali Literature,On Nepali literature and grammar.,1990,0.0,128,0
9789937910125.0,Kājola Khātuna,Phūlamāna Vala,Nepali Literature,"A Nepali literary work titled 'Kājola Khātuna' by Phūlamāna Vala, featuring the stories, culture and voice of Nepal.",2016,0.0,197,0
,Śraddhāñjalī,Ṭīkā Ḍhuṅgela,Nepali Literature,On the life and works of selected Nepali authors from Nepal and India.,2017,0.0,120,0
,Antarvārtā,Śyāma Prasāda,Nepali Literature,"Transcript of an interview with Śyāma Prasāda, b. 1929, Nepali author, on Nepali literature and other issues.",1994,0.0,54,0
9788190297820.0,Sarjaka saṃvāda,Sudarśana Śreshṭha,Nepali Literature,Transcripts of interviews with Nepali authors from India; chiefly about their life and works and Nepali literature from India.,2006,0.0,401,0
,Sr̥shṭākā svaraharu,Sudarśana Śreshṭha,Nepali Literature,"Transcript of interviews with award winning Indian Nepali authors, chiefly about their writings.",2003,0.0,142,0
9789937200875.0,Sirjanaśīla parisaṃvāda,Sudarśana Śreshṭha,Nepali Literature,"Transcript of interviews with Indian Nepali writers, chiefly about their writings.",2007,0.0,470,0
9789384815202.0,Kehī vyakti ani vyaktitvaharū,Ena. Pī. Esa Niraulā,Nepali Literature,On the life and works of selected Nepali authors from Nepal and India.,2017,0.0,176,0
,Ke kina bhaniyo?,Dr. Kavita Ram Shrestha,Nepali Literature,On the folk tales from Nepal; articles.,2001,0.0,250,0
,Āñcalikatā ani Nepālī kehī upanyāsaharu,Dila Śreshṭha,Nepali Literature,Regionalism in Indian Nepali novels; a study.,2001,0.0,153,0
9788172014803.0,Bhāratīya Nepālī sāhitya,Unknown,Nepali Literature,Anthology of nationalist Nepali literature.,1994,0.0,244,0
9789937800471.0,Nepālī bālavāṅmaya paricayakośa,Pramoda Pradhāna,Nepali Literature,Annotated bibliography of Nepali children literature.,2008,0.0,591,0
,Yuga-jyoti,Mahendra Bir Bikram Shaha Deva Maharajadhiraja of Nepal,Nepali Literature,"A Nepali literary work titled 'Yuga-jyoti' by Mahendra Bir Bikram Shaha Deva Maharajadhiraja of Nepal, featuring the stories, culture and voice of Nepal.",1963,0.0,139,0
9788126015771.0,Bīsauṃ śatābdīko Bhāratīya Nepālī nārī lekhana,Unknown,Nepali Literature,Collection of 20th century writings of Indian Nepali women authors.,2002,0.0,232,0
9789993306009.0,Atītakā pānā,Śiva Regmī,Nepali Literature,Articles on the history of Nepali literary journals.,2006,0.0,191,0
,Nepālī sāhityika patra-patrikā,Unknown,Nepali Literature,Bibliography of Nepali literary magazines.,2008,0.0,394,0
9789937283748.0,Ādhunika Nepālī nibandhamā hāsyavyaṅgya,Sukarāja Rāī,Nepali Literature,Study on the element of satire in modern Nepali essays.,2014,0.0,388,0
,Ukhāna milena!,Kamalmani Acharya Dixit,Nepali Literature,"A Nepali literary work titled 'Ukhāna milena!' by Kamalmani Acharya Dixit, featuring the stories, culture and voice of Nepal.",1980,0.0,100,0
,"Sthana, kala, patra",Jagadīśa Ghimire,Nepali Literature,"Travel experiences, articles on Nepali literature, and transcript of interviews with literary personalities.",2009,0.0,159,0
9789937589031.0,Sāhityakāra-kalākara paricaya kośa,Vishṇu Prabhāta,Nepali Literature,Bio-bibliographical dictionary of Nepali authors and artists.,2013,0.0,711,0
9789993327486.0,Lokasāhitya ra sāṃskrt̥ikā kehī pāṭāharu,Manohara Lāmichāne,Nepali Literature,Collection of articles on Nepali folk literature and folk culture.,2008,0.0,164,0
,Nepālī sāhityako aitihāsika paricaya,Tārānātha Śarmā,Nepali Literature,Brief history of Nepali literature.,1972,0.0,101,0
,Children's literature in Nepal,Unknown,Nepali Literature,"A Nepali literary work titled 'Children's literature in Nepal' by Unknown, featuring the stories, culture and voice of Nepal.",1998,0.0,0,0
,Nepālī aura Hindī,Mathura Datt Pandey,Nepali Literature,"A Nepali literary work titled 'Nepālī aura Hindī' by Mathura Datt Pandey, featuring the stories, culture and voice of Nepal.",1970,0.0,318,0
,"Kehī kr̥ti, kehī smr̥ti",Raj Narayan Pradhan,Nepali Literature,"A Nepali literary work titled 'Kehī kr̥ti, kehī smr̥ti' by Raj Narayan Pradhan, featuring the stories, culture and voice of Nepal.",1973,0.0,248,0
,Sāhitya-paricaya,Himāṃśu Thāpā,Nepali Literature,"A Nepali literary work titled 'Sāhitya-paricaya' by Himāṃśu Thāpā, featuring the stories, culture and voice of Nepal.",1980,0.0,308,0
,Cahakadāra mainṭola ra pilapile lālaṭina,Pushkara Lohanī,Nepali Literature,"A Nepali literary work titled 'Cahakadāra mainṭola ra pilapile lālaṭina' by Pushkara Lohanī, featuring the stories, culture and voice of Nepal.",1980,0.0,144,0
,Avalokana ra vivecana,Gopīkr̥shṇa Śarmā,Nepali Literature,Articles on 20th century Nepali literature.,1987,0.0,136,0
,Sāhityika pratibhā ra mūlyāṅkana,Viśvanātha Bhaṭṭarāī,Nepali Literature,"A Nepali literary work titled 'Sāhityika pratibhā ra mūlyāṅkana' by Viśvanātha Bhaṭṭarāī, featuring the stories, culture and voice of Nepal.",1989,0.0,108,0
9789993324225.0,Samālocanāko svarūpa,Netra Eṭama,Nepali Literature,Articles on modern Nepali literature.,2004,0.0,246,0
,Samālocanāko bāṭomā,Hīrāmaṇi Śarmā Pauḍyāla,Nepali Literature,Critical articles on Nepali literature; most previously published.,1984,0.0,316,0
,"Kehī sāhityika kr̥ti, kehī ātma dr̥shṭi",Hariprasāda Timasinā,Nepali Literature,Articles on 20th century Nepali literature.,1987,0.0,107,0
,Vyakti-abhivyakti,Gaṇeśa Bhaṇḍārī,Nepali Literature,Articles on the works of modern Nepali authors.,1999,0.0,205,0
,Samālocanāharū,Śivaprasāda Satyāla,Nepali Literature,"A Nepali literary work titled 'Samālocanāharū' by Śivaprasāda Satyāla, featuring the stories, culture and voice of Nepal.",1988,0.0,244,0
,Bhaktidekhi līlāsamma,Vishṇukumāra Bhaṭṭarāī,Nepali Literature,Articles on the works of selected Nepali authors.,2000,0.0,166,0
,Nepāla bāhira Nepālī sāhityika gatividhi,H. B. Navapānīya,Nepali Literature,"A Nepali literary work titled 'Nepāla bāhira Nepālī sāhityika gatividhi' by H. B. Navapānīya, featuring the stories, culture and voice of Nepal.",1968,0.0,98,0
9789993311355.0,Prakirna Paryavekshana,Mahadeva Avasthi,Nepali Literature,"A Nepali literary work titled 'Prakirna Paryavekshana' by Mahadeva Avasthi, featuring the stories, culture and voice of Nepal.",2001,0.0,104,0
,"Kehī kr̥ti, kehī abhivyakti",Cittarañjana Nepālī,Nepali Literature,Articles on some important literary works in Nepali language.,2001,0.0,116,0
,Ālocanā ra sāhitya,Mādhavalāla Karmācārya,Nepali Literature,"A Nepali literary work titled 'Ālocanā ra sāhitya' by Mādhavalāla Karmācārya, featuring the stories, culture and voice of Nepal.",1965,0.0,176,0
,Viveka ra manthana,Bāmadeva Pahāṛī,Nepali Literature,Articles on Nepali literature.,1985,0.0,128,0
9789994658169.0,Yathārthavādī Nepālī samālocanā,Ghanaśyāma Ḍhakāla,Nepali Literature,Contributed articles on modern Nepali literature.,2005,0.0,645,0
,Sāhitya Akādemī ani paccīsa vārshakā puraskr̥ta Nepālī sāhitya,Unknown,Nepali Literature,Study on the works of Sahitya Akademi award winning Indian Nepali authors; includes pen-portraits of the authors.,2003,0.0,248,0
9789993334316.0,Bheṭekā pustaka ṭipekā kurā,Lāṭo Sāthī,Nepali Literature,Articles on modern Nepali literature; previously published in various magazines.,2002,0.0,94,0
9789994657742.0,Madana puraskāra,Cittarañjana Nepālī,Nepali Literature,"Addresses delivered at the Madana Puraskara, highest literary award in Nepal.",2005,0.0,582,0
,Kr̥ti-smr̥ti,Rāma Prasāda Dāhāla,Nepali Literature,"A Nepali literary work titled 'Kr̥ti-smr̥ti' by Rāma Prasāda Dāhāla, featuring the stories, culture and voice of Nepal.",1988,0.0,110,0
,Br̥hat samālocanā,Unknown,Nepali Literature,"A Nepali literary work titled 'Br̥hat samālocanā' by Unknown, featuring the stories, culture and voice of Nepal.",1989,0.0,892,0
,Nepālabāhira Nepālī sāhitya ra saṃskr̥ti,Ḍillīrāja Śarmā,Nepali Literature,"An account of literary activities outside Nepal, chiefly from Sikkim, and West Bengal, India.",1995,0.0,130,0
,Bhojapurako sāhityika rūparekhā,Viplava Ḍhakāla,Nepali Literature,"On the literary history of Bhojpur, Nepal.",1992,0.0,104,0
,Ālocanāko vr̥tta,Bāmadeva Pahāḍī,Nepali Literature,Articles on contemporary Nepali literature.,1997,0.0,181,0
,Vicārakā kehī kshaṇa,Bāmadeva Pahāḍī,Nepali Literature,Articles on 20th century Nepali literature.,1995,0.0,96,0
9789937250184.0,Lokākshara,Devīprasāda Vanavāsī,Nepali Literature,Articles chiefly on Nepali literature; includes travelogue and interview of the author.,2012,0.0,112,0
,Manthana,Unknown,Nepali Literature,"Articles, chiefly on Nepali literature.",1989,0.0,135,0
,Vivecana,Unknown,Nepali Literature,Contributed articles on Nepali literature.,1990,0.0,144,0
,"Vyakti, kr̥ti ra pravr̥tti",Gaṅgāprasāda Upretī,Nepali Literature,Articles on modern Nepali literature.,2001,0.0,134,0
,Dhavalāgirikā puraskr̥ta kr̥ti ra vihaṅgama dr̥shṭi,Prema Choṭā,Nepali Literature,"Contributed articles on Nepali literature from Dhawalāgiri Zone, Nepal.",2000,0.0,95,0
9788192664163.0,Sampūraka,Indrabahādura Rāī,Nepali Literature,Articles on 20th century Nepali literature.,2014,0.0,186,0
9789937801645.0,Vāṅmayakā kurā,Chāyādatta Nyaupāne Bagara,Nepali Literature,Articles on modern Nepali literature.,2012,0.0,148,0
9789937245807.0,Antarrāshṭriya Nepālī ḍāyasporā prājñīka adhyayana,Gītā Khatrī; Homanātha Suvedī; Prakāśa Nepāla,Nepali Literature,"Contributed articles, chiefly on Nepali literature by Nepali authors settled in US.",2011,0.0,194,0
9789993308652.0,Kṛtiparikramā,Kumārabahādura Jośī,Nepali Literature,Articles on modern Nepali literature.,2010,0.0,134,0
,Abhiyānakā śabda sārathi,Prabhāta Sāpakoṭā,Nepali Literature,"Life and works of four Nepali authors, who are winner of Abhiyana award.",2011,0.0,132,0
,Sindhulīkā sr̥shṭā,Kulaprasāda Koirālā,Nepali Literature,On the works of Nepali authors from Sindhuli district of Nepal.,2012,0.0,263,0
9789937541237.0,Nepālī parvatīya sāhitya,Khema Koirālā,Nepali Literature,Contributed articles on Nepali literature from hill regions of Nepal.,2012,0.0,350,0
,Ḍā. Jīvendra Deva Girī,Shesh Raj Shiwakoti,Nepali Literature,"Contributed articles on the works of Jīvendradeva Girī, Nepali critic.",2012,0.0,172,0
,Pūrvāñcala samālocanā-saṅgraha,Narendra Cāpāgāīṃ,Nepali Literature,"A Nepali literary work titled 'Pūrvāñcala samālocanā-saṅgraha' by Narendra Cāpāgāīṃ, featuring the stories, culture and voice of Nepal.",1988,0.0,551,0
9789937321266.0,Sāhityako adhyayana ra mulyāṅkanakā drs̥hṭikoṇa,Aniruddha Timasinā,Nepali Literature,Articles on modern Nepali literature.,2011,0.0,163,0
,Nepālī sāhitya,Rameśaprasāda Bhaṭṭarāī,Nepali Literature,Articles on 20th century Nepali literature.,2013,0.0,220,0
9789993309710.0,Ratna br̥hat Nepālī samālocanā,Rājendra Suvedī; Lakshmaṇaprasāda Gautama,Nepali Literature,Contributed articles on the theoritical and applied aspects of Nepali literary criticism.,2011,0.0,0,0
,Samakālīna samālocanā,Krishna Pradhan,Nepali Literature,Contemporary literary criticism.,1996,0.0,186,0
,Nepālī vāṅmayakā viśishṭa sādhaka ra unakā sādhanāko abhirekhāṅkana,Dadhirāja Suvedī,Nepali Literature,On Nepali literature and 20th century authors.,1987,0.0,122,0
,Pratibhā ra prastuti,Dadhirāja Suvedī,Nepali Literature,"A Nepali literary work titled 'Pratibhā ra prastuti' by Dadhirāja Suvedī, featuring the stories, culture and voice of Nepal.",1988,0.0,86,0
,Sirjanāyā vivecanā,Candramāna Vajrācārya,Nepali Literature,Criticism on Nepali literature.,1996,0.0,86,0
,Sāhityika samīkshāsaṅgraha,Bhānubhakta Pokharela,Nepali Literature,Articles on Nepali literature.,1998,0.0,261,0
,Fourteen flowers of Nepal,Unknown,Nepali Literature,"A Nepali literary work titled 'Fourteen flowers of Nepal' by Unknown, featuring the stories, culture and voice of Nepal.",2011,0.0,95,0
,Vivecana,Unknown,Nepali Literature,"A Nepali literary work titled 'Vivecana' by Unknown, featuring the stories, culture and voice of Nepal.",1989,0.0,128,0
9789937284134.0,Sāhityika avalokana,Kr̥shṇarāja Adhikārī,Nepali Literature,Critical essays on Nepali literature; some previously published.,2014,0.0,282,0
,Sājhā samālocanā,Unknown,Nepali Literature,"A Nepali literary work titled 'Sājhā samālocanā' by Unknown, featuring the stories, culture and voice of Nepal.",1969,0.0,513,0
9789937523134.0,Samīkshā sandarbha,Tejavilāsa Adhikārī,Nepali Literature,Articles on Nepali literature from Pokhara.,2008,0.0,108,0
9789937322515.0,Prāyogika samālocanā,Rajanī Ḍhakāla,Nepali Literature,Articles on 20th century Nepali literature.,2013,0.0,142,0
,Kehī cintana,Ramā Śarmā,Nepali Literature,Articles on Nepali literature.,1991,0.0,172,0
,Cintana ra samālocanā,Cūḍāmaṇi Regmī,Nepali Literature,Articles on contemporary Nepali literature.,2002,0.0,104,0
,Kr̥ti-vivecanā,Rañjusrī Parājulī,Nepali Literature,Articles on contemporary Nepali literature.,1999,0.0,143,0
,"Kehī rekhāṅkana, kehī samālocanā",Sarad Kumar Chhetri,Nepali Literature,"A Nepali literary work titled 'Kehī rekhāṅkana, kehī samālocanā' by Sarad Kumar Chhetri, featuring the stories, culture and voice of Nepal.",1980,0.0,103,0
,"Pratikriyā pani, vivecanā pani",Sarad Kumar Chhetri,Nepali Literature,Articles on Nepali literature.,1991,0.0,106,0
,Kehī sāhityika adhyayana ra mūlayāṅkana,Mananārāyaṇa Pradhāna,Nepali Literature,Literary criticism on Nepali literature.,1991,0.0,108,0
,Kr̥tī ra kr̥ti,Cūḍāmaṇi Regmī,Nepali Literature,Articles on Nepali literature.,2000,0.0,0,0
,Pārakha prayatna,Śailenduprakāśa Nepāla,Nepali Literature,Literary criticism on Nepali literature.,1998,0.0,242,0
,Cintana ra samālocanā,Cūḍāmaṇi Regmī,Nepali Literature,"A Nepali literary work titled 'Cintana ra samālocanā' by Cūḍāmaṇi Regmī, featuring the stories, culture and voice of Nepal.",2002,0.0,104,0
,Vāisa samālocanā,Cūḍāmaṇi Regmī,Nepali Literature,"Articles on the works of Nepali author from Jhapa District, Nepal.",2000,0.0,75,0
,Samakālīna samālocanā sidhdānta ra prayoga,Mohan Raj Sharma,Nepali Literature,Contemporary literary criticism on Nepali literature.,1998,0.0,651,0
,Nepālī sāhityakā bhaupvālaharū,Jīvana Nāmadunga,Nepali Literature,Study on the Nepalese literary developments in Darjeeling and Sikkim areas.,1978,0.0,176,0
,Nepālī sāhitya,Ram Dayal Rakesh,Nepali Literature,Criticism on Nepali literature.,1998,0.0,208,0
,Ḍā. Īśvara Barālako Suvānandadekhi Śambhuprasādasamma,Īśvara Barāla,Nepali Literature,Literary criticism on the works of Nepali authors.,1998,0.0,348,0
,Nepālī sāhityako paricayātmaka itihāsa,Ghanaśyāma Nepāla,Nepali Literature,History of Nepali literature.,1991,0.0,150,0
,Rūpa ra rekhāharū,Ghanaśyāma Nepāla,Nepali Literature,Literary criticism of Nepali literature.,1996,0.0,153,0
,Nepālī sāhityakā pramukha samālocaka,Narendrarāja Prasāī,Nepali Literature,On the works of selected Nepali critics.,1997,0.0,156,0
9789993311379.0,Nepālī sāhityakā samālocaka ra samālocanā,Narendrarāja Prasāī,Nepali Literature,Articles on modern Nepali literature; includes works of selected Nepali critics.,2000,0.0,400,0
,Nepālī sāhityako vikāsamā Sikkimakā saṅghasaṃsthāharūko yogadāna,Udaya Kshetrī,Nepali Literature,Contributions of literary organizations in Sikkim towards the development of Nepali literature in India.,1999,0.0,129,0
,Līlā lekhana,Kr̥shṇa Dharāvāsī,Nepali Literature,Study on 20th century Nepali literature.,1996,0.0,109,0
,Khojī ani vyākhyā,Śaradcandra Śarmā,Nepali Literature,"Articles, previously published in various journal, chiefly on Nepali literature.",2000,0.0,242,0
,Nepālī sāhityako itihāsa,Śaradcandra Śarmā,Nepali Literature,"A Nepali literary work titled 'Nepālī sāhityako itihāsa' by Śaradcandra Śarmā, featuring the stories, culture and voice of Nepal.",1981,0.0,365,0
,"Nepālī vāṅmaya, kehī khojī, kehī vyākhyā",Śaradcandra Śarmā,Nepali Literature,Articles on the history of Nepali literature.,1987,0.0,272,0
,Ojhelamā parekāharū,Śaradcandra Śarmā,Nepali Literature,Articles on the works of selected Nepali authors.,1999,0.0,234,0
,Sandr̥shṭi,Kr̥shṇahari Barāla,Nepali Literature,Articles on the works of selected Nepali authors.,1998,0.0,180,0
,Pushpāñjali,Hemarāja Jñavālī,Nepali Literature,Articles on the works of prominent Nepali authors.,2000,0.0,171,0
,Ādhunika ālocanā,Kr̥shṇa Gautama,Nepali Literature,On Nepali literary criticism.,1993,0.0,514,0
,Anubhava ra ān̐khāharū,Ravilāla Adhikārī,Nepali Literature,"A Nepali literary work titled 'Anubhava ra ān̐khāharū' by Ravilāla Adhikārī, featuring the stories, culture and voice of Nepal.",1989,0.0,95,0
,Nepālī samālocanāko rūparekhā,Ravilāla Adhikārī,Nepali Literature,Articles on Nepali literary criticism.,1994,0.0,105,0
,Pragativādī Nepālī samālocanā,Ravilāla Adhikārī,Nepali Literature,Study on Nepali progressive literature.,1999,0.0,264,0
9789993336112.0,Sāhityika sandarbha,Ravilāla Adhikārī,Nepali Literature,Articles on the works of some contemporary Nepali authors.,2002,0.0,100,0
,Saṃskr̥tikā āyāma,Tejeśvara Bābu Gvaṅgaḥ,Nepali Literature,On Nepali literature.,1995,0.0,204,0
9789993312093.0,Hitaishī,Kamala Dīkshita,Nepali Literature,"Articles, chiefly on the works of selected modern Nepali authors.",2001,0.0,93,0
,Muḍkhule bāhuna,Kamala Dīkshita,Nepali Literature,Articles chiefly on the works of selected modern Nepali authors.,2004,0.0,61,0
,"Kehī anveshaṇa, kehī viśleshaṇa",Ghanaśyāma Upādhyāya Kan̐ḍela,Nepali Literature,On Nepali literature; articles.,1984,0.0,212,0
,Nepālī sāhityako śrībr̥ddhīmā Śāhavaṃśīya sr̥shṭāharuko yogadāna,Ushā Ṭhākura,Nepali Literature,Study on the literary writings of members of Shah dynasty of Nepal.,2002,0.0,114,0
,Sr̥shṭāko sirjanā ra drshṭāko samālocanātmaka dr̥shṭi,Ushā Ṭhākura,Nepali Literature,Articles on works of 20th century Nepali authors.,2002,0.0,156,0
,Nepālī sāhitya paricaya,Pūrṇa Rāī,Nepali Literature,Brief study of Nepali literature.,1999,0.0,64,0
,Pariśīlana,Narahari Ācārya,Nepali Literature,Literary criticism on Nepali literature.,1998,0.0,134,0
,Kehī kr̥ti ra kr̥tikāra,Kumārabahādura Jośī,Nepali Literature,Articles on the works of Nepali authors.,1997,0.0,195,0
9789993341857.0,Sirjanā ra vivecanā,Kumārabahādura Jośī,Nepali Literature,Articles on the works of modern Nepali authors.,2002,0.0,213,0
9789993341895.0,Manthana,Keśavaprasāda Upādhyāya,Nepali Literature,Articles on the works of contemporary Nepali authors.,2002,0.0,171,0
,Vicāra ra vyākhyā,Keśavaprasāda Upādhyāya,Nepali Literature,Articles on Nepali literature.,1983,0.0,283,0
,Tesro āyāma saiddhāntika cintana ra vivecanā,Aśesha Malla,Nepali Literature,"Study of Tesro āyāma, movement in modern Nepali literature.",1986,0.0,102,0
,Nepālī samālocanāko paramparā,Śobhākānti Thegima,Nepali Literature,Analytical treatise on the tradition of criticism on Nepali literature.,1992,0.0,167,0
,Samīkshā yātrā,"Subbā, Sūrya Kumāra of Darjeeling.",Nepali Literature,Articles on contemporary Nepali literature from India.,2003,0.0,106,0
9789994633487.0,"Sohra sr̥shṭi, sohrai dr̥shṭi",Yamabahādura Pauḍela Kshetrī,Nepali Literature,Literary criticism on the works of sixteen Nepali authors.,2005,0.0,173,0
,Ākhyānadekhi parākhyānasamma,Pempā Tāmāṅa,Nepali Literature,Articles on Nepali literature from India.,2005,0.0,162,0
,Divyāstra,Sonāma Chirīṅa,Nepali Literature,Articles on Nepali literature.,1993,0.0,76,0
,Nepālī sāhitya,Kamalā Sāṅkr̥tyāyana,Nepali Literature,History of Nepali literature.,1986,0.0,280,0
,Vicāra tathā vivecanā,Kamalā Sāṅkr̥tyāyana,Nepali Literature,"Articles, chiefly on Nepali literature.",1981,0.0,120,0
,Nepālī sāhityako saṅkshipta itihāsa,Dayārāma Śreshṭha,Nepali Literature,"A Nepali literary work titled 'Nepālī sāhityako saṅkshipta itihāsa' by Dayārāma Śreshṭha, featuring the stories, culture and voice of Nepal.",1977,0.0,159,0
,Prabandha-latā,Ḍillīrāma Timasinā,Nepali Literature,"A Nepali literary work titled 'Prabandha-latā' by Ḍillīrāma Timasinā, featuring the stories, culture and voice of Nepal.",1976,0.0,98,0
,Kehī sāhityika cintanaharū,Bāsu Rimāla,Nepali Literature,"A Nepali literary work titled 'Kehī sāhityika cintanaharū' by Bāsu Rimāla, featuring the stories, culture and voice of Nepal.",1975,0.0,168,0
,Kehī samālocanātmaka rekhāṅkanaharū,Anila Sigdela,Nepali Literature,"A Nepali literary work titled 'Kehī samālocanātmaka rekhāṅkanaharū' by Anila Sigdela, featuring the stories, culture and voice of Nepal.",1976,0.0,40,0
,Vikīrṇa cintana,Kumārabahādura Jośī,Nepali Literature,"A Nepali literary work titled 'Vikīrṇa cintana' by Kumārabahādura Jośī, featuring the stories, culture and voice of Nepal.",1976,0.0,151,0
,Sāhityika carcā,Yadu Nath Khanal,Nepali Literature,"A Nepali literary work titled 'Sāhityika carcā' by Yadu Nath Khanal, featuring the stories, culture and voice of Nepal.",1977,0.0,160,0
,"Kehī racanā, kehī vivecanā",Keśavaprasāda Upādhāya,Nepali Literature,"A Nepali literary work titled 'Kehī racanā, kehī vivecanā' by Keśavaprasāda Upādhāya, featuring the stories, culture and voice of Nepal.",1976,0.0,137,0
,Sāhityika anuśīlana,Bhānubhakta Pokharela,Nepali Literature,"A Nepali literary work titled 'Sāhityika anuśīlana' by Bhānubhakta Pokharela, featuring the stories, culture and voice of Nepal.",1978,0.0,142,0
,Nepālī sāhitya ra ālocanā,Ḍī. Pī Adhikārī,Nepali Literature,"A Nepali literary work titled 'Nepālī sāhitya ra ālocanā' by Ḍī. Pī Adhikārī, featuring the stories, culture and voice of Nepal.",1975,0.0,65,0
,Jñāna vijñānako diśā,Ḍillīrāma Timasinā,Nepali Literature,"A Nepali literary work titled 'Jñāna vijñānako diśā' by Ḍillīrāma Timasinā, featuring the stories, culture and voice of Nepal.",1976,0.0,230,0
,Akādamī nibandhāvalī,Lakkhīdevī Sundāsa,Nepali Literature,"A Nepali literary work titled 'Akādamī nibandhāvalī' by Lakkhīdevī Sundāsa, featuring the stories, culture and voice of Nepal.",1976,0.0,258,0
,Nepālī sāhityakā bhaupvālaharū,Jīvana Nāmadunga,Nepali Literature,"A Nepali literary work titled 'Nepālī sāhityakā bhaupvālaharū' by Jīvana Nāmadunga, featuring the stories, culture and voice of Nepal.",1978,0.0,176,0
,Dui-cāra harapha,Kancana Puḍāsainī,Nepali Literature,"A Nepali literary work titled 'Dui-cāra harapha' by Kancana Puḍāsainī, featuring the stories, culture and voice of Nepal.",1971,0.0,54,0
,Ān̐khījhyālabāṭa herdā,Bhīmakānta Upādhyāya,Nepali Literature,Articles on Nepali literature.,1994,0.0,156,0
9789388468589.0,History of modern Indian Nepali literature,Jīvana Nāmadunga,Nepali Literature,"A Nepali literary work titled 'History of modern Indian Nepali literature' by Jīvana Nāmadunga, featuring the stories, culture and voice of Nepal.",2019,0.0,136,0
9789994636501.0,Prārambhamā Paraśu Pradhāna,Paraśurāma Pradhāna,Nepali Literature,Collection of introductions to Nepali literary works.,2008,0.0,248,0
,Jantāko sāhitya,Ānandadeva Bhaṭṭa,Nepali Literature,"Articles, chiefly on Nepali literature.",1991,0.0,160,0
,Vyāvahārika samālocanā,Ānandadeva Bhaṭṭa,Nepali Literature,Articles on Nepali literature.,1991,0.0,129,0
9789993357506.0,"Pr̥thak sr̥jana, pr̥thak nirupaṇa",Jagadīśa Candra Bhaṇḍārī,Nepali Literature,Articles on modern Nepali literature.,2003,0.0,75,0
,Sāhitya,Jagadīśa Candra Bhaṇḍārī,Nepali Literature,Articles on contemporary Nepali literature.,1993,0.0,98,0
,Nepālī sāhityako bhūmika,Yajna Raj Satyal,Nepali Literature,"A Nepali literary work titled 'Nepālī sāhityako bhūmika' by Yajna Raj Satyal, featuring the stories, culture and voice of Nepal.",1970,0.0,118,0
,Saglo akshara,Kamalmani Acharya Dixit,Nepali Literature,Articles on Nepali literature.,1991,0.0,105,0
,Yasto pani,Kamalmani Acharya Dixit,Nepali Literature,"A Nepali literary work titled 'Yasto pani' by Kamalmani Acharya Dixit, featuring the stories, culture and voice of Nepal.",1957,0.0,118,0
9783424009088.0,Märchen aus Nepal,Günter Unbescheid,Nepali Literature,"A Nepali literary work titled 'Märchen aus Nepal' by Günter Unbescheid, featuring the stories, culture and voice of Nepal.",1987,0.0,239,0
9789993389415.0,Sindhu sāhityika itihāsa,Candraprasāda Nyaupāne,Nepali Literature,"History of Nepali literature from Sindhu Pālchok, Nepal.",2003,0.0,168,0
,"Kehī rahara, kehī ṭhahara",Nārāyaṇaprasāda Khanāla,Nepali Literature,Articles on Nepali literature.,1993,0.0,146,0
,Bhanne kurā,Kamalmani Acharya Dixit,Nepali Literature,"A Nepali literary work titled 'Bhanne kurā' by Kamalmani Acharya Dixit, featuring the stories, culture and voice of Nepal.",1975,0.0,281,0
,Sāhitya-cintana,Ratna Dhoj Joshi,Nepali Literature,"A Nepali literary work titled 'Sāhitya-cintana' by Ratna Dhoj Joshi, featuring the stories, culture and voice of Nepal.",1975,0.0,234,0
,Sāhitya vimarśa,Ratna Dhoj Joshi,Nepali Literature,"Articles, chiefly about Nepali literature.",1988,0.0,107,0
,Ādhunika Nepālī sāhityako jhalaka,Ratna Dhoj Joshi,Nepali Literature,"A Nepali literary work titled 'Ādhunika Nepālī sāhityako jhalaka' by Ratna Dhoj Joshi, featuring the stories, culture and voice of Nepal.",1964,0.0,471,0
,Kośī Añcalako sāhityika itihāsa,Ravimāna Lamajela,Nepali Literature,"History of Nepali literature from Kosī Zone, Nepal.",1993,0.0,175,0
,Mecī Añcalako sāhityika rupa-rekhā,Ravimāna Lamajela,Nepali Literature,"On Nepali literature from Mechī Zone, Nepal.",1985,0.0,0,0
,Dīrgha pratīkshā,Gaṇeśabahādura Prasāī,Nepali Literature,"A Nepali literary work titled 'Dīrgha pratīkshā' by Gaṇeśabahādura Prasāī, featuring the stories, culture and voice of Nepal.",1987,0.0,130,0
,Suvānandadāsadekhi rājīvalocanasamma,Gaṇeśabahādura Prasāī,Nepali Literature,History of Nepali literature; articles.,1987,0.0,174,0
,Nepālī sāhitya kā itihāsa,Dinanath,Nepali Literature,"A Nepali literary work titled 'Nepālī sāhitya kā itihāsa' by Dinanath, featuring the stories, culture and voice of Nepal.",1974,0.0,0,0
,Paryavekshaṇa,Jīvana Nāmaduṅga,Nepali Literature,Articles on contemporary Nepali literature.,1992,0.0,304,0
,Sāhitya ra samālocanā,Mohana Vikrama Siṃha,Nepali Literature,Articles on contemporary Nepali literature.,2006,0.0,212,0
,"Kehī kr̥ti, kehī pratikr̥ti",Narendra Cāpāgāīṃ,Nepali Literature,"A Nepali literary work titled 'Kehī kr̥ti, kehī pratikr̥ti' by Narendra Cāpāgāīṃ, featuring the stories, culture and voice of Nepal.",1981,0.0,132,0
,"Kehī sr̥shṭi, kehī dr̥shṭi",Narendra Cāpāgāīṃ,Nepali Literature,Articles on modern Nepali literature.,1986,0.0,156,0
,Sr̥janā ra dr̥shṭi,Raghu Nath Ghimire,Nepali Literature,Articles on Nepali literature.,1994,0.0,148,0
9789937200523.0,Arko deurālībāṭa,Kr̥shṇaprasāda Parājulī,Nepali Literature,Articles on contemporary Nepali literature.,2007,0.0,304,0
9789993358022.0,Deurālībāṭa,Kr̥shṇaprasāda Parājulī,Nepali Literature,"A Nepali literary work titled 'Deurālībāṭa' by Kr̥shṇaprasāda Parājulī, featuring the stories, culture and voice of Nepal.",2001,0.0,384,0
9789993334972.0,Samjhanākā kshitijamā,Kr̥shṇaprasāda Parājulī,Nepali Literature,Articles on the works of notable 20th century Nepali authors of Nepal and India.,2003,0.0,456,0
9789993359906.0,Sandarbha ra khojī,Jayadeva Bhaṭṭarāī,Nepali Literature,"Articles, chiefly on modern Nepali literature.",2001,0.0,74,0
9789994658725.0,Sr̥shṭimāthiko dr̥shṭi,Kulaprasāda Koirālā,Nepali Literature,Articles on Nepali literature.,2005,0.0,156,0
9789993323839.0,Samālocanākā kehī bānkīharu,Gopālaprasāda Bhaṇḍārī,Nepali Literature,Articles on modern Nepali literature.,2004,0.0,183,0
,Khojī-nīti,Śiva Regmī,Nepali Literature,Articles on 20th century Nepali literature.,2012,0.0,191,0
,"Bhūmikai, bhūmikāko, bhūmikā",Prema Choṭā,Nepali Literature,Collection of introduction written for the works of Nepali authors from western region.,2005,0.0,88,0
9789993310426.0,Rāpatīko sāhityika rūparekhā,Keśava Suvedī,Nepali Literature,"Study on Nepali literature from Rāptī Zone, Nepal.",2008,0.0,152,0
,Vagara māthiko janāvara mr̥tya,Vimala Ralpha,Nepali Literature,"A Nepali literary work titled 'Vagara māthiko janāvara mr̥tya' by Vimala Ralpha, featuring the stories, culture and voice of Nepal.",1968,0.0,34,0
,Vidita-avidita,Rāmalāla Adhikārī,Nepali Literature,Collection of editorials and prefaces written by the author for Nepali literary works from India.,1998,0.0,160,0
,Bhāratīya Nepālī sāhityako vikāsakrama,Asīta Rāī,Nepali Literature,On modern Nepali literature.,1986,0.0,312,0
,Amara prājña,Ghaṭarāja Bhaṭṭarāī,Nepali Literature,"A Nepali literary work titled 'Amara prājña' by Ghaṭarāja Bhaṭṭarāī, featuring the stories, culture and voice of Nepal.",1982,0.0,119,0
,Nepali literature in a nutshell,Nagendra Śarmā,Nepali Literature,"A Nepali literary work titled 'Nepali literature in a nutshell' by Nagendra Śarmā, featuring the stories, culture and voice of Nepal.",1983,0.0,59,0
,Nepālī sāhitya,Saritā Ḍhakāla,Nepali Literature,"A Nepali literary work titled 'Nepālī sāhitya' by Saritā Ḍhakāla, featuring the stories, culture and voice of Nepal.",1990,0.0,64,0
,Cintanakā pāilāharū,Kulaprasāda Khanāla,Nepali Literature,Articles on Nepali literature.,1991,0.0,104,0
,Svacchanda vicāra,Bhūshaṇa Śarmā,Nepali Literature,"Articles, chiefly on Nepali literature.",1991,0.0,80,0
,Sāhitya-dhārā,Indra Sundāsa,Nepali Literature,"Articles chiefly on the works of modern Nepali authors from Darjeeling, India.",1999,0.0,110,0
,Sāhitya ra sāhityakāra,Śivakumāra Pradhāna,Nepali Literature,Study of Nepali literature.,1997,0.0,92,0
,Ghotlyāiṃharū,Tārānātha Śarmā,Nepali Literature,"A Nepali literary work titled 'Ghotlyāiṃharū' by Tārānātha Śarmā, featuring the stories, culture and voice of Nepal.",1964,0.0,215,0
,Bhūmikai bhūmikā,Janak Lal Sharma,Nepali Literature,"A Nepali literary work titled 'Bhūmikai bhūmikā' by Janak Lal Sharma, featuring the stories, culture and voice of Nepal.",1979,0.0,175,0
9788126009558.0,Samakālīna Nepālī samālocanā,Jīvana Nāmadunga,Nepali Literature,Contributed articles on the works of contemporary Nepali authors from India.,2000,0.0,315,0
,Smārikā,Unknown,Nepali Literature,Souvenir brought out by a prominent literary and cultural organisation to honour famous Nepalese artists and authors; comprises articles on their works and samplings.,1999,0.0,0,0
,Jagadīśa Śamaśera Rāṇāko daśa dr̥shṭikoṇa,Jagadīśa Śamaśera Rāṇā,Nepali Literature,Articles on Nepali literature.,1988,0.0,206,0
,A history of Nepali literature,Kumar Pradhan,Nepali Literature,"A Nepali literary work titled 'A history of Nepali literature' by Kumar Pradhan, featuring the stories, culture and voice of Nepal.",1984,0.0,240,0
,Birsanu nahune bīsa,Kamala Dīkshita,Nepali Literature,Collection of essays on the works of select twenty Nepali authors.,2013,0.0,87,0
,"""Nepālī""",Acyutaramaṇa Adhikārī,Nepali Literature,"A Nepali literary work titled '""Nepālī""' by Acyutaramaṇa Adhikārī, featuring the stories, culture and voice of Nepal.",1990,0.0,340,0
,Vivecanai-vivecanā,Acyutaramaṇa Adhikārī,Nepali Literature,"A Nepali literary work titled 'Vivecanai-vivecanā' by Acyutaramaṇa Adhikārī, featuring the stories, culture and voice of Nepal.",1989,0.0,134,0
,Lekha-mālā,Mādhavaprasāda Devakoṭā,Nepali Literature,"Articles, chiefly on Nepali literature.",1981,0.0,239,0
,Eka bisāunī,"Śarmā, Rāmakr̥shṇa",Nepali Literature,Articles on Nepali literature and litterateurs.,1981,0.0,122,0
,Prārambhika kālako Nepālī sāhitya,Dayārāma Śreshṭha,Nepali Literature,"A Nepali literary work titled 'Prārambhika kālako Nepālī sāhitya' by Dayārāma Śreshṭha, featuring the stories, culture and voice of Nepal.",1981,0.0,265,0
9789993312802.0,Sāhityako itihāsa,Dayārāma Śreshṭha,Nepali Literature,"On the principals of history of literature, with special reference to Nepali literature.",2004,0.0,179,0
,Dr̥shṭikoṇakā vividha bisāunī,Gaṅgāprasāda Upretī,Nepali Literature,"A Nepali literary work titled 'Dr̥shṭikoṇakā vividha bisāunī' by Gaṅgāprasāda Upretī, featuring the stories, culture and voice of Nepal.",1989,0.0,152,0
,Nepālī sāhityako parikramā,Ṭhākura Parājulī,Nepali Literature,"A Nepali literary work titled 'Nepālī sāhityako parikramā' by Ṭhākura Parājulī, featuring the stories, culture and voice of Nepal.",1988,0.0,284,0
,Racana vivecanā,Hīrāmaṇī Śarmā Pauḍyāla,Nepali Literature,"A Nepali literary work titled 'Racana vivecanā' by Hīrāmaṇī Śarmā Pauḍyāla, featuring the stories, culture and voice of Nepal.",1989,0.0,192,0
,Samidhā,Durgā Prasāda Upādhyāya Ghimire,Nepali Literature,"Articles, chiefly about the Nepali literature and litterateurs.",1986,0.0,100,0
,"Kehī cintana, kehī manana",Hasta Necālī,Nepali Literature,Articles on modern Indian Nepali literature.,2002,0.0,159,0
,Samīkshā saṅkalana,Hasta Necālī,Nepali Literature,"Articles, chiefly on modern Nepali literature.",1985,0.0,148,0
,Nepālī sāhityako itihāsa,Bālacandra Śarmā,Nepali Literature,"A Nepali literary work titled 'Nepālī sāhityako itihāsa' by Bālacandra Śarmā, featuring the stories, culture and voice of Nepal.",1982,0.0,203,0
,Saundaryabodha ra samīkshā vividha,Gopīndra Pauḍela,Nepali Literature,Articles on modern Nepali literature.,2003,0.0,116,0
9789993322696.0,Samālocanai samālocanā,Khema Dāhāla,Nepali Literature,Articles on contemporary Nepali literature.,2002,0.0,116,0
9789993359814.0,Vāṇī-smaraṇa,Kr̥shṇa Prasāda Śarmā Vastī,Nepali Literature,"Articles, chiefly on contemporary Nepali literature and literary figures, previously published in various magazines.",2003,0.0,168,0
9789993374824.0,Samālocanā siddhānta ra Nepālī samālocanā,Bāburāma Adhikārī,Nepali Literature,On the principals of criticism with special reference to Nepali literature.,2004,0.0,171,0
9789993350651.0,Racanāko abhivyakti,Rameśa Gorkhālī,Nepali Literature,Articles on modern Nepali literature.,2003,0.0,118,0
,Bhāratīya Nepālī sāhitya ra saṃskr̥tiko jhalaka,Devī Panthī,Nepali Literature,Study of Nepali literature from India.,2004,0.0,285,0
,Kr̥tikārakā anuhāralāī kr̥tibhitra pargeldā,Hr̥shikeśa Upādhyāya,Nepali Literature,Articles on contemporary Nepali literature.,2006,0.0,153,0
9789993327899.0,Saṅkaramaṇako sāhitya ra samakālinatā,Purushottama Suvedī,Nepali Literature,Articles on the modern Nepali literature.,2009,0.0,181,0
,Yathārtha yātrā,Cūḍāmaṇi Regmī,Nepali Literature,"Collection of Nepali literary criticism and Nepali literature; previous published in Yathārtha kurā, Nepali literary journal.",2009,0.0,0,0
9788181612083.0,Nepālī sāhityako paricayātmaka itihāsa,Ghanaśyāma Nepāla,Nepali Literature,History of Nepali literature.,2009,0.0,285,0
,Bhāratelī Nepālī sāhitya ra sāhityakāra,Iśvara Barāla,Nepali Literature,Articles on Nepali literature from India.,1998,0.0,136,0
,Chariekā samīkśhā,Iśvara Barāla,Nepali Literature,"Collection of articles, chiefly on Nepali literature.",1999,0.0,412,0
,Adhiti kehī,Kumar Pradhan,Nepali Literature,"A Nepali literary work titled 'Adhiti kehī' by Kumar Pradhan, featuring the stories, culture and voice of Nepal.",2005,0.0,186,0
,Sāhityakāra Dadhirāja Suvedī,Unknown,Nepali Literature,"Study on the works of Dadhiraja Suvedi, Nepali author.",2006,0.0,94,0
9789994625833.0,Sarjaka Jośī ra unakā kr̥ti,Unknown,Nepali Literature,"Contributed articles on the works of Kumārabahādura Jośī, b. 1941, Nepali critic.",2007,0.0,282,0
,"Kehī sādhaka, kehī sādhanā",Droṇa Upādhyāya,Nepali Literature,Articles on works of writers of eastern Nepal.,2008,0.0,88,0
,Srshtabimba,Kapila Ajñāta,Nepali Literature,Literary criticism on the works of Nepali authors from Chitwan.,2010,0.0,0,0
,Sodha ra samiksha,Unknown,Nepali Literature,Articles on Nepali literature from Chitwan.,2007,0.0,116,0
,"Keri krti, aphnai drshti",Unknown,Nepali Literature,Articles on Nepali literature from Chitwan.,2008,0.0,128,0
,Krti ra drshti,Unknown,Nepali Literature,Articles on Nepali literature.,2008,0.0,132,0
,Sāhityika samālocanā,Ambikāprasāda Adhikārī,Nepali Literature,Articles on Nepali literature.,1996,0.0,167,0
,Sāhitya ra saṃskr̥ti,Jayaprasāda Ḍhakāla,Nepali Literature,Articles on Nepali literature.,1995,0.0,68,0
,"Kehī samīkshaṇa, kehī viśleshaṇa",Rājendra Suvedī,Nepali Literature,Articles on Nepali literature.,1992,0.0,136,0
,Nepālī samālocanā,Rājendra Suvedī,Nepali Literature,Tradition and trends in Nepali literary criticism.,2004,0.0,378,0
,"Vishaya gahana, sataha cintana",Rājendra Suvedī,Nepali Literature,"A Nepali literary work titled 'Vishaya gahana, sataha cintana' by Rājendra Suvedī, featuring the stories, culture and voice of Nepal.",1981,0.0,83,0
,Cintana ra saundarya,Vishṇu Prabhāta,Nepali Literature,Articles on Nepali literature.,1991,0.0,134,0
9789993350811.0,Nepālī sāhityako itihāsa,Cūḍāmaṇi Regmī,Nepali Literature,History of Nepali literature.,2003,0.0,0,0
,Adhiti kehī,Kumar Pradhan,Nepali Literature,Articles on contemporary Nepali literature by an Indian Nepali critic.,2005,0.0,186,0
,Samīkshā-sandhāna,Kapila Ajñāta,Nepali Literature,Collection of articles on modern Nepali literature. Articles previously published in various Nepali journals.,2007,0.0,130,0
,Ḍā. Narendra Cāpāgāīṃ smr̥tigrantha,Narendra Cāpāgāīṃ,Nepali Literature,"Festschrift for Narendra Cāpāgāīṃ, Nepali author and critic.",2005,0.0,284,0
,Samīkshā ra saundarya,Unknown,Nepali Literature,Articles on modern Nepali literature. Includes bibliographies.,2008,0.0,188,0
,Samīkshā-kuñja,Ṭīkā Ḍhuṅgela,Nepali Literature,Articles on the modern Indic Nepali literature.,2010,0.0,212,0
,Samīkshā sādhanā,Ṭīkā Ḍhuṅgela,Nepali Literature,"Articles on Nepali literature from Sikkim, India.",2008,0.0,112,0
,Kehī sāhityika samīkshā,Indrabahādura Chetrī,Nepali Literature,Articles on Indian Nepali literature.,2009,0.0,109,0
,Lekhana ani avabodhana,Sarad Kumar Chhetri,Nepali Literature,Articles on Nepali literature from India.,2008,0.0,168,0
,Kabhreli Nepali sahityako ruparekha,Unknown,Nepali Literature,Study on Nepali literature from Kavre district of Nepal.,2010,0.0,156,0
,Samaya sahitya,Unknown,Nepali Literature,Articles on modern Nepali literature.,2010,0.0,240,0
,Pragativāda,Devīprasāda Gautama,Nepali Literature,On progressivism in Nepali literature.,1992,0.0,203,0
,Citavanako sāhitya sarvekshaṇa ra viśleshaṇa,Lakshmaṇaprasāda Gautama,Nepali Literature,Study of Nepali literature from Chitawan District.,1995,0.0,136,0
,Sudūrapaścimāñcalamā sāhitya ra sāhityakāraharu,Devīprasāda Ojhā,Nepali Literature,Study of Nepali literature from western region of Nepal.,2003,0.0,147,0
9879947821407.0,Sāhityasiddhānta,Vāsudeva Tripāṭhī,Nepali Literature,Critical study on Nepali literature.,2009,0.0,232,0
9879947821407.0,Sāhityasiddhānta,Vāsudeva Tripāṭhī,Nepali Literature,"A Nepali literary work titled 'Sāhityasiddhānta' by Vāsudeva Tripāṭhī, featuring the stories, culture and voice of Nepal.",2009,0.0,232,0
,Yadunatha Khanalaka samalocana,Unknown,Nepali Literature,Collection literary criticism on the works of different Nepali authors.,2011,0.0,348,0
,Bhānu smārikā,Udaya Chetrī; Bhānuprakāśa Mārmika,Nepali Literature,"Volume to commemorate 186 birth anniversary of Bhanubhakta, 1812-1868, renowned Nepali poet; comprises articles on Nepali literature, poems, short stories, and play by Nepali authors from Sikkim.",2009,0.0,181,0
,Bhānu smārikā,Udaya Chetrī; Bhānuprakāśa Mārmika,Nepali Literature,"A Nepali literary work titled 'Bhānu smārikā' by Udaya Chetrī, featuring the stories, culture and voice of Nepal.",2009,0.0,181,0
9789937898522.0,Bhīmanidhikā bhūmikāharū,Bhīmanidhi Tivārī; Śiva Regmī,Nepali Literature,Collected forwards of Nepali author on his work.,2015,0.0,202,0
,Vyakti-abhivyakti,Gaṇeśa Bhaṇḍārī,Nepali Literature,"A Nepali literary work titled 'Vyakti-abhivyakti' by Gaṇeśa Bhaṇḍārī, featuring the stories, culture and voice of Nepal.",1999,0.0,205,0
,Nepālabāhira Nepālī sāhitya ra saṃskr̥ti,Ḍillīrāja Śarmā,Nepali Literature,"A Nepali literary work titled 'Nepālabāhira Nepālī sāhitya ra saṃskr̥ti' by Ḍillīrāja Śarmā, featuring the stories, culture and voice of Nepal.",1995,0.0,130,0
,Nepālī sāhityako śrībr̥ddhīmā Śāhavaṃśīya sr̥shṭāharuko yogadāna,Ushā Ṭhakura,Nepali Literature,"A Nepali literary work titled 'Nepālī sāhityako śrībr̥ddhīmā Śāhavaṃśīya sr̥shṭāharuko yogadāna' by Ushā Ṭhakura, featuring the stories, culture and voice of Nepal.",2002,0.0,114,0
9789937331340.0,Khojīmelī,Śiva Regmī,Nepali Literature,Articles on Nepali literature.,2017,0.0,166,0
9789937299268.0,"Samālocanā siddhānta, Nepālī samālocanā ra śodhavidhi",Bodharāja Ḍhakāla,Nepali Literature,Study on literary criticism with special reference to Nepali literature.,2015,0.0,329,0
,Kr̥ti-vivecanā,Rañjuśrī Parājulī,Nepali Literature,"A Nepali literary work titled 'Kr̥ti-vivecanā' by Rañjuśrī Parājulī, featuring the stories, culture and voice of Nepal.",1999,0.0,143,0
9789993332312.0,Ādhunika Nepālī ālocanā,Jayaprasāda Ḍhakāla,Nepali Literature,"A Nepali literary work titled 'Ādhunika Nepālī ālocanā' by Jayaprasāda Ḍhakāla, featuring the stories, culture and voice of Nepal.",2000,0.0,191,0
9789993350699.0,Khangchendzonga Sacred Summit,Pema & Mita Zulca Wangchuk,Nepali Literature,"Anthology of poems, short stories, extract from novels, one-act plays, and essays by various authors; covers the period 19th-20th century.",2007,0.0,263,0
,Ḍā. Īśvara Barālako Suvānandadekhi Śambhuprasādasamma,Iśvara Barāla,Nepali Literature,"A Nepali literary work titled 'Ḍā. Īśvara Barālako Suvānandadekhi Śambhuprasādasamma' by Iśvara Barāla, featuring the stories, culture and voice of Nepal.",1998,0.0,348,0
,Sr̥shṭāko sirjanā ra drshṭāko samālocanātmaka dr̥shṭi,Ushā Ṭhakura,Nepali Literature,"A Nepali literary work titled 'Sr̥shṭāko sirjanā ra drshṭāko samālocanātmaka dr̥shṭi' by Ushā Ṭhakura, featuring the stories, culture and voice of Nepal.",2002,0.0,156,0
,Manobhāvanā/lekhikāharū,Mohana Duvāla,Nepali Literature,Transcript of interviews with women Nepali writers.,1997,0.0,95,0
9780195641462.0,Modern literary Nepali,Michael Hutt,Nepali Literature,On Nepali grammar with selected 20th century Nepali poetry with English translation.,1997,0.0,286,0
9789937689380.0,Samakālīna pratinidhi Nepālī nārī kavitā,Netra Eṭama,Nepali Literature,Representative anthology of 21st century poems on women in Nepal,2017,0.0,236,0
,"Nepālī Loka-Saṃskr̥ti-Saṅgoshṭhī, 2032","Nepālī Loka-Saṃskr̥ti-Saṅgoshṭhī (1975 Kathmandu, Nepal)",Nepali Literature,"A Nepali literary work titled 'Nepālī Loka-Saṃskr̥ti-Saṅgoshṭhī, 2032' by Nepālī Loka-Saṃskr̥ti-Saṅgoshṭhī (1975 Kathmandu, Nepal), featuring the stories, culture and voice of Nepal.",1978,0.0,279,0
9789993305545.0,Uttaraādhunika ainā,Govinda Rāja Bhaṭṭarāī,Nepali Literature,Critical articles on postmodern literary theory and Nepali literature.,2005,0.0,343,0
9789937835503.0,Uttaraādhunika sam̆vāda,Kr̥shṇa Gautama,Nepali Literature,Study of Nepali literature with reference to postmodernism.,2010,0.0,551,0
9789994654291.0,Uttaraādhunika jijñāsā,Kr̥shṇa Gautama,Nepali Literature,Postmodernism and Nepali literature; a study.,2007,0.0,400,0
9788170556015.0,Hindī aura Nepālī sāhitya ke pratinidhi hastākshara,Ushā Ṭhākura,Nepali Literature,Study of the works of 20th century Hindi and Nepali authors.,1998,0.0,118,0
,Kvān̐ṭī,Paras Mani Pradhan,Nepali Literature,"A Nepali literary work titled 'Kvān̐ṭī' by Paras Mani Pradhan, featuring the stories, culture and voice of Nepal.",1972,0.0,183,0
9789937805421.0,Uttaraādhunika vimarśa,Govinda Rāja Bhaṭṭarāī,Nepali Literature,Postmodern theory and criticism with reference to Nepali literature.,2008,0.0,675,0
9789994662005.0,"Uttaraādhunikatāvāda, bhrama ra vāstavikatā",Ninu Cāpāgāī,Nepali Literature,Postmodernism and Nepali literature; articles.,2004,0.0,160,0
9789937323192.0,पूर्ववाद र सैदेली विचार,निनु चापागाई,Nepali Literature,Articles on postmodern theory; with reference to Nepali literature,2016,0.0,363,0
,Sāhityako rūparekhā,Ṭaṅkaprasāda Nyaupāne,Nepali Literature,"Theories of literature, poetics, and criticism; with reference to Nepali.",1981,0.0,392,0
9789937810531.0,Nepālī sāhityamā uttaraādhunika samālocanā,Lakshmaṇaprasāda Gautama,Nepali Literature,"A Nepali literary work titled 'Nepālī sāhityamā uttaraādhunika samālocanā' by Lakshmaṇaprasāda Gautama, featuring the stories, culture and voice of Nepal.",2009,0.0,184,0
,Ḍoṭelī loka-saṃskr̥ti ra sāhitya,Vijayakumāra Cālise,Nepali Literature,"On the folk literature and culture of Doteli District, Seti Zone, Nepal.",1983,0.0,244,0
,Nepālī aura Hindī : bhaktikāvya kā tulanātmaka adhyayana,Mathura Datt Pandey,Nepali Literature,"A Nepali literary work titled 'Nepālī aura Hindī : bhaktikāvya kā tulanātmaka adhyayana' by Mathura Datt Pandey, featuring the stories, culture and voice of Nepal.",1970,0.0,381,0
9789994651474.0,Rāptī lokasāhitya,Govinda Ācārya,Nepali Literature,"Study on Nepali folk literature from Rapti Zone, Nepal.",2006,0.0,571,0
,"Smārikā, Tr̥tiya Bhārata-Nepāla Nepālī Lekhaka Sammelana-2003, Vārāṇasī","Bhārata-Nepāla Nepālī Lekhaka Sammelana (3rd 2003 Vārānasi, Uttar Pradesh, India)",Nepali Literature,"Souvenir brought out on the occasion of 3rd India-Nepal Nepali Writers' Conference, 2003; comprises articles chiefly on Nepali literature.",2003,0.0,256,0
9789993371281.0,"'Śāradā' kā sampādakīya vicāraharū, 1991-2020",Śiva Regmī,Nepali Literature,"Collections of editorials published in Śārada, Nepali literary magazine, chiefly on Nepali literature; covers the period, 1934-1963.",2002,0.0,446,0
9789937597135.0,Sucāruvādadeśika,Theodore Riccardi; Todd Lewis; Bruce McCoy Owens,Nepali Literature,"Contributed articles honoring Theodore Riccardi, former professor of Columbia University.",2014,0.0,398,0
,Sirjanātmaka lekhana,Cūḍāmaṇi Regmī,Nepali Literature,"Papers presented at a Sirjanātmaka Lekhana Kāryaśālā Goshṭhī, organized by Nepāla Rājakīya Prajñā-Pratishṭhāna, 1989; comprises articles on creative writings in Nepali.",1991,0.0,170,0
,Vaṅmaya,England) Antarrāshṭriya Nepālī Sāhitya Sammelana (2nd 2011 London,Nepali Literature,"Proceedings of 2nd International Nepali Literature Conference, held in London, Augut 26-28, 2011.",2011,0.0,188,0
,Siddhānta ra sāhitya,Bhānubhakta Pokharela,Nepali Literature,Application of the principles of Sanskrit poetics to Nepali literature and criticism.,1983,0.0,278,0
9789937263580.0,Nepālī samālocanā ra samālocakā,Śrīdhara Nyaupāne,Nepali Literature,Articles on Nepali literary criticism and critics.,2012,0.0,69,0
9789994665390.0,Vaicārika anubhūtiharu,Mohana Duvāla,Nepali Literature,Transcript of interviews with a Nepali author; chiefly about the development of Nepali literature.,2007,0.0,111,0
,Mādhyamika Nepālī gadyākhyāna,Śaradcandra Śarmā,Nepali Literature,Study of Nepali prose literature.,1993,0.0,306,0
9789994699445.0,Ḍā. Kumārabahādura Jośīsitakā antarvārtāharu,Kumārabahādura Jośī,Nepali Literature,"Transcript of interviews with Kumārabahādura Jośī, b. 1941, Nepali critic, chiefly on Nepali literature.",2006,0.0,131,0
,Nava-dr̥shṭi,Baikuṇṭhaprasāda Lākaula,Nepali Literature,"A Nepali literary work titled 'Nava-dr̥shṭi' by Baikuṇṭhaprasāda Lākaula, featuring the stories, culture and voice of Nepal.",1978,0.0,107,0
,Nepalī lokasāhityako vivecana,Dharmarāja Thāpā,Nepali Literature,Study of Nepali folk literature.,1985,0.0,478,0
,"Nepālī sāhityamā ""Abhivyakti"" patrikāko yogadāna",Muktarāja Upādhyāya,Nepali Literature,"Study on the contribution of Abhivyakti, a literary journal in the development of Nepali literature.",1994,0.0,97,0
,Nepālī sāhityamā svacchandatāvādī kāvyadhārā,Gaṇeśabahādura Prasāī,Nepali Literature,Romanticism in Nepali literature; a study.,1991,0.0,232,0
,"Nepālī sāhityamā ""Abhivyakti"" patrikāko yogadāna",Muktarāja Upādhyāya,Nepali Literature,"Study on the contribution of Abhivyakti, a literary journal in the development of Nepali literature.",1994,0.0,97,0
,Pānca śaya varsha,Bālakr̥shṇa Pokharela,Nepali Literature,"A Nepali literary work titled 'Pānca śaya varsha' by Bālakr̥shṇa Pokharela, featuring the stories, culture and voice of Nepal.",1963,0.0,643,0
,Parvata Sāhitya Saṅgama,Rājendra Pahāḍī,Nepali Literature,"Introduction to Parvata Sāhitya Saṅgama, literary council of Parvat district.",2010,0.0,34,0
9788126017010.0,Nepālī loka sāhityako rūparekhā,Khemarāja Nepāla,Nepali Literature,Study of Nepali folk literature.,2003,0.0,240,0
,Nepālī lokasāhityako jhalaka,Ravilāla Adhikārī,Nepali Literature,Study on Nepali folk literature. Includes bibliographies.,2008,0.0,96,0
,Lokasāhitya ṭipana ṭāpana,Unknown,Nepali Literature,Articles on Nepali folk literature.,2007,0.0,126,0
,Lokavārtā lokakai carcā,Droṇa Upādhyāya,Nepali Literature,Collection of articles Nepali folk literature.,2008,0.0,162,0
9789937689519.0,Lokavārtā siddhānta ra Nepālī sandarbha,Droṇa Upādhyāya; Nepāla Prajñā Pratishṭhāna,Nepali Literature,Study on Nepali folk literature.,2017,0.0,352,0
9789937859592.0,Saṃvādamā Mohanabahādura Kāyastha,Mohan B. Kayastha,Nepali Literature,"Collection of interviews with Nepali and Newari author, about Nepali literature and his life and works.",2014,0.0,134,0
,Kābhrelī,Unknown,Nepali Literature,"By various Nepali writers from Kābhre Palāncoka District, Nepal.",1993,0.0,88,0
9789386771483.0,Tea garden literature,India) Seminar on 'Tea Garden Literature' (2012 New Delhi,Nepali Literature,"Contributed articles presented at the Seminar on 'Tea Garden Literature', organised by Sahitya Akademi on September 22, 2012, in New Delhi.",2017,0.0,106,0
,Pragativādī sāhityako bhūmikā,Unknown,Nepali Literature,Progressivism in Nepali literature; contributed articles.,1985,0.0,175,0
9789937321419.0,Dalita saundaryaśāstra ra sāhitya,Ninu Cāpāgāī,Nepali Literature,Presentation of Dalits in Nepali literature; articles.,2011,0.0,406,0
9789937320047.0,Nārīvādako kaṭhagharamā Nepālī sāhitya,Sudhā Tripāṭhī,Nepali Literature,Feminism in Nepali literature; a study.,2010,0.0,217,0
9789937589390.0,Nepālī nārīvādī samālocanā,Sudhā Tripāṭhī; Sītā Panthī,Nepali Literature,Feminism in Nepali literature; contributed articles.,2013,0.0,320,0
,Sāhityika vivecanā,Khilacahādura Bhāvuka,Nepali Literature,"A Nepali literary work titled 'Sāhityika vivecanā' by Khilacahādura Bhāvuka, featuring the stories, culture and voice of Nepal.",1973,0.0,53,0
,Yathārthavādī racanā dr̥shṭi ra vivecanā,Ninu Cāpāgāī,Nepali Literature,Study of realism in Nepali literature.,1994,0.0,239,0
,Śodha ra samīkshā,Devī Śarmā,Nepali Literature,Articles on the image of woman in Nepali literature.,1988,0.0,148,0
9789993336501.0,Ka ka na na,Kamala Dīkshita,Nepali Literature,Depiction of God in Nepali literature; contributed articles.,2001,0.0,98,0
,Hindī Nirguṇa kāvya aura Nepālī Josamanī kāvya,Mahendranātha Pāṇḍeya,Nepali Literature,Comparative study of the mystic poetry of medieval Hindi saint poets and Nepali poets of the Josamanī sect,1981,0.0,220,0
,Kurā san̐gālo,Unknown,Nepali Literature,"On the activities of the Vāsudeva-Vidyādeva Luin̐ṭela Guṭhī 2050, an organization established in the memory of Vāsudeva Śarmā Luin̐ṭela for the propagation of humor and satire in Nepali literature; contributed articles.",1994,0.0,134,0
,Līlālekhana,Rājendra Bhaṇḍārī,Nepali Literature,On literary movement of Nepali literature in 1963.,1997,0.0,76,0
9789937254182.0,Ḍāyasporā sāhitakā samālocanāharu,Śrīdhara Nyaupāne,Nepali Literature,Articles on Nepali literature by Nepali diaspora.,2012,0.0,139,0
9789994635641.0,Analysis of Snow Clearance Routes in the City of North York,Franca Aquilla,Nepali Literature,"A Nepali literary work titled 'Analysis of Snow Clearance Routes in the City of North York' by Franca Aquilla, featuring the stories, culture and voice of Nepal.",1984,0.0,0,0
9789994635641.0,Sāhityamā Nārāyaṇī Añcalakā nārīhastāksharaharu,Gāyatrī Śreshṭha,Nepali Literature,"A Nepali literary work titled 'Sāhityamā Nārāyaṇī Añcalakā nārīhastāksharaharu' by Gāyatrī Śreshṭha, featuring the stories, culture and voice of Nepal.",2005,0.0,88,0
9789993322672.0,Līlāprastāvanā,Indrabahādura Rāī,Nepali Literature,"On Līlā, a literary trend in Nepali literature started in 1963.",2002,0.0,105,0
9789937589840.0,Nepālī lokavārtā,Nepal) Nepālī Loka Sāhitya Rāshṭriya Saṅgoshṭhī (1st 2011 Pokhara,Nepali Literature,"Transcript of papers on Nepali folk literature, titled ""Nepālī Loka Sāhitya Rāshṭriya Saṅgoshṭhī"" presented at the first national seminar jointly organised by Prithivi Narayan Campus, Pokhara and Nepāla Prajñā Pratishṭhāna held on 19-20 November 2011 and second seminar jointly organised by Bhairahawa Multiple Campus and Nepāla Prajñā Pratishṭhāna on 8-9 March 2013.",2015,0.0,480,0
9789937646178.0,Nepālī loka vārtā,Nepal) Nepālī Loka Vārta Rashṭriya Saṅgoshṭhī (3rd 2013 Dhangarhi,Nepali Literature,"Transcript of papers on Nepali folk literature, presented at the third national seminar held on 21-28 October 2013 in Dhangarhi and Baitadi, Nepal, and fourth national seminar held in Dang, Nepal 2014.",2015,0.0,0,0
,Tamu sum̐,Unknown,Nepali Literature,"Literary collections by and on Gurung, Nepalese people.",1992,0.0,94,0
9789937023498.0,Līlābodha,Kr̥shṇa Dharāvāsī; Homa Bhaṭṭarāī,Nepali Literature,On Nepali literature and literary movement in Nepal.,2016,0.0,231,0
,Nepali narisamalocana,Unknown,Nepali Literature,Literary criticism on the works of women authors.,2011,0.0,227,0
,Nepālī jīvanī ra ātmakathāko saiddhāntika tathā aitihāsika vivecanā,Bhikṭara Pradhāna,Nepali Literature,"A Nepali literary work titled 'Nepālī jīvanī ra ātmakathāko saiddhāntika tathā aitihāsika vivecanā' by Bhikṭara Pradhāna, featuring the stories, culture and voice of Nepal.",1987,0.0,349,0
9789993369752.0,Sāhityamā janajāti,Ṭeka Ba Puna Magara,Nepali Literature,Presentation of ethnic groups in contemporary Nepali literature; articles.,2004,0.0,48,0
,Terhauṃ Sāhitya-Vanamahotsava,"Sāhitya-Vanamahotsava (13th 2000 Chitawan, Nepal)",Nepali Literature,"Papers chiefly on Nepali literature presented at the 13th Sāhitya-Vanamahotsava, congregation of Nepali women authors at Chitwan during May 6-7, 2000.",2000,0.0,56,0
,"Ādhunikatā, uttaraādhunikatā ra Nepālī ākhyāna",Lakshmīśaraṇa Adhikārī,Nepali Literature,Modernism and postmodernism in Nepali fiction; a study.,2011,0.0,93,0
9789937100700.0,Nepālī loka sāhityamā jana jīvana,Jīvendradeva Girī,Nepali Literature,Depiction of social life in Nepali folk literature; a study.,2010,0.0,198,0
9788182054196.0,Folktales and literature of Himalaya,Kuldip Singh Gulia,Nepali Literature,"A Nepali literary work titled 'Folktales and literature of Himalaya' by Kuldip Singh Gulia, featuring the stories, culture and voice of Nepal.",2007,0.0,400,0
9781138556744.0,Goddesses of Kathmandu Valley,Arun Gupto,Nepali Literature,"""In South Asia goddesses are conceptualized and worshipped in a fascinating range of forms from cosmic beings to bacterial manifestations, from human-like appearances to creatures with animal and insect semblances. This book maps the diverse identities of goddesses through metaphors of grace, rage and knowledge, and offers an in-depth insight into femininity, sexual politics, ritual worships, religion, ecology, and gender. The volume explores how these deity attributes are expressed and embedded through anthropomorphic as well as inorganic forms of nature, beautiful women, multi-legged and many-armed animals, epistemic selves, demonic beings, glamorous personifications, as also grotesque sub-humans. The second edition contains an Epilogue which further explores how the discourses on Goddesses are moulded by the myth and folklore. It opens discussions on how the dynamism of Goddess cultures have been appropriated into contemporary variations of those archetypes over time. This book will be useful to scholars and researchers of religious studies, cultural studies, folklore, art, literature, sociology and gender studies, especially those interested in Nepal and Hinduism.""--Provided by publisher.",2015,0.0,224,0
9789937821490.0,Sāṃskr̥tika adhyayana ra Nepāli sāhitya,Rājendra Suvedī,Nepali Literature,Study of Nepali literature with indepth analysis of portrayal of society and culture.,2016,0.0,438,0
9789993332312.0,Saṅkaṭakāla ra saṅkaṭakālīna abhivyaktiharu,Ḍillīrāja Ācārya,Nepali Literature,On the state of emergency in Nepal.,2002,0.0,137,0
,Nepālī upanyāsamā āñcalikatā,Dhanaprasāda Suvedī Śramika,Nepali Literature,"Regionalism in Nepali novel, a study.",1999,0.0,83,0
,Janaāndolanapachikā kavitā,Vāsu Rimāla Yātrī,Nepali Literature,Study of Nepali poems on democratic movement.,1997,0.0,42,0
,Nārīvādī siddhānta ra Nepālī upanyāsamā yasako prārambhika rūpa,Vishṇuprasāda Pauḍela,Nepali Literature,Depiction of feminism in Nepali novel; articles.,2012,0.0,207,0
,Arūgi,Prema Pradhāna,Nepali Literature,"Contributed articles on the works of Acchā Rāī, 1928-1952, Rup Narayan Sinha, 1907-1955, and Agamasiṃha Girī, 1927-1971, Indian Nepali authors.",1981,0.0,124,0
9788186954881.0,Call of the hills,Sayantan Dasgupta; Kabita Lama,Nepali Literature,"A Nepali literary work titled 'Call of the hills' by Sayantan Dasgupta, featuring the stories, culture and voice of Nepal.",2012,0.0,0,0
9789993309406.0,Rājanītika āndolana ra samakālīna Nepālī kavitā,Lakshmaṇaprasāda Gautama,Nepali Literature,Presentation of political movements in the modern Nepali poetry; a study.,2011,0.0,155,0
,Pragativāda ra kavitā,Tārākānta Pāṇḍeya,Nepali Literature,Progressivism in Nepali poetry; a study.,1999,0.0,85,0
9789993305668.0,Nepālī nāṭakamā nārī samasyā,Nandamāyā Nakarmī,Nepali Literature,Women problems in Nepali plays; a study.,2006,0.0,205,0
9789937922944.0,Kāṭhamāṇḍū montāj,Prakāśa Sāyamī,Nepali Literature,"Articles chiefly on music, cinema and literature of Nepal.",2018,0.0,206,0
,Folk tales of Nepal,Tulasī Divasa,Nepali Literature,"Folk tales, retold.",1993,0.0,59,0
,Nepālī kāvyamā prakṛti,Bhairab Prasad Aryal,Nepali Literature,"A Nepali literary work titled 'Nepālī kāvyamā prakṛti' by Bhairab Prasad Aryal, featuring the stories, culture and voice of Nepal.",1973,0.0,215,0
9789937895897.0,Kāṭhamānḍū selphī,Prakāśa Sāyamī,Nepali Literature,"Articles chiefly on music, cinema and literature of Nepal.",2015,0.0,290,0
,Kavi Motīrāma Bhaṭṭa ra Nepālī sāhityako vikāsa,Rameśa Pākhe,Nepali Literature,"A Nepali literary work titled 'Kavi Motīrāma Bhaṭṭa ra Nepālī sāhityako vikāsa' by Rameśa Pākhe, featuring the stories, culture and voice of Nepal.",1976,0.0,74,0
,"Smr̥tiko yātrā, manakā ḍoba",Kanchan Pudasaini,Nepali Literature,"A Nepali literary work titled 'Smr̥tiko yātrā, manakā ḍoba' by Kanchan Pudasaini, featuring the stories, culture and voice of Nepal.",1980,0.0,73,0
9789993394648.0,Nepālī pragativādī kavitāmā vidrohaceta,Aśoka Suvedī,Nepali Literature,Dissent in the Nepali progressive poetry; a study.,2005,0.0,153,0
,Śāha vanśakā sr̥shṭā,Bhīma Kharela,Nepali Literature,"Study on the works, literary and artistic, of the members of royal family of Nepal; includes samplings of their works.",1996,0.0,159,0
,Nepali upanyasama narivada,Sudhā Tripāṭhī,Nepali Literature,Feminism in the Nepali novels; a study.,2012,0.0,432,0
9789937272124.0,Ḍa. Vāsudeva Tripāṭhī,Rājendra Suvedī; Rameśa Śubhecchu,Nepali Literature,"Contributed aricles on the works of Vāsudeva Tripāṭhī̃, Nepali critic.",2013,0.0,567,0
,"Samaya-saundarya, paryāvaraṇa ra kavitā",Rameśaprasāda Bhaṭṭarāī,Nepali Literature,Study of environment in Nepali poetry.,2013,0.0,198,0
9789937689342.0,Nepālī upanyāsamā gaṇatāntrika ceta,Ḍi. Āra Pokharela; Mātr̥kā Pokharela,Nepali Literature,Study on Nepali fiction; with special reference to democratic aspiration.,2017,0.0,276,0
,Trends in dalit writing,Erisha Suwal,Nepali Literature,"A Nepali literary work titled 'Trends in dalit writing' by Erisha Suwal, featuring the stories, culture and voice of Nepal.",2012,0.0,77,0
,Caudhauṃ Sāhitya Vanamahotsava,"Sāhitya-Vanamahotsava (14th 2001 Chitwan, Nepal)",Nepali Literature,"Motherhood in Nepali literature and society, papers presented at the 14th Sāhitya-Vanamahotsava, held at Chitwan during May 2001.",2001,0.0,100,0
9789937619127.0,Nirbandha monṭāja,Dīpaka Sāpakoṭā,Nepali Literature,Anthology of essays by various authors.,2013,0.0,356,0
,Nepāla Bhāratakā kehī nārī pratibhā,Gomā.,Nepali Literature,"A Nepali literary work titled 'Nepāla Bhāratakā kehī nārī pratibhā' by Gomā., featuring the stories, culture and voice of Nepal.",1987,0.0,131,0
9789993340959.0,Dr̥shṭicautārī,Sudhā Tripāthī,Nepali Literature,Articles on Nepali literature by contemporary women authors.,2001,0.0,186,0
9789937865517.0,Nepālī upanyāsamā sāmājika yathārthavāda,Vishṇuprasāda Pauḍela,Nepali Literature,Social realism in Nepali novels; a study.,2012,0.0,336,0
9789937589147.0,Nepālī upanyāsamā laiṅgikatā,Jñānū Pāṇḍe,Nepali Literature,"A Nepali literary work titled 'Nepālī upanyāsamā laiṅgikatā' by Jñānū Pāṇḍe, featuring the stories, culture and voice of Nepal.",2012,0.0,239,0
,"Samaya-saundarya, paryāvaraṇa ra kavitā",Rameśaprasāda Bhaṭṭarāī,Nepali Literature,Environmental protection in modern Nepali poetry; articles.,2013,0.0,198,0
9789937241311.0,Nepālī sāhityamā Sāhitya Sandhyāko yogadāna,Navarāja Khativaḍā,Nepali Literature,"Contribution of Sāhitya Sandhyā, literary organization in promoting Nepali literature.",2011,0.0,127,0
9789994688500.0,Nepālī vāṅmayamā Ratna-Śreshṭha Puraskāra Guṭhi,Ḍuṇḍīrāja Pauḍela,Nepali Literature,"History of Ratna-Śreshṭha Puraskāra Guṭhi, literary organization; includes study of Nepali books awarded by the organization.",2006,0.0,175,0
,Bukīsuna,Kamalmani Acharya Dixit,Nepali Literature,"A Nepali literary work titled 'Bukīsuna' by Kamalmani Acharya Dixit, featuring the stories, culture and voice of Nepal.",1979,0.0,120,0
9789993323143.0,Samakālīna Nepālī kavitāko bimbaparaka viśleshaṇa,Lakshmaṇaprasāda Gautama,Nepali Literature,Imagery in the modern Nepali poetry; a study.,2003,0.0,299,0
,Sobhiyata Nepālavidharū,Śyāma Prasāda,Nepali Literature,"A Nepali literary work titled 'Sobhiyata Nepālavidharū' by Śyāma Prasāda, featuring the stories, culture and voice of Nepal.",1966,0.0,83,0
,Manovaijñānika anusandhānātmaka samālocanā,Murārīprasāda Regmī,Nepali Literature,Study of representative short stories in the light of modern psychology.,1981,0.0,148,0
9789937880169.0,Briṭisa Gorkhā sainika sāhityako itihāsa,Puraṇa Rāī,Nepali Literature,History of Nepali literature by Gorkha soldiers in British Army.,2013,0.0,386,0
9789937824811.0,Mārksavādī sāhitya ra janayuddhako saundarya,Ghanaśyāma Ḍhakāla,Nepali Literature,"Contributed articles on Nepali literature on Nepal people's war, 1996-2006.",2010,0.0,1010,0
,"Tribhuvana Viśvavidyālayakā Nepālī Vishaya-Śikshakaharūko Prathama Rāshṭriya Adhiveśana, 2034","Tribhuvana Viśvavidyālaya kā Nepālī Vishaya-Śikshakaharūko Rāshṭriya Adhiveśana (1st : 1977 : Kathmandu, Nepal)",Nepali Literature,"A Nepali literary work titled 'Tribhuvana Viśvavidyālayakā Nepālī Vishaya-Śikshakaharūko Prathama Rāshṭriya Adhiveśana, 2034' by Tribhuvana Viśvavidyālaya kā Nepālī Vishaya-Śikshakaharūko Rāshṭriya Adhiveśana (1st : 1977 : Kathmandu, Nepal), featuring the stories, culture and voice of Nepal.",1978,0.0,447,0
9789993365006.0,"Essays on Nepali, Indian, and American literature",Shreedhar Gautam,Nepali Literature,"Comprises articles on Nepali literature, works of Mulk Raj Anand, Indic writer in English, and American philosophy and multiculturism.",2001,0.0,76,0
,Nepālī bālasāhityako itihāsa,Pramoda Pradhāna,Nepali Literature,History of Nepali children's literature.,2000,0.0,164,0
,Gorkhāvaṅmaya,Unknown,Nepali Literature,Articles on Nepali literature and history of the Gurkhas from Darjeeling District.,1991,0.0,161,0
,Perspectives from Pokhara,Unknown,Nepali Literature,"A Nepali literary work titled 'Perspectives from Pokhara' by Unknown, featuring the stories, culture and voice of Nepal.",2012,0.0,124,0
,Nepālī bāla-sāhityako rūparekhā,Acyutaśaraṇa Aryāla,Nepali Literature,"A Nepali literary work titled 'Nepālī bāla-sāhityako rūparekhā' by Acyutaśaraṇa Aryāla, featuring the stories, culture and voice of Nepal.",1988,0.0,50,0
9783447040587.0,Classics of modern South Asian literature,Rupert Snell; Ian Raeside,Nepali Literature,"A Nepali literary work titled 'Classics of modern South Asian literature' by Rupert Snell, featuring the stories, culture and voice of Nepal.",1998,0.0,257,0
9789388468909.0,Bhāratīya Nepālī sāhityamā yuddha sāhitya,India) Bhāratīya Nepālī Sāhityamā Yuddha Sāhitya (Seminar) (2013 Dehra Dūn,Nepali Literature,"Papers presented at a seminar on Nepali literature in India, with reference to world wars; organized by Saitya Akademi in 2013, at Dehra Dūn, India.",2019,0.0,72,0
,"Chelovek, obshchestvo, religii͡a︡ v sovremennoĭ nepalʹskoĭ poėzii",L. A. Aganina,Nepali Literature,"A Nepali literary work titled 'Chelovek, obshchestvo, religii͡a︡ v sovremennoĭ nepalʹskoĭ poėzii' by L. A. Aganina, featuring the stories, culture and voice of Nepal.",1985,0.0,228,0
,Anubhava ra anubhūti,Uttama Kum̐vara,Nepali Literature,"A Nepali literary work titled 'Anubhava ra anubhūti' by Uttama Kum̐vara, featuring the stories, culture and voice of Nepal.",1982,0.0,235,0
9781322086811.0,Maithil Women's Tales,Coralynn V. Davis,Nepali Literature,"""Constrained by traditions restricting their movements and speech, the Maithil women of Nepal and India have long explored individual and collective life experiences by sharing stories with one another. Sometimes fantastical, sometimes including a kind of magical realism, these tales allow women to build community through a deeply personal and always evolving storytelling form. In Maithil Women’s Tales, Coralynn V. Davis examines how these storytellers weave together their own life experiences--the hardships and the pleasures--with age-old themes. In so doing, Davis demonstrates, they harness folk traditions to grapple personally as well as collectively with social values, behavioral mores, relationships, and cosmological questions. Each chapter includes stories and excerpts that reveal Maithil women’s gift for rich language, layered plots, and stunning allegory. In addition, Davis provides ethnographic and personal information that reveal the complexity of women’s own lives, and includes works painted by Maithil storytellers to illustrate their tales. The result is a fascinating study of being and becoming that will resonate for readers in women’s and Hindu studies, folklore, and anthropology.""--Amazon.com.",2014,0.0,272,0
9789993358022.0,Sherpa conversation & basic words,Lhakpa Doma Sherpa,Nepali Literature,"A Nepali literary work titled 'Sherpa conversation & basic words' by Lhakpa Doma Sherpa, featuring the stories, culture and voice of Nepal.",2006,0.0,167,0
,Bherī lokasāhitya,Pūrṇa Prakāśa Nepāla,Nepali Literature,Folk literature from Bherī Zone of Nepal; with editorial introduction and commentary.,1984,0.0,571,0
9789937568807.0,Lokasāhitya,Manohara Lāmichāne,Nepali Literature,Study on folk literature of Nepal and it's social life reflection.,2015,0.0,211,0
9789937209755.0,Creation and criticism,Shreedhar Gautam,Nepali Literature,"A Nepali literary work titled 'Creation and criticism' by Shreedhar Gautam, featuring the stories, culture and voice of Nepal.",2008,0.0,150,0
9789937263757.0,Thāru loka-sāhitya,Phani Śyāma Thāru,Nepali Literature,"Study of folk literature of Tharu, ethnic people of Nepal.",2013,0.0,440,0
9783882800524.0,The divine play of Lord Krishna,Siegfried Lienhard,Nepali Literature,"A Nepali literary work titled 'The divine play of Lord Krishna' by Siegfried Lienhard, featuring the stories, culture and voice of Nepal.",1995,0.0,254,0
,Voices and experiences of children affected by armed conflict,UNICEF/Nepal,Nepali Literature,"Comics, cartoon strips, stories and poems by children; with reference to the Nepal Civil war.",2008,0.0,76,0
9780888994264.0,We Need to Go to School,Tanya Roberts-Davis,Nepali Literature,"A Nepali literary work titled 'We Need to Go to School' by Tanya Roberts-Davis, featuring the stories, culture and voice of Nepal.",2001,0.0,48,0
9783525851166.0,Über den Charakter der sprachgeschichtlichen Rekonstruktionen,Mikko Korhonen,Nepali Literature,"A Nepali literary work titled 'Über den Charakter der sprachgeschichtlichen Rekonstruktionen' by Mikko Korhonen, featuring the stories, culture and voice of Nepal.",1974,0.0,15,0
9781234567897.0,Panorama Estratégico 2020,Desmond Egan,Nepali Literature,"A Nepali literary work titled 'Panorama Estratégico 2020' by Desmond Egan, featuring the stories, culture and voice of Nepal.",2020,0.0,0,0
9781234567897.0,Tirai bambu,Charles Avery,Nepali Literature,"The God, state and economy in Eurasia language; history and criticism.",2006,0.0,258,0
,Defining moments,P. V. Pillai,Nepali Literature,"A Nepali literary work titled 'Defining moments' by P. V. Pillai, featuring the stories, culture and voice of Nepal.",2000,0.0,0,0
9789937802109.0,Palpasa café,Nārāyaṇa Vāgle,Nepali Literature,"A Nepali literary work titled 'Palpasa café' by Nārāyaṇa Vāgle, featuring the stories, culture and voice of Nepal.",2008,1.0,240,1
9789937593663.0,Hitler and the Jews,Viśveśvara Prasāda Koirālā,Nepali Literature,"A Nepali literary work titled 'Hitler and the Jews' by Viśveśvara Prasāda Koirālā, featuring the stories, culture and voice of Nepal.",2016,0.0,216,0
9788186939628.0,Hidden women,Greta Rana,Nepali Literature,"A Nepali literary work titled 'Hidden women' by Greta Rana, featuring the stories, culture and voice of Nepal.",2012,0.0,368,0
9788190935401.0,Gorkhas Imagined,Indra Bahadur Rai,Nepali Literature,A collection of 8 stories and 2 essays (one of which is originally written in English) by I.B. Rai.,2009,0.0,190,0
,The eclipse,Dhūsvāṃ Sāyami,Nepali Literature,"A Nepali literary work titled 'The eclipse' by Dhūsvāṃ Sāyami, featuring the stories, culture and voice of Nepal.",1967,0.0,203,0
,Upanyāsa-siddhānta ra Nepālī upanyāsa,Kr̥shṇahari Barāla,Nepali Literature,Theories of novels with special reference to Nepali novel; a study.,1999,0.0,332,0
9781780872964.0,The Gurkhas Daughter Stories,Prajwal Parajuly,Nepali Literature,"A Nepali literary work titled 'The Gurkhas Daughter Stories' by Prajwal Parajuly, featuring the stories, culture and voice of Nepal.",2014,0.0,0,0
9788185693613.0,Sheets of Snow,Nagendra Sharma,Nepali Literature,"A Nepali literary work titled 'Sheets of Snow' by Nagendra Sharma, featuring the stories, culture and voice of Nepal.",1997,0.0,135,0
,Racanā-kusuma,Unknown,Nepali Literature,Chiefly poems and short stories of Indian Nepalese authors from Sikkim.,1989,0.0,78,0
,Smārikā,Puṇyaprasāda Śarmā,Nepali Literature,Collection of poems and short stories of Sikkimese authors.,1989,0.0,144,0
,Snātakottara Nepālī kathā,Rājendra Suvedī,Nepali Literature,Collection of short stories.,1994,0.0,231,0
,Pratinidhi Nepālī kathā ra ātmaṭippaṇī,Rājendra Parājulī,Nepali Literature,Short stories by various authors; includes self appraisal.,1996,0.0,274,0
,Nepālī kathā-yātrā,Unknown,Nepali Literature,"A Nepali literary work titled 'Nepālī kathā-yātrā' by Unknown, featuring the stories, culture and voice of Nepal.",1988,0.0,208,0
,Kathai kathā,Unknown,Nepali Literature,"A Nepali literary work titled 'Kathai kathā' by Unknown, featuring the stories, culture and voice of Nepal.",1989,0.0,28,0
,Sikkimelī kathā avalokana,Unknown,Nepali Literature,"A Nepali literary work titled 'Sikkimelī kathā avalokana' by Unknown, featuring the stories, culture and voice of Nepal.",1987,0.0,146,0
9789994643882.0,Pratinidhi Nepālī laghukathāharu,Unknown,Nepali Literature,Anthology of Nepali mini stories.,2008,0.0,256,0
9789993365099.0,Nepālī rājanītika kathāharu,Rājendra Parājulī,Nepali Literature,"A Nepali literary work titled 'Nepālī rājanītika kathāharu' by Rājendra Parājulī, featuring the stories, culture and voice of Nepal.",2009,0.0,228,0
9789993365099.0,Nepālī rājanītika kathāharu,Rājendra Parājulī,Nepali Literature,"A Nepali literary work titled 'Nepālī rājanītika kathāharu' by Rājendra Parājulī, featuring the stories, culture and voice of Nepal.",2009,0.0,228,0
9789937589284.0,Prajñā Nepālī ādhunika kathā,Sanata Regmī,Nepali Literature,Anthology of modern Nepali short stories.,2013,0.0,0,0
9789994685097.0,Svapnila sahara,Pradīpa Nepāla,Nepali Literature,"A Nepali literary work titled 'Svapnila sahara' by Pradīpa Nepāla, featuring the stories, culture and voice of Nepal.",2007,0.0,128,0
,Prakr̥ti,Anila Adhikārī,Nepali Literature,"A Nepali literary work titled 'Prakr̥ti' by Anila Adhikārī, featuring the stories, culture and voice of Nepal.",2006,0.0,312,0
9789937204910.0,Śiśiramā phuleko gurām̐sa,Yuvarāja Saṅgraulā,Nepali Literature,"A Nepali literary work titled 'Śiśiramā phuleko gurām̐sa' by Yuvarāja Saṅgraulā, featuring the stories, culture and voice of Nepal.",2008,0.0,476,0
9789994698073.0,Nadekhiekā pāilāharu,Hariprasāda Pāṇḍeya,Nepali Literature,"A Nepali literary work titled 'Nadekhiekā pāilāharu' by Hariprasāda Pāṇḍeya, featuring the stories, culture and voice of Nepal.",2006,0.0,185,0
9789937918602.0,Uljhana,Hemaprabhāsa,Nepali Literature,"A Nepali literary work titled 'Uljhana' by Hemaprabhāsa, featuring the stories, culture and voice of Nepal.",2017,0.0,288,0
,Śirīṣako phūla,Pārijāta,Nepali Literature,"A Nepali literary work titled 'Śirīṣako phūla' by Pārijāta, featuring the stories, culture and voice of Nepal.",1994,0.0,72,0
9789937003261.0,Moḍarna belī,Bī. Ena Jośī,Nepali Literature,"A Nepali literary work titled 'Moḍarna belī' by Bī. Ena Jośī, featuring the stories, culture and voice of Nepal.",2016,0.0,213,0
9789994621217.0,Sukarātakā pāilā,Govinda Rāja Bhaṭṭarāī,Nepali Literature,"A Nepali literary work titled 'Sukarātakā pāilā' by Govinda Rāja Bhaṭṭarāī, featuring the stories, culture and voice of Nepal.",2006,0.0,195,0
9789937910491.0,Śūnya ḍigrī,Prollāsa Sindhulīya,Nepali Literature,"A Nepali literary work titled 'Śūnya ḍigrī' by Prollāsa Sindhulīya, featuring the stories, culture and voice of Nepal.",2016,0.0,231,0
9789937018357.0,Simala,Sushmā Khaḍkā,Nepali Literature,Novel based on love theme.,2016,0.0,278,0
9789937023481.0,Tallo bāṭo,Kr̥shṇa Dharāvāsī,Nepali Literature,"A Nepali literary work titled 'Tallo bāṭo' by Kr̥shṇa Dharāvāsī, featuring the stories, culture and voice of Nepal.",2017,0.0,283,0
9789937918725.0,Rānīvana,Kr̥shṇa Gautama,Nepali Literature,"A Nepali literary work titled 'Rānīvana' by Kr̥shṇa Gautama, featuring the stories, culture and voice of Nepal.",2017,0.0,286,0
9789937918701.0,Punarutthāna,Mālikā Keśarī,Nepali Literature,"A Nepali literary work titled 'Punarutthāna' by Mālikā Keśarī, featuring the stories, culture and voice of Nepal.",2017,0.0,232,0
9789994628872.0,Ghanacakkara,Sañjīva Upretī,Nepali Literature,"A Nepali literary work titled 'Ghanacakkara' by Sañjīva Upretī, featuring the stories, culture and voice of Nepal.",2007,0.0,247,0
9789937665162.0,Monsoon,Unknown,Nepali Literature,Novel based on love theme.,2016,0.0,254,0
9781412051835.0,Fragile Mountains,MK Limbu,Nepali Literature,"A Nepali literary work titled 'Fragile Mountains' by MK Limbu, featuring the stories, culture and voice of Nepal.",2006,0.0,444,0
9789937320733.0,Sapanāmā Mārksa,Rājendra Parājulī,Nepali Literature,"A Nepali literary work titled 'Sapanāmā Mārksa' by Rājendra Parājulī, featuring the stories, culture and voice of Nepal.",2011,0.0,128,0
,Gaṇatantrako garjana,Nepāla Prakāśa Adhikārī,Nepali Literature,"A Nepali literary work titled 'Gaṇatantrako garjana' by Nepāla Prakāśa Adhikārī, featuring the stories, culture and voice of Nepal.",2007,0.0,144,0
,Agnivatika,Tāriṇīprasāda Koirālā,Nepali Literature,Novel by noted author.,2011,0.0,236,0
9789747315141.0,Under the pipal tree,Adrian Storrs,Nepali Literature,"A Nepali literary work titled 'Under the pipal tree' by Adrian Storrs, featuring the stories, culture and voice of Nepal.",1988,0.0,113,0
9789937625791.0,जदौ मालिक,भुवनहरि सिग्देल,Nepali Literature,Based on feudalism in Nepal.,2016,0.0,275,0
9789994627950.0,Samakālīna pragativādī Nepālī kathākā pravr̥tti,Dīpaka Gautama,Nepali Literature,Critical analysis of progressive Nepali short story.,2007,0.0,470,0
,Bhāratīya Nepālī kahāniyām̐,Suvāsa Dīpaka,Nepali Literature,By several 20th century Nepali authors.,1996,0.0,189,0
9789937689601.0,Samasāmayika pragativādī Nepālī kathā,Mātr̥kā Pokharela; Bindu Śarmā,Nepali Literature,Compilation of short stories; includes a brief study on contemporary Nepali fiction.,2017,0.0,296,0
,Nepali kathako itihasa,Lakshmaṇaprasāda Gautama,Nepali Literature,History of Nepali short story with theory of short story.,2012,0.0,335,0
,Kathavimarsa,Sanata Regmī,Nepali Literature,Collection of critical essays on Nepali short story.,2011,0.0,317,0
9789993384526.0,Sani Le Runa Birsin =,Basant Balami,Nepali Literature,"A Nepali literary work titled 'Sani Le Runa Birsin =' by Basant Balami, featuring the stories, culture and voice of Nepal.",2004,0.0,0,0
9789937200646.0,Stories of conflict and war,Govinda Rāja Bhaṭṭarāī,Nepali Literature,"A Nepali literary work titled 'Stories of conflict and war' by Govinda Rāja Bhaṭṭarāī, featuring the stories, culture and voice of Nepal.",2007,0.0,219,0
9789937905367.0,Ghāgī,Śiva Prakāśa,Nepali Literature,Novel based on the life of Nepali immigrants who settled in United States.,2015,0.0,239,0
9780949457479.0,The zoning,Peter Faulkner,Nepali Literature,"A Nepali literary work titled 'The zoning' by Peter Faulkner, featuring the stories, culture and voice of Nepal.",1992,0.0,277,0
9789937012546.0,Mudira,Mīnarāja Basanta,Nepali Literature,"Based on the life of Nepali youth, working in foreign countries.",2016,0.0,256,0
,Bāsa salkirahecha,Bhāgīratha Rāvata,Nepali Literature,Novel based on the history of the Nepalese in India.,1981,0.0,304,0
9780913622032.0,Nepalese short stories,Karuna Kar Vaidya,Nepali Literature,"A Nepali literary work titled 'Nepalese short stories' by Karuna Kar Vaidya, featuring the stories, culture and voice of Nepal.",1971,0.0,140,0
,Rebel,Unknown,Nepali Literature,Anthology of short stories by various authors.,2011,0.0,188,0
,Bagara bagarakā śāligrāma,Unknown,Nepali Literature,"Articles, written in the style of fiction, on the physically handicapped in Nepal.",1982,0.0,83,0
9789937644532.0,Nayām̐ adhyāya,Gitākesarī,Nepali Literature,Novel based on social condition of women in Nepal.,2017,0.0,224,0
,Yathārthavādī samālocanāko goreṭomā,"Pokharela, Ḍi. Āra.",Nepali Literature,Articles on the works of modern Nepali fiction writers.,2002,0.0,109,0
9789993337522.0,Nepālī ākhyānako adhyayana,Kumāraprasāda Koirālā,Nepali Literature,Articles on modern Nepali fiction.,2002,0.0,143,0
,Nepālī upanyāsa śatavārshikī,Sanata Regmī; Bhāupanthī; Rośana Thāpā Nīrava,Nepali Literature,Contributed articles on Nepali novel; volume to commemorate hundred years of Nepali novel.,2003,0.0,179,0
9789937547451.0,Upanyāsa samālocanā,Rāmaprasāda Jñavālī,Nepali Literature,Articles on modern Nepali novels.,2013,0.0,207,0
,Saṃvāda ra saṃvāda,Unknown,Nepali Literature,Contributed articles on eight popular Nepali novels.,1998,0.0,126,0
9789993329497.0,Manoviśleshaṇātmaka Nepālī upanyāsamā pātravidhāna,Durgābahādura Ghartī,Nepali Literature,Psychoanalysis of the characters in Nepali novels.,2010,0.0,344,0
,Pragativāda ra Nepālī upanyāsa,R̥shirāja Barāla,Nepali Literature,Progressive trends in the Nepali fiction.,1983,0.0,162,0
,Ākhyānako udbhava,Īśvara Barāla,Nepali Literature,On the origin and development of Nepali fiction.,1983,0.0,171,0
9788181611048.0,Ākhyānakā kurā,Ghanaśyāma Nepāla,Nepali Literature,Study on the modern Nepali fiction.,2005,0.0,164,0
,Racanāko romānca,Kr̥shṇa Gautama,Nepali Literature,Articles on modern Nepali fiction.,1999,0.0,230,0
9789994654390.0,"Annual Statistical Report, 1983",American Iron and Steel Institute,Nepali Literature,"A Nepali literary work titled 'Annual Statistical Report, 1983' by American Iron and Steel Institute, featuring the stories, culture and voice of Nepal.",1984,0.0,156,0
,Ādhunika Nepālī upanyāsa,Mohanaprasāda Dāhāla,Nepali Literature,Study of modern Nepali novel.,1993,0.0,89,0
,Dārjīliṅakā Nepālī upanyāsa,Mohanaprasāda Dāhāla,Nepali Literature,"Study on the Nepali novel from Darjeeling, India.",2001,0.0,429,0
,Samakālīna Nepālī sāhitya cintana ra upanyāsa samālocanā,Vishṇuprasāda Pauḍela,Nepali Literature,Contemporary Nepali literary thoughts and criticism of Nepali novels.,2012,0.0,164,0
,Nepālī upanyāsa ra janajīvana,"Adhikārī, Ḍī. Pī.",Nepali Literature,Articles on the modern Nepali novel.,2003,0.0,79,0
9789650204914.0,Nimkerah,Patricia Macormik,Nepali Literature,"A Nepali literary work titled 'Nimkerah' by Patricia Macormik, featuring the stories, culture and voice of Nepal.",2009,0.0,256,0
,Kehī upanyāsa kehī cintana,Khema Koirālā,Nepali Literature,"A Nepali literary work titled 'Kehī upanyāsa kehī cintana' by Khema Koirālā, featuring the stories, culture and voice of Nepal.",1978,0.0,48,0
,Manoviśleshaṇātmaka samālocanā,Murārīprasāda Regmī,Nepali Literature,"A Nepali literary work titled 'Manoviśleshaṇātmaka samālocanā' by Murārīprasāda Regmī, featuring the stories, culture and voice of Nepal.",1983,0.0,297,0
,Nepālī upanyāsa,Pratāpacandra Pradhāna,Nepali Literature,Study on the Nepali novel.,1983,0.0,150,0
9789993382966.0,Rama Danga Parin =,Shilpi Pradhan,Nepali Literature,"A Nepali literary work titled 'Rama Danga Parin =' by Shilpi Pradhan, featuring the stories, culture and voice of Nepal.",2003,0.0,0,0
9789994685134.0,Bachchu's forest journey,Yadav Prasad Mainali,Nepali Literature,"A Nepali literary work titled 'Bachchu's forest journey' by Yadav Prasad Mainali, featuring the stories, culture and voice of Nepal.",2006,0.0,0,0
9788122311075.0,The red corridor,Ritu Dokania,Nepali Literature,"A Nepali literary work titled 'The red corridor' by Ritu Dokania, featuring the stories, culture and voice of Nepal.",2010,0.0,166,0
,"Nepālī upanyāsa, paramparā ra pravr̥tti",Rājendra Suvedī,Nepali Literature,Study of Nepali novel.,1996,0.0,344,0
,Akhyana vimarsa,Unknown,Nepali Literature,Collection of critical articles on contemporary Nepali fiction.,2011,0.0,296,0
,Nepali upanyasako itihasa,Khagendraprasāda Luiṭela,Nepali Literature,History of Nepali novel with theory of novel.,2012,0.0,457,0
,Upanyasa samalocana,Vishṇuprasāda Pauḍela,Nepali Literature,Collection of critical essays on Nepali novel.,2011,0.0,340,0
9788173031021.0,Rupamati,Rudrarāja Pāṇḍeya,Nepali Literature,"A Nepali literary work titled 'Rupamati' by Rudrarāja Pāṇḍeya, featuring the stories, culture and voice of Nepal.",1999,0.0,101,0
9780941594028.0,"Russell, Alexandra, and John",Joseph R. Simonetta,Nepali Literature,"A Nepali literary work titled 'Russell, Alexandra, and John' by Joseph R. Simonetta, featuring the stories, culture and voice of Nepal.",1981,0.0,114,0
9789937320634.0,Nepālī mahilā upanyāsakāra,Līlā Luiṭela,Nepali Literature,Study on the works of Nepali women novel writers.,2011,0.0,252,0
9789388070195.0,Hostage,Greta Rana,Nepali Literature,"A Nepali literary work titled 'Hostage' by Greta Rana, featuring the stories, culture and voice of Nepal.",2018,0.0,223,0
9789994651658.0,Samakālīna Nepālī dvandvakathā,Lakshmaṇaprasāda Gautama,Nepali Literature,Anthology of short stories on the current political conflict in Nepal.,2006,0.0,214,0
9789937589659.0,Nepālī kathā ra kathākāra,Dayārāma Śreshṭha,Nepali Literature,History of Nepali short story and the short story writers.,2013,0.0,415,0
,Sani Le Runa Birsin =,Basant Balami,Nepali Literature,"A Nepali literary work titled 'Sani Le Runa Birsin =' by Basant Balami, featuring the stories, culture and voice of Nepal.",2000,0.0,0,0
9789937805469.0,Unnati Bohara Sheela's two faces of a coin,Unnatī Boharā Śīlā,Nepali Literature,Novel based on husband-wife relationships in male dominated Hindu society.,2008,0.0,162,0
,Modern Nepali poems,Unknown,Nepali Literature,"A Nepali literary work titled 'Modern Nepali poems' by Unknown, featuring the stories, culture and voice of Nepal.",1972,0.0,327,0
9789937299527.0,Sūktisindhu,Rājendra Suvedī; Śyāmajīprasāda Śarmā Aryāla,Nepali Literature,Anthology of romantic Nepali poetry by several Nepali poets.,2015,0.0,130,0
9789993364528.0,Desa Nadukhos,Sangita Guruna,Nepali Literature,"A Nepali literary work titled 'Desa Nadukhos' by Sangita Guruna, featuring the stories, culture and voice of Nepal.",2001,0.0,91,0
,Sirjanā ra mādhyama,Unknown,Nepali Literature,Anthology of poems by contemporary poets of Nepal.,1998,0.0,87,0
9789993361305.0,Selected Nepali lyrical poems,Robin S. Sharma,Nepali Literature,Includes brief biographical sketches of the poets represented.,2001,0.0,206,0
,Purānā kavi ra kavitā,Bāburāma Ācārya,Nepali Literature,"A Nepali literary work titled 'Purānā kavi ra kavitā' by Bāburāma Ācārya, featuring the stories, culture and voice of Nepal.",1966,0.0,236,0
,Down the Himalaya flows the Ganga,Shailendra K. Singh,Nepali Literature,Includes brief bio-data of the poets represented.,1999,0.0,80,0
,Rāshṭriya-ekatā,Lila Bahādura Rāī,Nepali Literature,Nepali patriotic poems.,1994,0.0,52,0
9789994685074.0,Pāilāharumai saḍaka,Pratisarā Sāymi,Nepali Literature,"A Nepali literary work titled 'Pāilāharumai saḍaka' by Pratisarā Sāymi, featuring the stories, culture and voice of Nepal.",2006,0.0,75,0
,Sammelana kavitā saṅgraha,Unknown,Nepali Literature,"A Nepali literary work titled 'Sammelana kavitā saṅgraha' by Unknown, featuring the stories, culture and voice of Nepal.",1983,0.0,316,0
,Goreṭomā cālekā pāilāharū,Unknown,Nepali Literature,"Anthology of poems from Bhojpur region, Nepal.",1986,0.0,114,0
,Mādhyamikakālīna kavi ra kavitā,Ghaṭarāja Bhaṭṭarāī,Nepali Literature,"A Nepali literary work titled 'Mādhyamikakālīna kavi ra kavitā' by Ghaṭarāja Bhaṭṭarāī, featuring the stories, culture and voice of Nepal.",1988,0.0,433,0
,Samasyāpūrti,Ramā Śarmā,Nepali Literature,"A Nepali literary work titled 'Samasyāpūrti' by Ramā Śarmā, featuring the stories, culture and voice of Nepal.",1981,0.0,262,0
,Lakshmī saḍakakā kavitā,Unknown,Nepali Literature,Collection of contemporary poems.,1995,0.0,86,0
,Māncheko arko paradeśa,Unknown,Nepali Literature,Collection of contemporary Nepali poems.,1994,0.0,80,0
,Śāśvata svaraharu,Prema Choṭā,Nepali Literature,Collection of contemporary Nepali poetry.,1996,0.0,102,0
,Bhūpāla arcanā,Unknown,Nepali Literature,Collection of lyrical poems of contemporary authors.,1998,0.0,151,0
,Euṭā arko buin̐gala,Ghaṭarāja Bhaṭṭarāī,Nepali Literature,Poems by 19th and 20th century Nepali authors; includes pen-portraits of the poets represented.,1996,0.0,306,0
,Madhyapaścimakā kavitā,Unknown,Nepali Literature,Representative poetry from central west Nepal.,1996,0.0,226,0
,Samakālīna Nepālī kavitāko rūpayātrā,Unknown,Nepali Literature,"A Nepali literary work titled 'Samakālīna Nepālī kavitāko rūpayātrā' by Unknown, featuring the stories, culture and voice of Nepal.",1996,0.0,97,0
,Āsthāko pukāra,Kanchan Pudasaini,Nepali Literature,"A Nepali literary work titled 'Āsthāko pukāra' by Kanchan Pudasaini, featuring the stories, culture and voice of Nepal.",1996,0.0,95,0
,Asamelī Nepālī kavitā,Gaṇeśa Bhaṇḍārī,Nepali Literature,"Poems by Nepali authors from Assam, India.",1997,0.0,92,0
,Premakā kavitā,Unknown,Nepali Literature,"A Nepali literary work titled 'Premakā kavitā' by Unknown, featuring the stories, culture and voice of Nepal.",1996,0.0,153,0
,Sr̥jana,Unknown,Nepali Literature,Poems by contemporary Nepali poets.,1989,0.0,84,0
,Buin̐galako euṭā bākasa,Unknown,Nepali Literature,Collection of poems.,1996,0.0,74,0
,Jogamaṇḍalīkā kavi ra kavitā,Unknown,Nepali Literature,"Collection of poems by members of Jog Mandali, a congregation of Nepali poets.",1995,0.0,127,0
,Kavitā-mahotsava,Unknown,Nepali Literature,"A Nepali literary work titled 'Kavitā-mahotsava' by Unknown, featuring the stories, culture and voice of Nepal.",1989,0.0,250,0
9789937265522.0,Śatābdī,Lekhanātha Bhaṇḍārī,Nepali Literature,"Collection of poems; volume to commemorate birth century of Laxmi Prasad Devkota, Nepali poet.",2013,0.0,252,0
,Indrakīla pushpāñjali,Unknown,Nepali Literature,Collection of Nepali poems.,1993,0.0,72,0
,Kavitā kuñja,Unknown,Nepali Literature,Collection of poems.,1993,0.0,55,0
,Kavitā saṅgālo,Unknown,Nepali Literature,Collection of poems of contemporary Nepali authors.,1998,0.0,101,0
,Sampadā,Unknown,Nepali Literature,Anthology of poems read at a poetry meeting; includes biodata of authors represented.,1998,0.0,78,0
,Dāṅakā suselīharū,Unknown,Nepali Literature,"Anthology of poems by Nepali authors from Dang District, Nepal.",1998,0.0,62,0
,Sayavarshakā kavitā,Śailendra Sākāra,Nepali Literature,"A Nepali literary work titled 'Sayavarshakā kavitā' by Śailendra Sākāra, featuring the stories, culture and voice of Nepal.",2001,0.0,296,0
,Pratinidhi kavitāharū,Unknown,Nepali Literature,Anthology of poems by contemporary Indian Nepali authors.,1996,0.0,48,0
,Bhānumotī,Narendrarāja Prasāī,Nepali Literature,Collection of best poems of a poetry recitation program.,1999,0.0,125,0
,Nava ādhunika Nepālī kavitā,Unknown,Nepali Literature,Anthology of modern Nepali poetry.,1985,0.0,203,0
,Ān̐kurā,Unknown,Nepali Literature,"A Nepali literary work titled 'Ān̐kurā' by Unknown, featuring the stories, culture and voice of Nepal.",1982,0.0,62,0
,Nepālī kavitā,Vāsudeva Tripāṭhī; Keśava Suvedī,Nepali Literature,"A Nepali literary work titled 'Nepālī kavitā' by Vāsudeva Tripāṭhī, featuring the stories, culture and voice of Nepal.",1989,0.0,0,0
,Sājhā kavitā,Unknown,Nepali Literature,"A Nepali literary work titled 'Sājhā kavitā' by Unknown, featuring the stories, culture and voice of Nepal.",1967,0.0,348,0
,Ādhunika Nepālī kavitā,Unknown,Nepali Literature,"A Nepali literary work titled 'Ādhunika Nepālī kavitā' by Unknown, featuring the stories, culture and voice of Nepal.",1972,0.0,325,0
,Nepālī padyasaṅgraha,Unknown,Nepali Literature,"A Nepali literary work titled 'Nepālī padyasaṅgraha' by Unknown, featuring the stories, culture and voice of Nepal.",1968,0.0,0,0
,Bhānumotī,"Bhānumotī Kāvyamahotsava (7th 2005 Kathmandu, Nepal)",Nepali Literature,"Collection of best poems read at the 7th Bhānumotī Kāvyamahotsava, held at Kathmandu in 2005.",2005,0.0,104,0
,Khoṭāṅgakā kehī kavitā,Hīrādhana Rāī,Nepali Literature,"A Nepali literary work titled 'Khoṭāṅgakā kehī kavitā' by Hīrādhana Rāī, featuring the stories, culture and voice of Nepal.",1980,0.0,36,0
,Lālitamā,Devikā Timilsinā; Kaṇāda Maharshi; Acyuta Koirālā,Nepali Literature,"A Nepali literary work titled 'Lālitamā' by Devikā Timilsinā, featuring the stories, culture and voice of Nepal.",1977,0.0,37,0
,Janakapurakā kavitā,Viśvananātha Neupāne,Nepali Literature,"A Nepali literary work titled 'Janakapurakā kavitā' by Viśvananātha Neupāne, featuring the stories, culture and voice of Nepal.",1976,0.0,58,0
,Pokhiekā kanikā,Viśvaprema Adhikārī,Nepali Literature,"A Nepali literary work titled 'Pokhiekā kanikā' by Viśvaprema Adhikārī, featuring the stories, culture and voice of Nepal.",1968,0.0,47,0
,Mecī kinārakā kavitāharū,Bhavānī Ghimire,Nepali Literature,Anthology of Nepali poetry from the Mechi zone.,1984,0.0,64,0
,Visphoṭa,Girirāja Ācārya; Utsāhī Harsha Subbā,Nepali Literature,"A Nepali literary work titled 'Visphoṭa' by Girirāja Ācārya, featuring the stories, culture and voice of Nepal.",1975,0.0,28,0
,Buingala,Kamalmani Acharya Dixit,Nepali Literature,"A Nepali literary work titled 'Buingala' by Kamalmani Acharya Dixit, featuring the stories, culture and voice of Nepal.",1961,0.0,442,0
,Chayākana,Bhairab Prasad Aryal,Nepali Literature,"A Nepali literary work titled 'Chayākana' by Bhairab Prasad Aryal, featuring the stories, culture and voice of Nepal.",1968,0.0,306,0
,Ciso cūlho,Bālakr̥shṇa Sama,Nepali Literature,"A Nepali literary work titled 'Ciso cūlho' by Bālakr̥shṇa Sama, featuring the stories, culture and voice of Nepal.",1968,0.0,408,0
,Kalilo ghāma,Kr̥shṇaprasāda Parājulī,Nepali Literature,"A Nepali literary work titled 'Kalilo ghāma' by Kr̥shṇaprasāda Parājulī, featuring the stories, culture and voice of Nepal.",1970,0.0,80,0
9789937200516.0,Ākāśa māṭomāthi,Kr̥shṇaprasāda Parājulī,Nepali Literature,"A Nepali literary work titled 'Ākāśa māṭomāthi' by Kr̥shṇaprasāda Parājulī, featuring the stories, culture and voice of Nepal.",2008,0.0,240,0
,Nepālī kavitā yātrā,Unknown,Nepali Literature,"A Nepali literary work titled 'Nepālī kavitā yātrā' by Unknown, featuring the stories, culture and voice of Nepal.",1990,0.0,263,0
,Ājakā Nepālī kavitā,Mohana Koirālā,Nepali Literature,Anthology of modern Nepali poems.,1993,0.0,167,0
,Triveṇī kāvya,Unknown,Nepali Literature,Poems by various writer from Nepal.,1992,0.0,120,0
,Praphulla hr̥daya,Nepal. Dept. of Culture.,Nepali Literature,"A Nepali literary work titled 'Praphulla hr̥daya' by Nepal. Dept. of Culture., featuring the stories, culture and voice of Nepal.",1968,0.0,72,0
,Mātr̥bhāshā divasa-2015,Shravaṇa Mukāruṅga; Padama Rāī,Nepali Literature,"Anthology of poems to mark the Native language day in Nepal, 2015.",2015,0.0,172,0
9789937689069.0,Prajña samakālīna pratinidhi Nepālī chandakavitā,Amara Girī,Nepali Literature,"A Nepali literary work titled 'Prajña samakālīna pratinidhi Nepālī chandakavitā' by Amara Girī, featuring the stories, culture and voice of Nepal.",2016,0.0,328,0
,Vanakā phūla,Jñānamaṇi Nepāla,Nepali Literature,"A Nepali literary work titled 'Vanakā phūla' by Jñānamaṇi Nepāla, featuring the stories, culture and voice of Nepal.",1968,0.0,100,0
9789993379959.0,"Miśraka kr̥ti, kavikā dr̥shṭi",Narendrarāja Prasāī,Nepali Literature,Anthology of poems by various authors.,2003,0.0,66,0
9788126005031.0,Savāī ra laharī,Unknown,Nepali Literature,Anthology of epical poems by various authors.,1999,0.0,154,0
,Bethānako vīratā,Unknown,Nepali Literature,Anthology of poems.,1999,0.0,52,0
,Sirjanā ra mādhyama,Vishṇuvibhu Ghimire; Ramaṇa Ghimire,Nepali Literature,Anthology of poems by contemporary poets of Nepal.,1998,0.0,87,0
,Samakālīna Nepālī kavitā,Unknown,Nepali Literature,Anthology of contemporary Nepali poetry.,2001,0.0,117,0
9788172012748.0,Ādhunika Nepālī kavitā,Nanda Hāṅgakhima; Kumāra Ghisiṅa,Nepali Literature,"A Nepali literary work titled 'Ādhunika Nepālī kavitā' by Nanda Hāṅgakhima, featuring the stories, culture and voice of Nepal.",1992,0.0,115,0
,Mohana Koirālākā kavitā,Mohana Koirālā,Nepali Literature,"A Nepali literary work titled 'Mohana Koirālākā kavitā' by Mohana Koirālā, featuring the stories, culture and voice of Nepal.",1973,0.0,299,0
,Nepālī kavitā saṅgraha,Tārāprasāda Jośī,Nepali Literature,"A Nepali literary work titled 'Nepālī kavitā saṅgraha' by Tārāprasāda Jośī, featuring the stories, culture and voice of Nepal.",1973,0.0,0,0
,Bhānumotī,"Bhānumotī Kāvyamahotsava (4th 2002 Kathmandu, Nepal)",Nepali Literature,Collection of best poems recited at the 4th Bhānumotī Kāvyamahotsava held at Kathmandu in 2002.,2002,0.0,111,0
,Bhānumotī,"Bhānumotī Kāvyamahotsava (5th 2003 Kathmandu, Nepal)",Nepali Literature,Collection of best poems selected from 5th Bhānumotī Kāvyamahotsava held at Kathmandu in 2003.,2003,0.0,111,0
,Bhānumotī,"Bhānumoti Kāvyamahotsava (6th 2004 Kathmandu, Nepal)",Nepali Literature,Collection of best poems presented at 6th Bhānumotī Kāvyamahotsava held at Kathmandu in 2004.,2004,0.0,110,0
9789937205979.0,Nr̥śaṃsa parkhālaharu,Gītā Tripāṭhī,Nepali Literature,"A Nepali literary work titled 'Nr̥śaṃsa parkhālaharu' by Gītā Tripāṭhī, featuring the stories, culture and voice of Nepal.",2008,0.0,76,0
9789994690169.0,Svapnila śivira,Divya Girī,Nepali Literature,"A Nepali literary work titled 'Svapnila śivira' by Divya Girī, featuring the stories, culture and voice of Nepal.",2007,0.0,84,0
9789994654369.0,Ān̐dhī ra bādaśāha,Likhata Pāṇḍe,Nepali Literature,"A Nepali literary work titled 'Ān̐dhī ra bādaśāha' by Likhata Pāṇḍe, featuring the stories, culture and voice of Nepal.",2007,0.0,112,0
,Himāla culī,Iśvara Barāla,Nepali Literature,"A Nepali literary work titled 'Himāla culī' by Iśvara Barāla, featuring the stories, culture and voice of Nepal.",1969,0.0,294,0
9789993371274.0,Pratinidhi ādhunika Nepālī lāmā kavitā,Unknown,Nepali Literature,Selection of Nepali long poems.,2002,0.0,387,0
,Dancing soul of Mount Everest,Momilā; Mahesh Paudyal,Nepali Literature,"A Nepali literary work titled 'Dancing soul of Mount Everest' by Momilā, featuring the stories, culture and voice of Nepal.",2011,0.0,562,0
,Kehī Nepālī kavitā,Rāmalāla Adhikārī,Nepali Literature,"A Nepali literary work titled 'Kehī Nepālī kavitā' by Rāmalāla Adhikārī, featuring the stories, culture and voice of Nepal.",1965,0.0,86,0
,Sāgaramāthāko nr̥tyamagna ātmā,Momilā,Nepali Literature,Anthology of selected modern Nepali poems. Published under the project by Royal Nepal Academy.,2008,0.0,542,0
,Chayākana,Unknown,Nepali Literature,Collection of poems by various authors.,1987,0.0,109,0
,Samayale janmāekā kavitāharū,Unknown,Nepali Literature,By various Nepali poets.,1993,0.0,64,0
,Kavitā-sāgara,Ghanaśyāma Nepāla,Nepali Literature,Poems by various contemporary Nepali poets.,1989,0.0,44,0
9789937296694.0,Āsthā,Kamalasiṃha Khadkā,Nepali Literature,"A Nepali literary work titled 'Āsthā' by Kamalasiṃha Khadkā, featuring the stories, culture and voice of Nepal.",2015,0.0,64,0
9789994654352.0,Pancho Villa at Columbus,"Braddy, Haldeen",Nepali Literature,"A Nepali literary work titled 'Pancho Villa at Columbus' by Braddy, Haldeen, featuring the stories, culture and voice of Nepal.",1916,0.0,0,0
,[South Asia pamphlet Collection.,Unknown,Nepali Literature,"A Nepali literary work titled '[South Asia pamphlet Collection.' by Unknown, featuring the stories, culture and voice of Nepal.",1904,0.0,0,0
9789937589338.0,Prajña samakālīna pratinidhi Nepālī kavitā,Purushottama Suvedī; Lakshmaṇaprasāda Gautama; Vishṇuvibhu Ghimire,Nepali Literature,Anthology of contemporary Nepali poetry.,2013,0.0,0,0
9789937000666.0,Kāvyamaya Nepāla,Kr̥shṇaprakāśa Śreshṭha,Nepali Literature,Collection of poems on Nepal.,2015,0.0,380,0
9780520070462.0,Himalayan voices,Michael Hutt,Nepali Literature,"A Nepali literary work titled 'Himalayan voices' by Michael Hutt, featuring the stories, culture and voice of Nepal.",1991,0.0,333,0
9789993392507.0,Kavitāñjali,"Nepāla Rusa Sāhityika Sammelana (2002 Moscow, Russia)",Nepali Literature,"Collection of Nepali and Russian poems, Russian poems translated in Nepali, read at Nepāla Rūsa Sāhityika Sammelana held at Moscow on February 19, 2002.",2004,0.0,122,0
,Yureśiyākā kavitā,Unknown,Nepali Literature,"A Nepali literary work titled 'Yureśiyākā kavitā' by Unknown, featuring the stories, culture and voice of Nepal.",1995,0.0,67,0
,Josmanī Sampradāya aura usake sāhitya kā ālocanātmaka adhyayana,Āśā Panta,Nepali Literature,"A Nepali literary work titled 'Josmanī Sampradāya aura usake sāhitya kā ālocanātmaka adhyayana' by Āśā Panta, featuring the stories, culture and voice of Nepal.",1977,0.0,224,0
,Nepālī ṭukkāharūko adhyayana,Cūḍāmaṇi Regmī,Nepali Literature,Study of Nepali rhymes.,1984,0.0,96,0
,A harvest of poems,Mahendra Bir Bikram Shaha Deva Maharajadhiraja of Nepal,Nepali Literature,"A Nepali literary work titled 'A harvest of poems' by Mahendra Bir Bikram Shaha Deva Maharajadhiraja of Nepal, featuring the stories, culture and voice of Nepal.",1964,0.0,83,0
,Pragativādī dr̥shṭimā kavi ra kavitā,Hemanātha Pauḍela,Nepali Literature,Study of progressive Nepali poetry.,2008,0.0,187,0
9789993350866.0,Mādhyamikakālika kāvyasāhityako vivecanā,Gaṇeśabahādura Prasāī,Nepali Literature,Study on late 19th-early 20th century Nepali poetry.,1992,0.0,578,0
,"Rāsṭriyatā, rājamukuṭa ra prajatantra",Bishṇu Kumāra Prasāī,Nepali Literature,Poems on the theme of Nationalism.,1995,0.0,174,0
,Vīrakālīna kavitā,Dayārāma Śreshṭha,Nepali Literature,"A Nepali literary work titled 'Vīrakālīna kavitā' by Dayārāma Śreshṭha, featuring the stories, culture and voice of Nepal.",1977,0.0,62,0
,Utkhanana,Lakshmaṇa Thāpā,Nepali Literature,"Collection of poems recited at anti-corruption campaign organized on August 20, 2004; includes biodata of the poets.",2004,0.0,166,0
,Nayām̐ pallava,Central Institute of Indian Languages,Nepali Literature,Anthology of children's poems.,1997,0.0,95,0
,Ka ka na na (arko),Kamala Dīkshita,Nepali Literature,Anthology of religious poetry; includes introduction to the poems.,2006,0.0,100,0
,Maṅgaleko caṅgā,Puṇyaśīla Gautama,Nepali Literature,"A Nepali literary work titled 'Maṅgaleko caṅgā' by Puṇyaśīla Gautama, featuring the stories, culture and voice of Nepal.",1994,0.0,16,0
,Voices from Nepal,Unknown,Nepali Literature,Includes pen portraits of poets represented.,1999,0.0,128,0
,Nepālī khaṇḍakāvya ra kāvyāṃśa-saṅgraha,Unknown,Nepali Literature,"A Nepali literary work titled 'Nepālī khaṇḍakāvya ra kāvyāṃśa-saṅgraha' by Unknown, featuring the stories, culture and voice of Nepal.",1973,0.0,140,0
,Analacarī,Padmaprasāda Devakoṭā,Nepali Literature,For children.,1999,0.0,50,0
,Manas,Ramesh Shrestha,Nepali Literature,"A Nepali literary work titled 'Manas' by Ramesh Shrestha, featuring the stories, culture and voice of Nepal.",1977,0.0,66,0
,Gaṇḍakīkā lokapadya,Cūḍāmaṇi Khanāla,Nepali Literature,Collection of folk poetry of Gandakī Zone of Nepal.,2007,0.0,118,0
9789993392088.0,Look back in leisure,Mohan B. Kayastha,Nepali Literature,"A Nepali literary work titled 'Look back in leisure' by Mohan B. Kayastha, featuring the stories, culture and voice of Nepal.",2008,0.0,216,0
9789993350613.0,Nepālī lokapadya,Haṃsapure Suvedī,Nepali Literature,Study on Nepali folk poetry.,2003,0.0,234,0
,Mādhyamikakālīna Nepālī kavitāmā śr̥ṅgāra,Pratāpacandra Pradhāna,Nepali Literature,On the treatment and love and erotics in medieval Nepali poetry.,1980,0.0,101,0
,Josmanī Sampradāya aura usake sāhitya kā ālocanātmaka adhyayana,Āśā Panta,Nepali Literature,Critical study of the poetic works of the saint poets belonging to the Josmanī Sampradāya from Nepal.,1977,0.0,224,0
9789993361374.0,Nepālī mahākavi ra mahākāvyaharū,Vinayakumāra Śarmmā,Nepali Literature,Study on the Nepali epic poetry; includes brief introductions about the authors.,2002,0.0,855,0
,Rāshṭriya bhāshākā kavitā,Mohana Koirālā,Nepali Literature,"Poems, chiefly in the Tibeto-Burman languages.",1993,0.0,195,0
,Lines of dreams,Dhurba Krishna Deep,Nepali Literature,"A Nepali literary work titled 'Lines of dreams' by Dhurba Krishna Deep, featuring the stories, culture and voice of Nepal.",1970,0.0,32,0
,Kāvyasamālocanā,Unknown,Nepali Literature,Collection of articles on literary criticism of modern Nepali poetry.,1995,0.0,891,0
,Nevārī loka-gīta,Hari Śresṭha,Nepali Literature,"A Nepali literary work titled 'Nevārī loka-gīta' by Hari Śresṭha, featuring the stories, culture and voice of Nepal.",1974,0.0,295,0
,"Khulla dhoka, 2006",Unknown,Nepali Literature,Art project on the theme of door; include poems on the theme.,2006,0.0,118,0
,Celīko cautārī,Unknown,Nepali Literature,Collection of poems by various Nepali women poets; includes biodata of the poets represented.,1996,0.0,78,0
9789937689267.0,Mātr̥bhāshā divasa-2016,Shravaṇa Mukāruṅga; Padama Rāī,Nepali Literature,Anthology of poems published on the occasion of the International Mother Language Day-2016 in Nepal.,2016,0.0,199,0
,Nēpālī kāvya ra kavi,"Risāla, Rāmamaṇi",Nepali Literature,"Study of Nepali poets and poetry, 18th-20th cent.",1974,0.0,459,0
,Vikīrṇa vivecana,Pārasamaṇi Bhaṇḍārī,Nepali Literature,Articles on modern Nepali poetry.,2001,0.0,83,0
,Kehī Nepālī kāvyaharūkā samīkshā,Chiranjivi Dutt,Nepali Literature,"A Nepali literary work titled 'Kehī Nepālī kāvyaharūkā samīkshā' by Chiranjivi Dutt, featuring the stories, culture and voice of Nepal.",1973,0.0,143,0
,Nepālī duḥkhānta gītikāvyako vivecanā,Śrīhari Phuyām̐la,Nepali Literature,Critical study on the Nepali lyric poetry.,2000,0.0,208,0
9789994641734.0,Kavitāko saṃracanātmaka viśleshaṇa,Khagendraprasāda Luiṭela,Nepali Literature,With special reference to Nepali poetry.,2005,0.0,560,0
,Pragativādī Nepālī kavitā,"Bhaṇḍārī, Jagadīśa Candra.",Nepali Literature,Study of progressive Nepali poetry.,1998,0.0,161,0
9789937518567.0,Nepālī kāvya samālocanā,Khagendraprasāda Luiṭela,Nepali Literature,Critical study of contemporary Nepali poetry.,2010,0.0,243,0
,Kāvyasamālocanā,Narendra Cāpāgāīṃ,Nepali Literature,Collection of articles on literary criticism of modern Nepali poetry.,1995,0.0,891,0
,Kavitā/soca,Rājendra Parājulī,Nepali Literature,Includes brief views on contemporary Nepali poetry by individual poets.,1993,0.0,70,0
,Selected Nepali poems,Unknown,Nepali Literature,"A Nepali literary work titled 'Selected Nepali poems' by Unknown, featuring the stories, culture and voice of Nepal.",1999,0.0,182,0
,Kavitā-sandarbha,Rājendra Parājulī,Nepali Literature,Anthology of contemporary Nepali poetry; includes study of the poems.,1999,0.0,145,0
9789937589697.0,Representative anthology of contemporary Nepali poetry,Govinda Rāja Bhaṭṭarāī,Nepali Literature,"A Nepali literary work titled 'Representative anthology of contemporary Nepali poetry' by Govinda Rāja Bhaṭṭarāī, featuring the stories, culture and voice of Nepal.",2013,0.0,120,0
9789937561938.0,Nepālī muktakakā pravr̥ttiharu,Murārī Parājulī,Nepali Literature,Study on Nepali free verses.,2012,0.0,320,0
9789937266208.0,Mophasala samālocanā,Upendra Pāgala,Nepali Literature,Articles on modern Nepali poetry.,2013,0.0,213,0
9789937245258.0,Muktaka siddhānta ra Pokharelī muktatakā mūla pravr̥ti,Vishṇuprasāda Pauḍela,Nepali Literature,Principles of free verses; study with reference to free verses by Nepali poets from Pokhara.,2011,0.0,130,0
,R̥tu-parivarttana,Unknown,Nepali Literature,"A Nepali literary work titled 'R̥tu-parivarttana' by Unknown, featuring the stories, culture and voice of Nepal.",1980,0.0,18,0
,Arthabhrāntiko uttaracetanākā viruddha,Tārākānta Pāṇḍeya,Nepali Literature,Articles on contemporary Nepali poetry.,2008,0.0,162,0
9789993350927.0,Nepālī samālocanā,Ram Dayal Rakesh,Nepali Literature,Articles chiefly on the works of modern Nepali poets.,2003,0.0,224,0
,Twists and turns,Durgālāla Śreshṭha,Nepali Literature,"A Nepali literary work titled 'Twists and turns' by Durgālāla Śreshṭha, featuring the stories, culture and voice of Nepal.",2000,0.0,140,0
,Samakālīna Nepālī kavitākā pravr̥ti ra svara,Dhruva Madhikarmī,Nepali Literature,Articles on the works of modern Nepali poets.,2000,0.0,127,0
,Sirjanāko suvāsa,Kr̥shṇa Gautama,Nepali Literature,Articles on writings of contemporary Nepali poets.,1999,0.0,279,0
,Cheliekā chaviharū,Ravilāla Adhikārī,Nepali Literature,Indepth study on the writings of some Nepali poets.,1995,0.0,83,0
,Pragativādī Nepālī kavitā,Ravilāla Adhikārī,Nepali Literature,"A Nepali literary work titled 'Pragativādī Nepālī kavitā' by Ravilāla Adhikārī, featuring the stories, culture and voice of Nepal.",1987,0.0,177,0
,Cāra amara kavikā pāñca kāvyakr̥ti,Kumārabahādura Jośī,Nepali Literature,"A Nepali literary work titled 'Cāra amara kavikā pāñca kāvyakr̥ti' by Kumārabahādura Jośī, featuring the stories, culture and voice of Nepal.",1972,0.0,87,0
,Kavitā-carcā,Kumārabahādura Jośī,Nepali Literature,On Nepali poetry.,1984,0.0,215,0
9789937202619.0,Declaration of a new God,Gopāla Parājulī,Nepali Literature,"A Nepali literary work titled 'Declaration of a new God' by Gopāla Parājulī, featuring the stories, culture and voice of Nepal.",2008,0.0,204,0
,Prāthamika kālīna kavi ra kāvyapravr̥tti,Keśavaprasāda Upādhyāya,Nepali Literature,"A Nepali literary work titled 'Prāthamika kālīna kavi ra kāvyapravr̥tti' by Keśavaprasāda Upādhyāya, featuring the stories, culture and voice of Nepal.",1975,0.0,340,0
9789937009096.0,These fine lines,Itisha Giri,Nepali Literature,"A Nepali literary work titled 'These fine lines' by Itisha Giri, featuring the stories, culture and voice of Nepal.",2016,0.0,117,0
,Kāvyika āndolanako paricaya,Govinda Rāja Bhaṭṭarāī,Nepali Literature,On literary movements of Nepal with special reference to Nepali poetry.,1992,0.0,243,0
9789993365600.0,Ādhunika gadya kavitāko svarūpa,Harihar Adhikari,Nepali Literature,On the works of modern poets of Nepal; includes sampling of their works.,2001,0.0,130,0
,Nepālī sāhityako saṅkshipta vivecanā,Yajna Raj Satyal,Nepali Literature,"A Nepali literary work titled 'Nepālī sāhityako saṅkshipta vivecanā' by Yajna Raj Satyal, featuring the stories, culture and voice of Nepal.",1966,0.0,114,0
,"Kehī siddhānta, kehī viśleshaṇa",Narendra Cāpāgāīṃ,Nepali Literature,Study of Nepali poetry.,1994,0.0,300,0
,Gītikāvyako aitihāsika adhyayana,Harirāja Bhaṭṭarāī,Nepali Literature,Study of Nepali lyric poetry; includes a sampling.,1986,0.0,106,0
,Narasiṃha avatāra,Harirāja Bhaṭṭarāī,Nepali Literature,"A Nepali literary work titled 'Narasiṃha avatāra' by Harirāja Bhaṭṭarāī, featuring the stories, culture and voice of Nepal.",1988,0.0,158,0
9789994658718.0,Kāvyika paribhramaṇa,Kulaprasāda Koirālā,Nepali Literature,Collection of articles on contemporary Nepali poetry.,2005,0.0,127,0
,Sāhityika phūlabārīkā phūlaharū,Gomā.,Nepali Literature,"A Nepali literary work titled 'Sāhityika phūlabārīkā phūlaharū' by Gomā., featuring the stories, culture and voice of Nepal.",1980,0.0,133,0
9789937589987.0,The rebel morning,Navīna Citrakāra,Nepali Literature,"A Nepali literary work titled 'The rebel morning' by Navīna Citrakāra, featuring the stories, culture and voice of Nepal.",2016,0.0,92,0
,Samālocanāko bāṭotira,Anand Dev Bhatt,Nepali Literature,"A Nepali literary work titled 'Samālocanāko bāṭotira' by Anand Dev Bhatt, featuring the stories, culture and voice of Nepal.",1962,0.0,142,0
,Nepāla bhāshāyā naḥli kavitā,Nepāla Bhāshā Parishad.,Nepali Literature,"A Nepali literary work titled 'Nepāla bhāshāyā naḥli kavitā' by Nepāla Bhāshā Parishad., featuring the stories, culture and voice of Nepal.",1960,0.0,127,0
9788185693958.0,Roaring recitals,Yuyutsu R. D.,Nepali Literature,"A Nepali literary work titled 'Roaring recitals' by Yuyutsu R. D., featuring the stories, culture and voice of Nepal.",1999,0.0,99,0
9789937689076.0,Prajñā samakālīna Nepālī kavitāvimarśa,Amara Girī; Hemanātha Pauḍela,Nepali Literature,Contributed articles on 20th century Nepali poetry.,2015,0.0,572,0
9789937882323.0,Nepālī kavitāko vivecanā,Rāmacandra Pokharela,Nepali Literature,Study on Nepali poetry and the works of selected Nepali poets.,2013,0.0,268,0
,Kavitābāre kehī carcā,Mohana Koirālā,Nepali Literature,"A Nepali literary work titled 'Kavitābāre kehī carcā' by Mohana Koirālā, featuring the stories, culture and voice of Nepal.",1978,0.0,124,0
9789993361091.0,Prastuta,Īśvaravallabha.,Nepali Literature,Articles on modern Nepali poetry.,2003,0.0,108,0
,Nepālī kavitāko siṃhāvalokana,Vāsudeva Tripāṭhī,Nepali Literature,"A Nepali literary work titled 'Nepālī kavitāko siṃhāvalokana' by Vāsudeva Tripāṭhī, featuring the stories, culture and voice of Nepal.",1970,0.0,354,0
,Nepālī kavitākā pravr̥tti,Ramesh Shrestha,Nepali Literature,"A Nepali literary work titled 'Nepālī kavitākā pravr̥tti' by Ramesh Shrestha, featuring the stories, culture and voice of Nepal.",1978,0.0,198,0
9789993350385.0,Nepālī kavitāko bhūmikai bhūmikā,Śiva Regmī,Nepali Literature,Collection of prefaces and forewords written for various poetic works.,2002,0.0,307,0
,Srshtimathika drshti,Unknown,Nepali Literature,Collection of contemporary Nepali criticism.,2009,0.0,200,0
9789937821605.0,Whose city is this?,Wayne Amtzis,Nepali Literature,"A Nepali literary work titled 'Whose city is this?' by Wayne Amtzis, featuring the stories, culture and voice of Nepal.",2009,0.0,138,0
,Prāgabhanubhaktiya Nepālī kāvya,Gopālaprasāda Bhaṇḍārī,Nepali Literature,Study of Nepali poetry.,1996,0.0,494,0
,Navapallava,Mādhava Viyogī,Nepali Literature,Literary criticism in verse form.,2007,0.0,97,0
,"Srshta, srshti ra drshti",Mādhava Viyogī,Nepali Literature,Literary criticism in poetic form.,2010,0.0,114,0
9789937821605.0,Whose city is this?,Wayne Amtzis,Nepali Literature,Anthology of Nepali poems with English translation; includes brief biodata of the poets represented.,2009,0.0,138,0
,Pragativādī dr̥shṭimā kavi ra kavitā,Hemanātha Pauḍela,Nepali Literature,"A Nepali literary work titled 'Pragativādī dr̥shṭimā kavi ra kavitā' by Hemanātha Pauḍela, featuring the stories, culture and voice of Nepal.",2008,0.0,187,0
,Nepālī kavitāko vivecanā,Unknown,Nepali Literature,Collection of research articles on Nepali poetry. Includes bibliographies.,2008,0.0,120,0
,Śabdsita sāino gām̐sdai,Kiraṇakumāra Rāī,Nepali Literature,Articles on the works of modern Indian Nepali poets.,2008,0.0,0,0
9789994678402.0,Phuṭakara kavitākā kehī bānkīharu,Rāmaprasāda Jñavālī,Nepali Literature,Articles on contemporary Nepali poetry.,2007,0.0,168,0
9789937589888.0,Nepālī ḍāyasporākā kavitā,Amara Girī,Nepali Literature,Collection of poems in Nepali and English.,2015,0.0,479,0
9789993317029.0,Emerging voices,Kanchan Pudasaini,Nepali Literature,"A Nepali literary work titled 'Emerging voices' by Kanchan Pudasaini, featuring the stories, culture and voice of Nepal.",2002,0.0,275,0
,Cheliekā chaviharū,Ravilāla Adhikārī,Nepali Literature,"A Nepali literary work titled 'Cheliekā chaviharū' by Ravilāla Adhikārī, featuring the stories, culture and voice of Nepal.",1995,0.0,83,0
9789937689854.0,Nepālī pragativādī kavitāko itihāsa,Hariprasāda Silavāla; Nepāla Prajñā Pratishṭhāna,Nepali Literature,Study on progressive Nepali poetry.,2017,0.0,232,0
,Contemporary Nepali poems,Toyā Guruṅga; Padma Prasad Devkota,Nepali Literature,"Anthology of Nepali poetry, translated into English.",2000,0.0,149,0
9789994625826.0,Bhajanakā nayām̐ pāilā,Rāma Māna Tr̥shita.,Nepali Literature,Bhajans in praise of Hindu gods.,2007,0.0,146,0
,"""Hari bhajanāmr̥ta saṅgraha""",Kr̥shṇaprasāda Pokharela,Nepali Literature,Bhajans in praise of Hindu gods.,1994,0.0,100,0
,"""An̐julī""",Pushpalatā Ācārya,Nepali Literature,Bhajans and devotional songs in praise of Hindu gods.,1994,0.0,41,0
,Bouquets,Misuzu Fukuda,Nepali Literature,"A Nepali literary work titled 'Bouquets' by Misuzu Fukuda, featuring the stories, culture and voice of Nepal.",2000,0.0,0,0
,Phūlako gucchāharu,Misuzu Fukuda,Nepali Literature,"A Nepali literary work titled 'Phūlako gucchāharu' by Misuzu Fukuda, featuring the stories, culture and voice of Nepal.",2000,0.0,0,0
,Kavitā-sandarbha,Unknown,Nepali Literature,Anthology of contemporary Nepali poetry; includes study of the poems.,1999,0.0,145,0
,Contemporary Nepali poetry,Shailendra K. Singh,Nepali Literature,"A Nepali literary work titled 'Contemporary Nepali poetry' by Shailendra K. Singh, featuring the stories, culture and voice of Nepal.",1989,0.0,45,0
,In their youthful voice,Shailendra K. Singh,Nepali Literature,"A Nepali literary work titled 'In their youthful voice' by Shailendra K. Singh, featuring the stories, culture and voice of Nepal.",1994,0.0,82,0
,Pūrviya kāvya-siddhānta,Govinda Prasad Bhattarai,Nepali Literature,"A Nepali literary work titled 'Pūrviya kāvya-siddhānta' by Govinda Prasad Bhattarai, featuring the stories, culture and voice of Nepal.",1974,0.0,491,0
,Seven poets,Tulasī Divasa,Nepali Literature,"A Nepali literary work titled 'Seven poets' by Tulasī Divasa, featuring the stories, culture and voice of Nepal.",1975,0.0,163,0
,Phūlako gucchāharu =,Misuzu Fukuda,Nepali Literature,"A Nepali literary work titled 'Phūlako gucchāharu =' by Misuzu Fukuda, featuring the stories, culture and voice of Nepal.",2000,0.0,0,0
9789993350620.0,Kavitā siddhānta ra Nepālī kavitāko itihāsa,Khagendraprasāda Luiṭela,Nepali Literature,"A Nepali literary work titled 'Kavitā siddhānta ra Nepālī kavitāko itihāsa' by Khagendraprasāda Luiṭela, featuring the stories, culture and voice of Nepal.",2003,0.0,469,0
9789937854191.0,Nepālī sāhityamā svacchandatāvādī kāvyadhārā,Gaṇeśabahādura Prasāī,Nepali Literature,Romanticism in Nepali poetry; a study.,2012,0.0,354,0
9789937543545.0,Mahākāvya siddhānta ra Nepālī prayoga,Rāmaprasāda Jñavālī,Nepali Literature,Study on the Nepali epic poetry.,2011,0.0,283,0
,Kāvyako ātmā,Keśava Ṭevā,Nepali Literature,"A Nepali literary work titled 'Kāvyako ātmā' by Keśava Ṭevā, featuring the stories, culture and voice of Nepal.",1974,0.0,24,0
,"Nepālī Kāvya-Vicāragoshṭhī, 2049","Nepālī Kāvya-Vicāragoshṭhī (1992 Kathmandu, Nepal)",Nepali Literature,On Nepali poetry; seminar papers.,1992,0.0,51,0
,"Nepālī Kāvya-Saṅgoshṭhī, Saṃvat 2050, Pokharā-Dhulābārī",Nepālī Kāvya-Saṅgoshṭhī,Nepali Literature,On Nepali poetry; seminar papers.,1993,0.0,91,0
9788187138181.0,Nonsense verses from Nepal,Mani Dixit,Nepali Literature,Collection of limericks.,2000,0.0,161,0
9789937589857.0,काव्य विमर्श,अमर गिरी; नेपाल प्रज्ञा प्रतिष्ठान,Nepali Literature,On Nepali poetic criticism;  papers presented at a conference organized by the Nepāla Prajñā Pratishṭhāna.,2015,0.0,204,0
9789937331258.0,Ubhiera eklai,Navīna Prācīna,Nepali Literature,"A Nepali literary work titled 'Ubhiera eklai' by Navīna Prācīna, featuring the stories, culture and voice of Nepal.",2016,0.0,181,0
,"Kavi, kavitā, ra kavitāko siddhānta",Chudanath Bhattarai,Nepali Literature,"A Nepali literary work titled 'Kavi, kavitā, ra kavitāko siddhānta' by Chudanath Bhattarai, featuring the stories, culture and voice of Nepal.",1962,0.0,148,0
9789937854108.0,Thāru lokasaṃskr̥ti ra cāḍabāḍa,Phani Śyāma Thāru,Nepali Literature,Study on the folk songs of Tharu community of Nepal.,2012,0.0,440,0
,Poems by Nepali women,Shailendra K. Singh,Nepali Literature,"A Nepali literary work titled 'Poems by Nepali women' by Shailendra K. Singh, featuring the stories, culture and voice of Nepal.",1994,0.0,51,0
,Rāghavālaṅkāra,Kul Chandra Gautam,Nepali Literature,"A Nepali literary work titled 'Rāghavālaṅkāra' by Kul Chandra Gautam, featuring the stories, culture and voice of Nepal.",1958,0.0,200,0
9789994697755.0,Nepālī gītisrashṭā,"Risāla, Rāmamaṇi",Nepali Literature,Study on Nepali lyrical poetry; includes brief profile of well known lyricists.,2006,0.0,146,0
9789937589505.0,Nepālī kavitāmā mahilālekhana,Līlā Luiṭela,Nepali Literature,Study on Nepali poetry by women authors.,2013,0.0,208,0
9789937245890.0,Nepālī kavitākā vikāsamā Bhānubhakta Ācāryāko yogadāna,Bhadravīra Adhikārī,Nepali Literature,"Contribution of Bhānubhakta, 1812-1868, in the growth of Nepali poetry; a research work.",2012,0.0,491,0
9788186654125.0,Mahimnaḥstava,Puṣpadanta,Nepali Literature,"Classical hymn to Śiva, Hindu deity; includes Śaktimahimnahstotra, hymn to Tripurasundarī, Hindu deity, traditionally ascribed to Durvāsā.",1900,5.0,75,1
,Śākuntala-śabdārtha-sañcaya,Hemacandra Pokharela,Nepali Literature,"A Nepali literary work titled 'Śākuntala-śabdārtha-sañcaya' by Hemacandra Pokharela, featuring the stories, culture and voice of Nepal.",1988,0.0,155,0
,Muṭuko vyathā,Bālakr̥shṇa Sama,Nepali Literature,"A Nepali literary work titled 'Muṭuko vyathā' by Bālakr̥shṇa Sama, featuring the stories, culture and voice of Nepal.",1982,0.0,119,0
9789994689309.0,Antima lāsa,Pushpa Ācārya,Nepali Literature,"A Nepali literary work titled 'Antima lāsa' by Pushpa Ācārya, featuring the stories, culture and voice of Nepal.",2006,0.0,120,0
9789994670659.0,Mero chorā! meri chorī!!,Rośana Suvedī,Nepali Literature,"A Nepali literary work titled 'Mero chorā! meri chorī!!' by Rośana Suvedī, featuring the stories, culture and voice of Nepal.",2006,0.0,146,0
,Sājhā ekāṅkī,Unknown,Nepali Literature,"A Nepali literary work titled 'Sājhā ekāṅkī' by Unknown, featuring the stories, culture and voice of Nepal.",1968,0.0,240,0
,Nepālī ekāṅkī,Keśavaprasāda Upādhyāya; Gopīkr̥shṇa Śarmā,Nepali Literature,"A Nepali literary work titled 'Nepālī ekāṅkī' by Keśavaprasāda Upādhyāya, featuring the stories, culture and voice of Nepal.",1991,0.0,0,0
,Nepālī nāṭaka,Rājendra Parājulī,Nepali Literature,Collection of plays by contemporary Nepali authors.,1998,0.0,188,0
,Bām̐surī ātaṅka,Śārdūla Bhaṭṭarāī,Nepali Literature,"A Nepali literary work titled 'Bām̐surī ātaṅka' by Śārdūla Bhaṭṭarāī, featuring the stories, culture and voice of Nepal.",2007,0.0,190,0
,Deva,Yuvarāja Śarmā Kāphle,Nepali Literature,"A Nepali literary work titled 'Deva' by Yuvarāja Śarmā Kāphle, featuring the stories, culture and voice of Nepal.",1973,0.0,72,0
9789937248617.0,Kathā mīṭho sāraṅgīko bhalākusārī,Khagendra Lāmichāne,Nepali Literature,Collection of plays; broadcast as radio program; includes interviews with authors.,2013,0.0,469,0
,Juju Jayaprakāśayā Rȧtneśvara prādurbhāva,Jai Prakash Raja of Kathmandu,Nepali Literature,"A Nepali literary work titled 'Juju Jayaprakāśayā Rȧtneśvara prādurbhāva' by Jai Prakash Raja of Kathmandu, featuring the stories, culture and voice of Nepal.",1964,0.0,61,0
,Andhavega,Bālakr̥shṇa Sama,Nepali Literature,"A Nepali literary work titled 'Andhavega' by Bālakr̥shṇa Sama, featuring the stories, culture and voice of Nepal.",1939,0.0,136,0
9789993340690.0,Samakālīna Nepālī nāṭaka,Aśesha Malla,Nepali Literature,Anthology of Nepali plays.,2000,0.0,199,0
9789994643738.0,Pratinidhī Nepālī nāṭaka,Kr̥shṇa Śāha Yātrī,Nepali Literature,Selection of Nepali plays.,2007,0.0,527,0
,Parijātakā nāṭaka,Pārijāta,Nepali Literature,Collection of plays.,2008,0.0,65,0
,[South Asia Pamphlet Collection.,Unknown,Nepali Literature,"A Nepali literary work titled '[South Asia Pamphlet Collection.' by Unknown, featuring the stories, culture and voice of Nepal.",1948,0.0,0,0
9789994655069.0,Ājudyaḥ,Satyamohana Jośī,Nepali Literature,"A Nepali literary work titled 'Ājudyaḥ' by Satyamohana Jośī, featuring the stories, culture and voice of Nepal.",1988,0.0,189,0
,"Nepal, legend and drama",Jnan Kaji Manandhar,Nepali Literature,"A Nepali literary work titled 'Nepal, legend and drama' by Jnan Kaji Manandhar, featuring the stories, culture and voice of Nepal.",1982,0.0,146,0
,"Nāṭaka, ekāṅkī-bicaraṇa",Śaradcandra Śarmā,Nepali Literature,"A Nepali literary work titled 'Nāṭaka, ekāṅkī-bicaraṇa' by Śaradcandra Śarmā, featuring the stories, culture and voice of Nepal.",1976,0.0,243,0
9789937518574.0,Nepālī nāṭya samālocanā,Khagendraprasāda Luiṭela,Nepali Literature,Critical study on Nepali drama.,2010,0.0,221,0
,Nāṭakako adhyayana,Keśavaprasāda Upādhyāya,Nepali Literature,Articles on Nepali drama.,1999,0.0,0,0
9789993324256.0,Nepālī nāṭaka ra nāṭakakāra,Keśavaprasāda Upādhyāya,Nepali Literature,Study of Nepali drama and dramatists.,2004,0.0,332,0
,Dārjiliṅamā Nepālī nāṭakako ardhaśatābdī,Indrabahādura Rāī,Nepali Literature,"A Nepali literary work titled 'Dārjiliṅamā Nepālī nāṭakako ardhaśatābdī' by Indrabahādura Rāī, featuring the stories, culture and voice of Nepal.",1984,0.0,85,0
,Nepālī nāṭakako itihāsa,Ratna Dhoj Joshi,Nepali Literature,"A Nepali literary work titled 'Nepālī nāṭakako itihāsa' by Ratna Dhoj Joshi, featuring the stories, culture and voice of Nepal.",1981,0.0,95,0
,"Nāṭaka, eka carcā",Vijaya Malla,Nepali Literature,"A Nepali literary work titled 'Nāṭaka, eka carcā' by Vijaya Malla, featuring the stories, culture and voice of Nepal.",1979,0.0,47,0
9789993339861.0,Nepālī nāṭaka tathā raṅgamañca,Keśavaprasāda Upādhyāya,Nepali Literature,Origin and development of Nepali drama and theater.,2003,0.0,296,0
9789937100168.0,Saḍakanāṭaka,Aśesha Malla,Nepali Literature,Study on Nepali street plays.,2009,0.0,184,0
9789937012843.0,Nepālako raṅgamañca,Kr̥shṇa Śāha Yātrī,Nepali Literature,History of theater in Nepal and Nepali drama.,2016,0.0,520,0
9789937511186.0,Aitihāsika nāṭaka ra nāṭakakāra Bālakr̥shṇa Sama,Rāmacandra Pokharela,Nepali Literature,"Study on Nepali drama with special reference to the dramatic works of Bālakr̥shṇa Sama, 1902-1981, Nepali author.",2008,0.0,412,0
9781136111709.0,Course in Nepali,David Matthews,Nepali Literature,"A Nepali literary work titled 'Course in Nepali' by David Matthews, featuring the stories, culture and voice of Nepal.",2013,0.0,0,0
,Nepālī bhāshā ra vyākaraṇa,Bishnu Gopal Risal,Nepali Literature,"A Nepali literary work titled 'Nepālī bhāshā ra vyākaraṇa' by Bishnu Gopal Risal, featuring the stories, culture and voice of Nepal.",1970,0.0,171,0
9780071737432.0,Complete Nepali,"Hutt, Michael, Pradhan, Krishna, Subedi, Abhi",Nepali Literature,"A Nepali literary work titled 'Complete Nepali' by Hutt, Michael, Pradhan, Krishna, Subedi, Abhi, featuring the stories, culture and voice of Nepal.",2010,0.0,432,0
,The structure of adjective phrases in Nepali,Devīprasāda Gautama,Nepali Literature,"A Nepali literary work titled 'The structure of adjective phrases in Nepali' by Devīprasāda Gautama, featuring the stories, culture and voice of Nepal.",1996,0.0,60,0
9788126026111.0,Dārjiliṅako Nepālībhāshī samudāya,Unknown,Nepali Literature,"Transition in cultural and linguistic space of the Nepali speaking community in Darjeeling; paper present at a national seminar held on March 11-12, 2007 at Darjeeling and organized by Sahitya Akademi and Salesian College, Darjeeling.",2009,0.0,186,0
,Gurūṅa-Nepālī-Aṅgejī tathā Nepālī-Guruṅa sabdakośa,Deu Bahadur Gurung,Nepali Literature,"A Nepali literary work titled 'Gurūṅa-Nepālī-Aṅgejī tathā Nepālī-Guruṅa sabdakośa' by Deu Bahadur Gurung, featuring the stories, culture and voice of Nepal.",1976,0.0,223,0
,Nepali language,Dayanand Srivastava,Nepali Literature,"A Nepali literary work titled 'Nepali language' by Dayanand Srivastava, featuring the stories, culture and voice of Nepal.",1962,0.0,145,0
,Tāmāṅa gyota (gyoi) lā gyāma chebuma =,Ajitamāna Tāmāṅa,Nepali Literature,Tamang-Nepali-English glossary.,1997,0.0,74,0
,Nepālī śabda bhaṇḍāra,Cakrapāṇī Khanāla,Nepali Literature,"Nepali vocabulary, semantic fields, the thesaurus and sense relations.",2008,0.0,130,0
,Nepali segmental phonology,Cūḍāmaṇi Regmī,Nepali Literature,"A Nepali literary work titled 'Nepali segmental phonology' by Cūḍāmaṇi Regmī, featuring the stories, culture and voice of Nepal.",1971,0.0,47,0
,Ṭhūlo Nepālī-Nepālī-Aṅgrejī kośa =,Paras Mani Pradhan,Nepali Literature,"A Nepali literary work titled 'Ṭhūlo Nepālī-Nepālī-Aṅgrejī kośa =' by Paras Mani Pradhan, featuring the stories, culture and voice of Nepal.",1983,0.0,635,0
,Nepali-Hindi kosa,India. Central Hindi Directorate,Nepali Literature,Nepali-Hindi dictionary. Published by Central Hindi Directorate.,2009,0.0,776,0
,Nepālī aura Hindī kā tulanātmaka adhyayana,Āśā Siṃha,Nepali Literature,Comparative study of the Hindi and Nepali grammars.,1983,0.0,295,0
,Tāmāṅa bhāshā bolacāla,Amr̥ta Hyonjana Tāmāṅa,Nepali Literature,Tamang language conservation book for Nepali speakers.,1993,0.0,78,0
,Illustrations of the literature and religion of the Buddhists,B. H. Hodgson,Nepali Literature,"A Nepali literary work titled 'Illustrations of the literature and religion of the Buddhists' by B. H. Hodgson, featuring the stories, culture and voice of Nepal.",1841,0.0,220,0
,Nepāla lipi saṅgraha,Hemaraj Sakya,Nepali Literature,"A Nepali literary work titled 'Nepāla lipi saṅgraha' by Hemaraj Sakya, featuring the stories, culture and voice of Nepal.",1967,0.0,45,0
9789993325017.0,Nepālī śabdasāgara,Unknown,Nepali Literature,Nepali language dictionary.,2001,0.0,1403,0
,Madhyacandrik,Somanatha Sharma,Nepali Literature,"A Nepali literary work titled 'Madhyacandrik' by Somanatha Sharma, featuring the stories, culture and voice of Nepal.",1919,0.0,220,0
9780898863116.0,Nepali for Trekkers,Stephen Bezruchka,Nepali Literature,"A Nepali literary work titled 'Nepali for Trekkers' by Stephen Bezruchka, featuring the stories, culture and voice of Nepal.",1991,0.0,53,0
,Purālekhana-paricaya,Dineśacandra Regmī,Nepali Literature,History and development of various scripts used in Nepal in ancient time.,1991,0.0,128,0
,"Tamu (Guruṅga), Nepālī, Aṅgrejī śabdakośa =",Dillī Jaṅga Guruṅga,Nepali Literature,"A Nepali literary work titled 'Tamu (Guruṅga), Nepālī, Aṅgrejī śabdakośa =' by Dillī Jaṅga Guruṅga, featuring the stories, culture and voice of Nepal.",1995,0.0,131,0
9789993357308.0,Tāmāṅ tām-bon =,Unknown,Nepali Literature,"A Nepali literary work titled 'Tāmāṅ tām-bon =' by Unknown, featuring the stories, culture and voice of Nepal.",2000,0.0,232,0
9788190564144.0,Nepāli bhāshikā khela =,Central Institute of Indian Languages,Nepali Literature,"A Nepali literary work titled 'Nepāli bhāshikā khela =' by Central Institute of Indian Languages, featuring the stories, culture and voice of Nepal.",2010,0.0,364,0
9789993371236.0,Pālpā-Gulmelī upabhāshika,Dīna Panthī,Nepali Literature,"Comparative study on Nepali language spoken in Gulmī, Pālpā, and Ardhākhān̐cī districts of Nepal.",2002,0.0,160,0
,Basic course in spoken Nepali,Tika B. Karki,Nepali Literature,"A Nepali literary work titled 'Basic course in spoken Nepali' by Tika B. Karki, featuring the stories, culture and voice of Nepal.",1974,0.0,233,0
,Arthavijñāna kī dr̥shṭi se Hindī evaṃ Nepālī śabdoṃ kā tulanātmaka adhyayana,Surendra Prasāda Sāha,Nepali Literature,Semantics of some Hindi and Nepali words.,1981,0.0,344,0
9789937215015.0,Nepālī varṇavinyāsamā padayoga ra padaviyogako samasyā,Aparṇā Pokharela,Nepali Literature,Word formation in Nepali language.,2009,0.0,115,0
9789993350477.0,Kośavijñāna ra Nepālī kośa,Rāmacandra Laṃsāla,Nepali Literature,"A Nepali literary work titled 'Kośavijñāna ra Nepālī kośa' by Rāmacandra Laṃsāla, featuring the stories, culture and voice of Nepal.",1989,0.0,255,0
9789993319139.0,Nepali in context,Daniel P. Watters,Nepali Literature,"A Nepali literary work titled 'Nepali in context' by Daniel P. Watters, featuring the stories, culture and voice of Nepal.",2000,0.0,489,0
9789993350668.0,Bhāshika cintana,Ṭīkārāma Panthī,Nepali Literature,"Collection of articles on Nepali language, previously published in various magazines",2003,0.0,159,0
9780883120446.0,"Clause, sentence, and discourse patterns in selected languages of Nepal. Part II, Clause",Irvine Davis,Nepali Literature,"A Nepali literary work titled 'Clause, sentence, and discourse patterns in selected languages of Nepal. Part II, Clause' by Irvine Davis, featuring the stories, culture and voice of Nepal.",1973,0.0,249,0
9780883120453.0,"Clause, sentence, and discourse patterns in selected languages of Nepal. Part III, Texts",Irvine Davis,Nepali Literature,"A Nepali literary work titled 'Clause, sentence, and discourse patterns in selected languages of Nepal. Part III, Texts' by Irvine Davis, featuring the stories, culture and voice of Nepal.",1973,0.0,434,0
9789993304616.0,Ḍā. Ballabhamaṇi Dāhālakā bhāshika cintana,Ballabh Mani Dahal,Nepali Literature,Selection of articles on Nepali language.,2004,0.0,259,0
9789994620128.0,Ḍā. Ballabhamaṇi Dāhālakā racanāharu,Ballabh Mani Dahal,Nepali Literature,Complete works of a Nepali linguist.,2006,0.0,440,0
,Paccīsa varshakā bhāshika carcā,Bālakr̥shṇa Pokharela,Nepali Literature,"A Nepali literary work titled 'Paccīsa varshakā bhāshika carcā' by Bālakr̥shṇa Pokharela, featuring the stories, culture and voice of Nepal.",1982,0.0,258,0
9789937593052.0,Nepālī bhāshāmā Ṭarnarako yogadāna,Sukuma Śarmā,Nepali Literature,"Contribution of Sir Ralph Lily Turner, 1888-1983, to development of Nepali language.",2012,0.0,236,0
,Jimdo Nepāli bhāsā,Śivarāja Ācārya,Nepali Literature,"A Nepali literary work titled 'Jimdo Nepāli bhāsā' by Śivarāja Ācārya, featuring the stories, culture and voice of Nepal.",1973,0.0,0,0
,Nepālī bhāshāmā Ṭarnarako yogadāna,Sukuma Śarmā,Nepali Literature,"Contribution of Sir Ralph Lilley Turner, b. 1888 in the development of Nepali language.",2002,0.0,141,0
9789993343776.0,Hāmro bhāshā,Saraccandra Vastī,Nepali Literature,Articles on Nepali language.,2006,0.0,232,0
,Nepālī bhāshā āndolanako sandarbhamā bhāshā samasyā ra Mārksavāda,Janārdana Thāpā,Nepali Literature,Articles on the recognition of Nepali language in India; Marxist viewpoint.,1993,0.0,38,0
9780883120439.0,"Clause, Sentence and Discourse Patterns in Selected Languages of Nepal",Austin Hale,Nepali Literature,"A Nepali literary work titled 'Clause, Sentence and Discourse Patterns in Selected Languages of Nepal' by Austin Hale, featuring the stories, culture and voice of Nepal.",1973,0.0,0,0
,Cānacuna,Mahānanda Sāpakoṭā.,Nepali Literature,"A Nepali literary work titled 'Cānacuna' by Mahānanda Sāpakoṭā., featuring the stories, culture and voice of Nepal.",1965,0.0,148,0
9781283962711.0,Course in Nepali,David Matthews,Nepali Literature,"A Nepali literary work titled 'Course in Nepali' by David Matthews, featuring the stories, culture and voice of Nepal.",2013,0.0,0,0
,Lekha-pralekha,Mohanaprasāda Dāhāla,Nepali Literature,Articles on Nepali language.,1992,0.0,68,0
,"Rāmro racanā, mīṭho Nepālī",Kr̥shṇaprasāda Parājulī,Nepali Literature,"A Nepali literary work titled 'Rāmro racanā, mīṭho Nepālī' by Kr̥shṇaprasāda Parājulī, featuring the stories, culture and voice of Nepal.",1966,0.0,117,0
,Bhāshika-cintana,Droṇa Upādhyāya,Nepali Literature,Articles chiefly on Nepali language.,2008,0.0,100,0
9781138145917.0,Course in Nepali,David Matthews,Nepali Literature,"A Nepali literary work titled 'Course in Nepali' by David Matthews, featuring the stories, culture and voice of Nepal.",2016,0.0,356,0
,Jhiji,Svayambhūlāla Śreshṭha,Nepali Literature,"A Nepali literary work titled 'Jhiji' by Svayambhūlāla Śreshṭha, featuring the stories, culture and voice of Nepal.",1968,0.0,173,0
,Hāmro bhāshā,Vratarāja Ācārya,Nepali Literature,"Origin, development, and structure of Nepali; with reference to other languages spoken in Nepal.",1984,0.0,136,0
9789993318453.0,"Bhāshāvijñāna, bhāshā ra bhāshikā",Jīvendradeva Girī,Nepali Literature,"Collection of articles on Nepali language, historical significance, and development.",2006,0.0,260,0
,Gurkhali manual,George Wilgram Pocklington Money,Nepali Literature,"A Nepali literary work titled 'Gurkhali manual' by George Wilgram Pocklington Money, featuring the stories, culture and voice of Nepal.",1942,0.0,229,0
9781922204844.0,Practical Nepali,Virginia Dixon,Nepali Literature,"A Nepali literary work titled 'Practical Nepali' by Virginia Dixon, featuring the stories, culture and voice of Nepal.",2013,0.0,0,0
,Eka saya śabda =,Satyamohana Jośī,Nepali Literature,"A Nepali literary work titled 'Eka saya śabda =' by Satyamohana Jośī, featuring the stories, culture and voice of Nepal.",1990,0.0,72,0
9798267896382.0,10 Nepali Short Stories for Intermediate Learners,Ahmet Neseli,Nepali Literature,"Are you ready to move beyond vocabulary lists and grammar drills and immerse yourself in the living, breathing soul of the Nepali language? This collection of ten captivating short stories is your ticket to the vibrant culture, traditions, and everyday lives of the people of Nepal.

Forget dry, academic texts. Inside, you’ll discover ten original tales, each a perfectly crafted 350-400 words, designed to be engaging for adult learners. From the quiet wisdom of a grandmother’s secret recipe to the surprising identity of a mysterious neighbor, these stories reflect the true heart of Nepali culture. You won’t just learn the language; you’ll feel it.",2025,0.0,0,0
9780728600249.0,Introduction to Nepali,Thomas Welbourne Clark,Nepali Literature,"A Nepali literary work titled 'Introduction to Nepali' by Thomas Welbourne Clark, featuring the stories, culture and voice of Nepal.",1963,0.0,421,0
,Asamiya aru Nepali bhashara tulanatmaka adhyana,Unknown,Nepali Literature,Comparative study between Assamese and Nepali language.,2016,0.0,172,0
,Hindī evaṃ Nepālī bhāshā,Surendra Prasāda Sāha,Nepali Literature,Comparative study of Hindi and Nepali language.,1983,0.0,104,0
,Aṅgrejī-Nepālī bīmāko śabdagrantha,Rameśa Rāja Bhaṭṭarāī,Nepali Literature,Dictionary of insurance terminology.,1997,0.0,188,0
,Jojalapā! =,K. R. Tuladhar,Nepali Literature,Newari language phrasebook.,1999,0.0,60,0
,Communicating in Nepali,Padmini Lamichhane,Nepali Literature,"A Nepali literary work titled 'Communicating in Nepali' by Padmini Lamichhane, featuring the stories, culture and voice of Nepal.",1996,0.0,79,0
,Nepālī lipivikāsa,Śaṅkaramāna Rājavaṃśī,Nepali Literature,"A Nepali literary work titled 'Nepālī lipivikāsa' by Śaṅkaramāna Rājavaṃśī, featuring the stories, culture and voice of Nepal.",1974,0.0,66,0
9789937320603.0,Kānunī Nepālī bhāshā,Govinda Ghimire,Nepali Literature,History and development of legal language in Nepal.,2011,0.0,168,0
,"Nepāla lipi saṅgraha, or, A collection of Nepalese alphabets",Hemaraj Sakya,Nepali Literature,"A Nepali literary work titled 'Nepāla lipi saṅgraha, or, A collection of Nepalese alphabets' by Hemaraj Sakya, featuring the stories, culture and voice of Nepal.",1956,0.0,40,0
,A treatise on Nepali language,Gokul Sinha,Nepali Literature,"A Nepali literary work titled 'A treatise on Nepali language' by Gokul Sinha, featuring the stories, culture and voice of Nepal.",1978,0.0,76,0
,Vr̥had Nepālī-vyākaraṇa,Rohiṇīprasāda Bhaṭṭarāī,Nepali Literature,"A Nepali literary work titled 'Vr̥had Nepālī-vyākaraṇa' by Rohiṇīprasāda Bhaṭṭarāī, featuring the stories, culture and voice of Nepal.",1976,0.0,649,0
,"Nepālī Bhāshā-Adhigoshṭhi, 2033","Nepālī Bhāshā-Adhigosṭhī (1976 Kathmandu, Nepal)",Nepali Literature,"A Nepali literary work titled 'Nepālī Bhāshā-Adhigoshṭhi, 2033' by Nepālī Bhāshā-Adhigosṭhī (1976 Kathmandu, Nepal), featuring the stories, culture and voice of Nepal.",1976,0.0,199,0
,Tentative systemic organization of Nepali sentences,Maria Hari,Nepali Literature,"A Nepali literary work titled 'Tentative systemic organization of Nepali sentences' by Maria Hari, featuring the stories, culture and voice of Nepal.",1972,0.0,62,0
,Nepālī racanā-śilpa,Tulasī Prasāda Ḍhungyāla,Nepali Literature,"A Nepali literary work titled 'Nepālī racanā-śilpa' by Tulasī Prasāda Ḍhungyāla, featuring the stories, culture and voice of Nepal.",1968,0.0,346,0
9789993369646.0,Kendrīya Nepālī śabdakośa,Rājendrakumāra Ācārya,Nepali Literature,Dictionary of central Nepali language spoken in Karnali Zone of Nepal.,2003,0.0,157,0
9789993334262.0,Nepālī ṭukkāharuko sarvekshaṇa ra viśleshaṇa =,Śivaprasāda Pauḍyāla,Nepali Literature,"A Nepali literary work titled 'Nepālī ṭukkāharuko sarvekshaṇa ra viśleshaṇa =' by Śivaprasāda Pauḍyāla, featuring the stories, culture and voice of Nepal.",2004,0.0,384,0
,Vīrendrakesarī Arjyālaka vyākaraṇako paricaya,"Kharela Ke. Sī, Preraṇā.",Nepali Literature,"On the works of Veerendrakesari Arjyal, 1849-1931, Nepali grammarian.",2001,0.0,298,0
,Vyākaraṇa-samśodhana,Bholānātha Pauḍela,Nepali Literature,"A Nepali literary work titled 'Vyākaraṇa-samśodhana' by Bholānātha Pauḍela, featuring the stories, culture and voice of Nepal.",1972,0.0,16,0
,Nepālī bhāshā bnoṭa,Gopālanidhi Tivārī,Nepali Literature,"A Nepali literary work titled 'Nepālī bhāshā bnoṭa' by Gopālanidhi Tivārī, featuring the stories, culture and voice of Nepal.",1974,0.0,340,0
,Nepālī chandasāra,Ramchandra Dhungana,Nepali Literature,"A Nepali literary work titled 'Nepālī chandasāra' by Ramchandra Dhungana, featuring the stories, culture and voice of Nepal.",1972,0.0,112,0
,Sarala Nepālī vyākaraṇa,Ramchandra Dhungana,Nepali Literature,"A Nepali literary work titled 'Sarala Nepālī vyākaraṇa' by Ramchandra Dhungana, featuring the stories, culture and voice of Nepal.",1972,0.0,79,0
,Chaʼndolaṅkāra,Sundara Śreshṭha,Nepali Literature,"A Nepali literary work titled 'Chaʼndolaṅkāra' by Sundara Śreshṭha, featuring the stories, culture and voice of Nepal.",1966,0.0,23,0
,Kavitā lekhne rīti,Pracaṇḍa Bahādura Buṛāthokī,Nepali Literature,"A Nepali literary work titled 'Kavitā lekhne rīti' by Pracaṇḍa Bahādura Buṛāthokī, featuring the stories, culture and voice of Nepal.",1964,0.0,24,0
9789993364900.0,Kosavij~nana =,Khagendraprasad Luitela,Nepali Literature,Nepali lexicography.,2001,0.0,131,0
9789937629287.0,Nepālī bhāshākā ṭukkāko saidhāntika vimarśa,Dhruva Ghimire,Nepali Literature,"A Nepali literary work titled 'Nepālī bhāshākā ṭukkāko saidhāntika vimarśa' by Dhruva Ghimire, featuring the stories, culture and voice of Nepal.",2013,0.0,160,0
9789937629300.0,Nepālī ṭukkāko arthagata viśleshaṇa,Dhruva Ghimire,Nepali Literature,"A Nepali literary work titled 'Nepālī ṭukkāko arthagata viśleshaṇa' by Dhruva Ghimire, featuring the stories, culture and voice of Nepal.",2013,0.0,275,0
9789937629294.0,Nepālī ṭukkāko saṃracanātmaka viśleshaṇa,Dhruva Ghimire,Nepali Literature,"A Nepali literary work titled 'Nepālī ṭukkāko saṃracanātmaka viśleshaṇa' by Dhruva Ghimire, featuring the stories, culture and voice of Nepal.",2013,0.0,308,0
,Prajna Nepali sandarbha vyakarana,Mohanarāja Śarmā,Nepali Literature,Nepali Grammar,2014,0.0,544,0
,Nepāla lipi guthi halaṃjvalaṃ dhalaḥ,Unknown,Nepali Literature,"A Nepali literary work titled 'Nepāla lipi guthi halaṃjvalaṃ dhalaḥ' by Unknown, featuring the stories, culture and voice of Nepal.",1989,0.0,55,0
,A Bibliography of Nepalese languages and linguistics,Sueyoshi Toba,Nepali Literature,"A Nepali literary work titled 'A Bibliography of Nepalese languages and linguistics' by Sueyoshi Toba, featuring the stories, culture and voice of Nepal.",1991,0.0,120,0
9789937854153.0,Nepālī Bhāshā Saṅgoshṭhī-2067,Nepālī Bhāshā Saṅgoshṭhī (2011 Nepāla Prajñā-Pratishṭhāna),Nepali Literature,"Proceedings of Nepali Language Conference organized by Nepāla Prajñā Pratishṭhāna during January 10-12, 2011.",2011,0.0,160,0
9789937866361.0,Cakaleṭa,Nayanarāja Pāṇḍe,Nepali Literature,"A Nepali literary work titled 'Cakaleṭa' by Nayanarāja Pāṇḍe, featuring the stories, culture and voice of Nepal.",2012,0.0,166,0
,An introduction to the Nepali vowel and consonant sounds,Indramani Pradhan,Nepali Literature,"A Nepali literary work titled 'An introduction to the Nepali vowel and consonant sounds' by Indramani Pradhan, featuring the stories, culture and voice of Nepal.",1969,0.0,31,0
,"Ṭhūlo varṇamālā, Nepālī",Unknown,Nepali Literature,"A Nepali literary work titled 'Ṭhūlo varṇamālā, Nepālī' by Unknown, featuring the stories, culture and voice of Nepal.",1988,0.0,48,0
,"Prākr̥tavyākaraṇa, arthāt, Parvatīya bhāshāko vyākaraṇa","Siṃha, Jayapr̥thvībahādura Raja",Nepali Literature,Nepali language grammar.,1999,0.0,0,0
,Nepālī bhāshā,Chandra Rana,Nepali Literature,"A Nepali literary work titled 'Nepālī bhāshā' by Chandra Rana, featuring the stories, culture and voice of Nepal.",2011,0.0,398,0
,Nepālī kāraka-vyākaraṇa,Hemāṅgarāja Adhikārī,Nepali Literature,On Nepali grammar.,1995,0.0,226,0
,Samasāmayika Nepālī vyākaraṇa,Hemāṅgarāja Adhikārī,Nepali Literature,Nepali grammar.,1993,0.0,254,0
,Chanda-sāgara-sopāna,Lakshmī Ācārya,Nepali Literature,Nepali grammar.,1990,0.0,83,0
,Nepālī varṇoccāraṇaśikshā =,Śivarāja Ācārya,Nepali Literature,"A Nepali literary work titled 'Nepālī varṇoccāraṇaśikshā =' by Śivarāja Ācārya, featuring the stories, culture and voice of Nepal.",1974,0.0,460,0
,Nepālī bhāshāko utpatti,Cūḍāmaṇi Regmī,Nepali Literature,"A Nepali literary work titled 'Nepālī bhāshāko utpatti' by Cūḍāmaṇi Regmī, featuring the stories, culture and voice of Nepal.",1969,0.0,255,0
,Nepālī vyākaraṇako aitihāsika sarvekshaṇa,Sukuma Śarmā,Nepali Literature,Brief study of various works on Nepali grammar.,2000,0.0,90,0
,Bhāshāvijñāna,Cūḍāmaṇi Regmī,Nepali Literature,"A Nepali literary work titled 'Bhāshāvijñāna' by Cūḍāmaṇi Regmī, featuring the stories, culture and voice of Nepal.",1973,0.0,230,0
9789993312086.0,Nepālī anukaraṇaśabdako svarūpa,Narendra Cāpāgāīṃ,Nepali Literature,On etymology of Nepali language.,2001,0.0,240,0
9789937203364.0,Bhāshikāko saiddhāntika paksha tathā Nepālīkā bhāshikā nirdhāraṇa,Yamanātha Timilsinā,Nepali Literature,Principles of linguistics and Nepali language.,2007,0.0,74,0
,Śabda-racanā ra varṇa-vinyāsa,Mohan Raj Sharma,Nepali Literature,"A Nepali literary work titled 'Śabda-racanā ra varṇa-vinyāsa' by Mohan Raj Sharma, featuring the stories, culture and voice of Nepal.",1979,0.0,394,0
,Nepālī bhāshāko itihāsa,Surya Mani Adhikary,Nepali Literature,History of Nepali language.,1999,0.0,140,0
,Nepālī alaṅkāra paricaya,Bharatarāja Panta,Nepali Literature,On Nepali language rhetoric.,1999,0.0,125,0
,Nepālī bhāshāko aitihāsika mīmāṃsā,Pūrṇa Prakāśa Nepāla,Nepali Literature,Historical study of Nepali language.,1996,0.0,357,0
,A bibliography of Nepalese languages and linguistics,Sueyoshi Toba,Nepali Literature,"A Nepali literary work titled 'A bibliography of Nepalese languages and linguistics' by Sueyoshi Toba, featuring the stories, culture and voice of Nepal.",1998,0.0,144,0
,Bhāshā-praveśa Nepālī vyākaraṇa,Paras Mani Pradhan,Nepali Literature,"A Nepali literary work titled 'Bhāshā-praveśa Nepālī vyākaraṇa' by Paras Mani Pradhan, featuring the stories, culture and voice of Nepal.",1970,0.0,288,0
,Nepālī bhāshāko utapatti ra vikāsa,Paras Mani Pradhan,Nepali Literature,On the origin and development of Nepali language.,1972,0.0,112,0
,Nepālī vyākaraṇa,Paras Mani Pradhan,Nepali Literature,Nepali grammar.,1949,0.0,126,0
,Vyākaraṇako dantyakathā,R̥shabhadeva Śāstrī,Nepali Literature,"A Nepali literary work titled 'Vyākaraṇako dantyakathā' by R̥shabhadeva Śāstrī, featuring the stories, culture and voice of Nepal.",1970,0.0,20,0
,Candrikā,Gururāja Hemarāja Paṇḍita,Nepali Literature,Nepali grammar.,1985,0.0,498,0
,Vr̥ttanakshtramālā,Śivarāja Ācārya,Nepali Literature,"A Nepali literary work titled 'Vr̥ttanakshtramālā' by Śivarāja Ācārya, featuring the stories, culture and voice of Nepal.",1971,0.0,38,0
,Kriyāko rūpatattvakā ādhāramā Nepālīkā bhāshikāharūko nirdhāraṇa,Yajñeśvara Niraulā,Nepali Literature,Liguistic survey of Nepali language on the basis of verb roots.,1994,0.0,142,0
,Baitaḍīkā kehī sthānīya śabda,Bhim Dev Bhatta,Nepali Literature,"A Nepali literary work titled 'Baitaḍīkā kehī sthānīya śabda' by Bhim Dev Bhatta, featuring the stories, culture and voice of Nepal.",1961,0.0,0,0
,Anivārya-Nepālī-racanā,"Bhaṭṭarāī, Harshanātha Śarmā",Nepali Literature,"A Nepali literary work titled 'Anivārya-Nepālī-racanā' by Bhaṭṭarāī, Harshanātha Śarmā, featuring the stories, culture and voice of Nepal.",1966,0.0,204,0
,Bṛhat Nepālī śabdakosha,"Bhaṭṭarāī, Harshanātha Śarmā",Nepali Literature,"A Nepali literary work titled 'Bṛhat Nepālī śabdakosha' by Bhaṭṭarāī, Harshanātha Śarmā, featuring the stories, culture and voice of Nepal.",1966,0.0,893,0
,I︠A︡zyk nepali,N. I. Korolev,Nepali Literature,"A Nepali literary work titled 'I︠A︡zyk nepali' by N. I. Korolev, featuring the stories, culture and voice of Nepal.",1965,0.0,151,0
9789994679201.0,Jharro śabdyaulī,Bālakr̥shṇa Pokharela,Nepali Literature,Dictionary of Nepali words used in rural areas.,2007,0.0,119,0
,Nepālī ra kshetrīya bhāshāharūko pārasparika sambandha,Bālakr̥shṇa Pokharela,Nepali Literature,"A Nepali literary work titled 'Nepālī ra kshetrīya bhāshāharūko pārasparika sambandha' by Bālakr̥shṇa Pokharela, featuring the stories, culture and voice of Nepal.",1963,0.0,12,0
,Hāmro ukhāna ra purkhāko bakhāna,Līlā Siṃha Karmā,Nepali Literature,Study of Nepali proverbs.,1996,0.0,126,0
,Bhāshāko māyā,Kr̥shṇaprasāda Parājulī,Nepali Literature,Articles on Nepali language and grammar.,1987,0.0,184,0
,मानिस मानिस जस्तै,Nīlimā Ghosha,Nepali Literature,"A Nepali literary work titled 'मानिस मानिस जस्तै' by Nīlimā Ghosha, featuring the stories, culture and voice of Nepal.",1900,0.0,97,0
9789993366256.0,Purālekhana ra abhilekha =,Dineśacandra Regmī,Nepali Literature,History and development of various scripts used in Nepal in ancient time.,2003,0.0,0,0
,Hitaishī Nepālī śabdakośa,Cakrapāṇi Cālise,Nepali Literature,Nepali dictionary.,1989,0.0,584,0
,Nepālī bagalī-kosha,Cakrapāṇi Cālise,Nepali Literature,"A Nepali literary work titled 'Nepālī bagalī-kosha' by Cakrapāṇi Cālise, featuring the stories, culture and voice of Nepal.",1970,0.0,319,0
,Studies on Nepali language and linguistics,Narindar K. Aggarwal,Nepali Literature,"A Nepali literary work titled 'Studies on Nepali language and linguistics' by Narindar K. Aggarwal, featuring the stories, culture and voice of Nepal.",1991,0.0,93,0
,Nepali transformational structure,Franklin C. Southworth,Nepali Literature,"A Nepali literary work titled 'Nepali transformational structure' by Franklin C. Southworth, featuring the stories, culture and voice of Nepal.",1967,0.0,56,0
,Sajilo Nepālī,Tārānātha Śarmā,Nepali Literature,Nepali grammar.,1995,0.0,151,0
,Dhvaniko dhandā,Mahānanda,Nepali Literature,"A Nepali literary work titled 'Dhvaniko dhandā' by Mahānanda, featuring the stories, culture and voice of Nepal.",1963,0.0,140,0
,Nepālī vyāvahārika vyākaraṇa,Kr̥shṇaprasāda Parājulī,Nepali Literature,"A Nepali literary work titled 'Nepālī vyāvahārika vyākaraṇa' by Kr̥shṇaprasāda Parājulī, featuring the stories, culture and voice of Nepal.",1967,0.0,94,0
,Nepālī dhvaniśāstra =,Ṭaṅkaprasāda Nyaupāne,Nepali Literature,"A Nepali literary work titled 'Nepālī dhvaniśāstra =' by Ṭaṅkaprasāda Nyaupāne, featuring the stories, culture and voice of Nepal.",1983,0.0,100,0
,Bhāshā-vandanā,Baladeva Adhikārī,Nepali Literature,"A Nepali literary work titled 'Bhāshā-vandanā' by Baladeva Adhikārī, featuring the stories, culture and voice of Nepal.",1988,0.0,136,0
,Lalita vyākaraṇa,Baladeva Adhikārī,Nepali Literature,"A Nepali literary work titled 'Lalita vyākaraṇa' by Baladeva Adhikārī, featuring the stories, culture and voice of Nepal.",1988,0.0,86,0
,Godāvarī śabda-śuddhi,John Kerr Locke,Nepali Literature,"A Nepali literary work titled 'Godāvarī śabda-śuddhi' by John Kerr Locke, featuring the stories, culture and voice of Nepal.",1968,0.0,22,0
9789993356301.0,Dhvanivijñāna ra Nepālī bhāshāko dhvani-paricaya,Mādhavaprasāda Pokharela,Nepali Literature,On Nepali phonetics.,2000,0.0,192,0
,Bhāshāsāhityakā duī hastī,Hemanātha Pauḍela,Nepali Literature,"Study on the works of Balakrishna Pokharela and Ballabhmani Dahal, linguists from Nepal.",2007,0.0,80,0
,Bhāshā ra saṃskr̥ti,Gaṅgāprasāda Upretī,Nepali Literature,Collection of research articles on Nepali language and culture.,2008,0.0,99,0
,Sahāyaka-praveśikā,Unknown,Nepali Literature,"A Nepali literary work titled 'Sahāyaka-praveśikā' by Unknown, featuring the stories, culture and voice of Nepal.",2000,0.0,0,0
,Nepali bhashaka hajara varsha,Mohanaprasāda Khanāla,Nepali Literature,History of Nepali language.,2011,0.0,301,0
,Philamorako kāraka vyākaraṇa ra Nepālīkā kārakaharū,Devīprasāda Gautama,Nepali Literature,Study of case in Nepali language.,1996,0.0,66,0
,Bherīkshetrīya Nepāli kriyāko saṃracanātmaka viśleshaṇa,Jīvendradeva Girī,Nepali Literature,Study of verb in Nepali language of western Nepal.,1996,0.0,72,0
,Nepālī śabda-koṡa,Unknown,Nepali Literature,"A Nepali literary work titled 'Nepālī śabda-koṡa' by Unknown, featuring the stories, culture and voice of Nepal.",1962,0.0,1146,0
,Introduction to Nepali,T. W. Clark,Nepali Literature,"A Nepali literary work titled 'Introduction to Nepali' by T. W. Clark, featuring the stories, culture and voice of Nepal.",1963,0.0,421,0
,Nepālī kāraka-vyākaraṇa,Hemāṅgarāja Adhikārī,Nepali Literature,"A Nepali literary work titled 'Nepālī kāraka-vyākaraṇa' by Hemāṅgarāja Adhikārī, featuring the stories, culture and voice of Nepal.",1995,0.0,226,0
9783901115240.0,Einführung in das Nepali,Anton F. W. Sommer,Nepali Literature,"A Nepali literary work titled 'Einführung in das Nepali' by Anton F. W. Sommer, featuring the stories, culture and voice of Nepal.",1993,0.0,116,0
9780895817624.0,Basic colloquial Maithili,Alice Irene Davis,Nepali Literature,"A Nepali literary work titled 'Basic colloquial Maithili' by Alice Irene Davis, featuring the stories, culture and voice of Nepal.",1984,0.0,242,0
,Nepālī bhāshā āndolana ra kehī rāshṭrīya samasyāharūkā sandarbhamā,Janārdana Thāpā,Nepali Literature,"A Nepali literary work titled 'Nepālī bhāshā āndolana ra kehī rāshṭrīya samasyāharūkā sandarbhamā' by Janārdana Thāpā, featuring the stories, culture and voice of Nepal.",1991,0.0,114,0
,Praśāsakiya tathā kānūnī śabdakośa,"Bhaṭṭarāī, Harshanātha Śarmā",Nepali Literature,Nepali-English-Nepali dictionary of administrative and legal terms.,1984,0.0,556,0
9789994621286.0,"Nepālakā bhāshāharuko pahicāna, vartamāna sthiti ra bhāshāvikāsayojanā",Amr̥ta Hyonjana Tāmāṅa,Nepali Literature,"Identity of Nepalese language, present situation, and language planning.",2006,0.0,96,0
,Jwajalapa,Kamal Tuladhar,Nepali Literature,"A Nepali literary work titled 'Jwajalapa' by Kamal Tuladhar, featuring the stories, culture and voice of Nepal.",2007,0.0,125,0
,Nepālī sikauṃ = Let's learn Nepali,Unknown,Nepali Literature,"A Nepali literary work titled 'Nepālī sikauṃ = Let's learn Nepali' by Unknown, featuring the stories, culture and voice of Nepal.",1999,0.0,228,0
,Sāṃskr̥tika prekshāpaṭe Bāṃlā o Nepāli śabdārtha samīkshā,Subodhakumāra Yaśa,Nepali Literature,Comparative study on Bengali and Nepali words.,2005,0.0,303,0
9788120706989.0,"Nepali, a national language and its literature",Michael Hutt,Nepali Literature,"A Nepali literary work titled 'Nepali, a national language and its literature' by Michael Hutt, featuring the stories, culture and voice of Nepal.",1988,0.0,252,0
9789937264099.0,Kānunī Nepālī,"Upādhyāya, Yadu Nandana (Professor of Nepali language)",Nepali Literature,"A Nepali literary work titled 'Kānunī Nepālī' by Upādhyāya, Yadu Nandana (Professor of Nepali language), featuring the stories, culture and voice of Nepal.",2013,0.0,138,0
,Paryāyavācī śabda-kosa,Nepāla Rājakīya Prajñā-Pratishṭhāna,Nepali Literature,Nepali language dictionary and synonyms with other Nepali dialects.,1973,0.0,176,0
,Three Gurung equivalents of English Be [by] Warren W. Glover [and other articles],Unknown,Nepali Literature,"A Nepali literary work titled 'Three Gurung equivalents of English Be [by] Warren W. Glover [and other articles]' by Unknown, featuring the stories, culture and voice of Nepal.",1968,0.0,166,0
,Saṃskr̥ta-Nepālī br̥hat śabdakośa,Phaṇīndraprasāda Pāṇḍeya,Nepali Literature,Sanskrit-Nepali dictionary.,2000,0.0,1522,0
,Nepālī vyākaraṇakā kehī paksha,"Nepālī Vyākaraṇa Adhigoshṭhī (1985 Kathmandu, Nepal)",Nepali Literature,"A Nepali literary work titled 'Nepālī vyākaraṇakā kehī paksha' by Nepālī Vyākaraṇa Adhigoshṭhī (1985 Kathmandu, Nepal), featuring the stories, culture and voice of Nepal.",1988,0.0,547,0
,Rāī Bāntāvā bhāshāko saṅkshipta śabdakosha,Mitrarāja Raṅgābuṅga,Nepali Literature,Bantawa-Nepali dictionary.,2000,0.0,27,0
,Nepalʹsko-russkiĭ slovarʹ,I. S. Rabinovich,Nepali Literature,"A Nepali literary work titled 'Nepalʹsko-russkiĭ slovarʹ' by I. S. Rabinovich, featuring the stories, culture and voice of Nepal.",1968,0.0,1328,0
,"Rāshṭra starīya Nepālī bhāshā saṅgrāmīharuprati abhinandana, 20 Pharavari, 1993, sthāna Saṅgrāma Bhavana",Unknown,Nepali Literature,"A Nepali literary work titled 'Rāshṭra starīya Nepālī bhāshā saṅgrāmīharuprati abhinandana, 20 Pharavari, 1993, sthāna Saṅgrāma Bhavana' by Unknown, featuring the stories, culture and voice of Nepal.",1993,0.0,98,0
,Nepālī bhāshāko paricaya ani saṃvaidhānika mānyatāko praśna,Unknown,Nepali Literature,"A Nepali literary work titled 'Nepālī bhāshāko paricaya ani saṃvaidhānika mānyatāko praśna' by Unknown, featuring the stories, culture and voice of Nepal.",2000,0.0,38,0
,Aṅgrejī-Nepālī kosha,Unknown,Nepali Literature,English-Nepali dictionary.,1936,0.0,2213,0
,Saṅkshipta Nepāla bhāshā śabda-kośa,Unknown,Nepali Literature,Newari-Nepali dictionary.,1956,0.0,283,0
,Hindī-Nepālī kośa,India. Central Hindi Directorate,Nepali Literature,Hindi-Nepali dictionary.,2004,0.0,303,0
9789937291088.0,Tāmāṅa chigajo,Dupavāṅgela Moktāna,Nepali Literature,Tamang-Nepali dictionary,2015,0.0,445,0
,Nepālī bhāshāko vyutpattikośa,Sthāneśvara Gautama,Nepali Literature,Etymological dictionary of Nepali language.,2000,0.0,104,0
,Jimdo Nepālī bhāsā,Śivarāja Ācārya,Nepali Literature,Essays on the history and grammar of Nepali language.,1973,0.0,0,0
,Nepāli-Nepālabhāshā śabdāvalī,Kr̥shṇaprakāśa Śreshṭha,Nepali Literature,"A Nepali literary work titled 'Nepāli-Nepālabhāshā śabdāvalī' by Kr̥shṇaprakāśa Śreshṭha, featuring the stories, culture and voice of Nepal.",1978,0.0,62,0
9789937689625.0,Lekhya Nepālīko Ekarupīkaraṇa,Nepal) Lekhya Nepālīko Ekarupīkaraṇa (Seminar) (2005 Patān,Nepali Literature,"Proceedings of three days seminar Lekhya Nepālīko Ekarupīkaraṇa, on Nepali language; jointly organized by Nepāla Rājakīya Prajñā-Pratishṭhāna and Himal Association, during May 02-04, 2005 held at Patan Dhoka, Nepal.",2017,0.0,64,0
9784475001571.0,Nihongo Nepārugo jiten,Reiko Saigusa,Nepali Literature,"A Nepali literary work titled 'Nihongo Nepārugo jiten' by Reiko Saigusa, featuring the stories, culture and voice of Nepal.",2006,0.0,612,0
9789937723039.0,Nepālī vyākaraṇako vikāsa kramika anuśīlana,Śarvarāja Ācārya,Nepali Literature,Study on grammar and historical development of Nepali language.,2018,0.0,160,0
,Khasakurā (Purānī Pahāṛī) śabdakośa,"Yamunādutta Vaishṇav ""Ashok""",Nepali Literature,"A Nepali literary work titled 'Khasakurā (Purānī Pahāṛī) śabdakośa' by Yamunādutta Vaishṇav ""Ashok"", featuring the stories, culture and voice of Nepal.",1992,0.0,659,0
,Intermediate Nepali structure,Manindra K. Verma,Nepali Literature,"A Nepali literary work titled 'Intermediate Nepali structure' by Manindra K. Verma, featuring the stories, culture and voice of Nepal.",1979,0.0,0,0
,Nepālī anukaraṇātmaka śabdako vyutpattistrota visleshaṇa,Narendra Cāpāgāīṃ,Nepali Literature,On Nepali grammar and etymology of Nepali language.,1994,0.0,216,0
,Rāja Aṅgrejī-Nepālī śabdakośa,Rājanārāyana Pradhāna,Nepali Literature,English-Nepali dictionary.,1993,0.0,676,0
,Nepālī nirvacana,Bālakr̥shṇa Pokharela,Nepali Literature,"A Nepali literary work titled 'Nepālī nirvacana' by Bālakr̥shṇa Pokharela, featuring the stories, culture and voice of Nepal.",1989,0.0,0,0
,Kendrīya Nepālī bhāshikāharū,Rāmavikrama Siñjāpati,Nepali Literature,Comparative study of vocables in the dialects of Nepali.,1984,0.0,89,0
,Nepālī bhāshā ra candrikā vyākaraṇa,"Raj, Prakash A.",Nepali Literature,"A Nepali literary work titled 'Nepālī bhāshā ra candrikā vyākaraṇa' by Raj, Prakash A., featuring the stories, culture and voice of Nepal.",1972,0.0,64,0
,Saṅkshipta Nepāla bhāshā śabda-kośa,Pannāprasāda Jośī,Nepali Literature,"A Nepali literary work titled 'Saṅkshipta Nepāla bhāshā śabda-kośa' by Pannāprasāda Jośī, featuring the stories, culture and voice of Nepal.",1956,0.0,283,0
9789937918350.0,Jimdo Nepāli bhāsā,Ṭekanātha Dahāla,Nepali Literature,"Study on Jimdo Nepāli bhāsā, a work by Śivarāja Ācārya; on grammar and history of Nepali language.",2017,0.0,126,0
9789993341505.0,Cāmliṅa dim cimmhālābevā =,Unknown,Nepali Literature,"A Nepali literary work titled 'Cāmliṅa dim cimmhālābevā =' by Unknown, featuring the stories, culture and voice of Nepal.",2003,0.0,139,0
,A guide to common terms on various subjects,D. B. Shrestha,Nepali Literature,"A Nepali literary work titled 'A guide to common terms on various subjects' by D. B. Shrestha, featuring the stories, culture and voice of Nepal.",1975,0.0,554,0
,基礎ネパール語辞典,天理教. 教会本部. 海外伝道部,Nepali Literature,"A Nepali literary work titled '基礎ネパール語辞典' by 天理教. 教会本部. 海外伝道部, featuring the stories, culture and voice of Nepal.",1965,0.0,118,0
,Nepālī patrakāritāmā bhāshā,Kiśora Nepāla,Nepali Literature,Study on the language in Nepali journalism.,2001,0.0,27,0
9789994623129.0,Aṅgrejī-Nepālī br̥hat śabdakośa =,Shankar Raj Pathak,Nepali Literature,"A Nepali literary work titled 'Aṅgrejī-Nepālī br̥hat śabdakośa =' by Shankar Raj Pathak, featuring the stories, culture and voice of Nepal.",2007,0.0,1565,0
,Pūrṇa Nepāli-Aṅgrejī kosha =,Kamala Prasāda Śarmā,Nepali Literature,"A Nepali literary work titled 'Pūrṇa Nepāli-Aṅgrejī kosha =' by Kamala Prasāda Śarmā, featuring the stories, culture and voice of Nepal.",1967,0.0,741,0
,Nepālī vyākaraṇaparaka śabdakośa,"Adhikārī, Candrakānta",Nepali Literature,Dictionary of Nepali verbs.,1994,0.0,358,0
,Nepal'sko-russkiǐ slovar',Izrail' Savel'evich Rabinovich,Nepali Literature,"A Nepali literary work titled 'Nepal'sko-russkiǐ slovar'' by Izrail' Savel'evich Rabinovich, featuring the stories, culture and voice of Nepal.",1968,0.0,1328,0
,Russko-nepalʹskiĭ slovarʹ,Nikolaĭ Ivanovich Korolev,Nepali Literature,"A Nepali literary work titled 'Russko-nepalʹskiĭ slovarʹ' by Nikolaĭ Ivanovich Korolev, featuring the stories, culture and voice of Nepal.",1975,0.0,728,0
,Jimdo Nepālī bhāsā,Śivarāja Ācārya,Nepali Literature,"A Nepali literary work titled 'Jimdo Nepālī bhāsā' by Śivarāja Ācārya, featuring the stories, culture and voice of Nepal.",1973,0.0,0,0
,Nepālī anukaraṇātmaka śabdako vyutpattistrota visleshaṇa,Narendra Cāpāgāīṃ,Nepali Literature,"A Nepali literary work titled 'Nepālī anukaraṇātmaka śabdako vyutpattistrota visleshaṇa' by Narendra Cāpāgāīṃ, featuring the stories, culture and voice of Nepal.",1994,0.0,216,0
,The auxiliary in Nepali,T. N. Sharma,Nepali Literature,"A Nepali literary work titled 'The auxiliary in Nepali' by T. N. Sharma, featuring the stories, culture and voice of Nepal.",1980,0.0,0,0
9780931745034.0,Nepali Newspaper Reader,Champa Jarmul,Nepali Literature,"A Nepali literary work titled 'Nepali Newspaper Reader' by Champa Jarmul, featuring the stories, culture and voice of Nepal.",1984,0.0,274,0
,Darāī bhāshā =,Lakshmaṇa Darāī,Nepali Literature,"A Nepali literary work titled 'Darāī bhāshā =' by Lakshmaṇa Darāī, featuring the stories, culture and voice of Nepal.",1986,0.0,92,0
,Darabārī Nepālī bhāshikā,Bhīmanārāyaṇa Regmī,Nepali Literature,Study on Nepali language used in royal palace.,2002,0.0,89,0
,Nepālī bhāshā mānyatā āndolanakā prathama senānī Ānanda Siṃha Thāpā,Ṭīkā Khātī,Nepali Literature,"A Nepali literary work titled 'Nepālī bhāshā mānyatā āndolanakā prathama senānī Ānanda Siṃha Thāpā' by Ṭīkā Khātī, featuring the stories, culture and voice of Nepal.",1994,0.0,96,0
,Prāvidhika śabdaharūko Aṅgrejī-Nepālī rūpāntara =,Puṇya Prasāda Olī,Nepali Literature,"A Nepali literary work titled 'Prāvidhika śabdaharūko Aṅgrejī-Nepālī rūpāntara =' by Puṇya Prasāda Olī, featuring the stories, culture and voice of Nepal.",1970,0.0,124,0
,A project on curriculum,"Śikshā Anusandhāna, Pravartana, tathā Vikāsa Kendra (Nepal)",Nepali Literature,"A Nepali literary work titled 'A project on curriculum' by Śikshā Anusandhāna, Pravartana, tathā Vikāsa Kendra (Nepal), featuring the stories, culture and voice of Nepal.",1979,0.0,0,0
,Nepālī-Limbū-Aṅgrejī śabdakośa,Puṅalāiṅa Hastalāla Limbū,Nepali Literature,"A Nepali literary work titled 'Nepālī-Limbū-Aṅgrejī śabdakośa' by Puṅalāiṅa Hastalāla Limbū, featuring the stories, culture and voice of Nepal.",1993,0.0,192,0
,Nepālī bhāshā-śikshaṇa,Caitanya Paṇ̄ḍeya,Nepali Literature,"A Nepali literary work titled 'Nepālī bhāshā-śikshaṇa' by Caitanya Paṇ̄ḍeya, featuring the stories, culture and voice of Nepal.",1980,0.0,141,0
,Vyāvahārika paryāya śabdasaṅgraha,Pāsāṅa Chiriṅa,Nepali Literature,Dictionary of administrative terms.,1998,0.0,141,0
,An outline of Nepali transformational syntax,Basudev Sharma,Nepali Literature,"A Nepali literary work titled 'An outline of Nepali transformational syntax' by Basudev Sharma, featuring the stories, culture and voice of Nepal.",1976,0.0,39,0
9788120615762.0,Gurkhali manual,G. W. P. Money,Nepali Literature,"A Nepali literary work titled 'Gurkhali manual' by G. W. P. Money, featuring the stories, culture and voice of Nepal.",2001,0.0,229,0
9789994634255.0,Limbū hijje śabdakośa =,Dilendra Subbā,Nepali Literature,Limbu-Nepali-English dictionary.,2005,0.0,127,0
9789993381242.0,Nepālī-Thāmī-Aṅgrejī śabdakośa,Mark Turin,Nepali Literature,"A Nepali literary work titled 'Nepālī-Thāmī-Aṅgrejī śabdakośa' by Mark Turin, featuring the stories, culture and voice of Nepal.",2004,0.0,116,0
,Nepālabhāshāyā maulika śavdakośa,Pushparatna Sāgara,Nepali Literature,Newari-Nepali-English dictionary.,2004,0.0,164,0
,Nepalabhāshāyā maulika śabdakośa,Pushparatna Sāgara,Nepali Literature,Newari-Nepali-English dictionary.,1998,0.0,122,0
,Rājanaitika śabda paricaya,Gopīramaṇa Upādhyāya,Nepali Literature,Dictionary of political terms.,1998,0.0,102,0
,Bhāshāśikshaṇa,Hemāṅgarāja Adhikārī,Nepali Literature,"A Nepali literary work titled 'Bhāshāśikshaṇa' by Hemāṅgarāja Adhikārī, featuring the stories, culture and voice of Nepal.",1989,0.0,200,0
,Nepālī bhāshā śikshaṇa,Hemāṅgarāja Adhikārī,Nepali Literature,On the problems of teaching Nepali language in secondary and higher educational institutions in Nepal.,1983,0.0,308,0
,Chunā kham̐gvaḥdhukū prārambhika kośa,Isvarānanda.,Nepali Literature,"A Nepali literary work titled 'Chunā kham̐gvaḥdhukū prārambhika kośa' by Isvarānanda., featuring the stories, culture and voice of Nepal.",1995,0.0,65,0
,"Bhāshā sikāi, sīpa ra sirjanā",Chāyādatta Nyaupāne Bagara,Nepali Literature,On learning Nepali language.,2005,0.0,200,0
,Tamu kyoe,Dillī Jaṅga Guruṅga,Nepali Literature,"A Nepali literary work titled 'Tamu kyoe' by Dillī Jaṅga Guruṅga, featuring the stories, culture and voice of Nepal.",2003,0.0,296,0
,[Brda yig Ṅag sgron,Dpal-khaṅ Ṅag-dbaṅ-chos-kyi-rgya-mtsho,Nepali Literature,"A Nepali literary work titled '[Brda yig Ṅag sgron' by Dpal-khaṅ Ṅag-dbaṅ-chos-kyi-rgya-mtsho, featuring the stories, culture and voice of Nepal.",1984,0.0,206,0
,Jumalelī śabda ra ukhāna-saṅgraha,Ratnākara Devakoṭā,Nepali Literature,"A Nepali literary work titled 'Jumalelī śabda ra ukhāna-saṅgraha' by Ratnākara Devakoṭā, featuring the stories, culture and voice of Nepal.",1970,0.0,117,0
,Yākthuṅ-Pene-Mikphulā panchekā,Īmāna Siṃha Cemjoṅga,Nepali Literature,"A Nepali literary work titled 'Yākthuṅ-Pene-Mikphulā panchekā' by Īmāna Siṃha Cemjoṅga, featuring the stories, culture and voice of Nepal.",1962,0.0,376,0
,Wisdom language book,P. K. Dewan,Nepali Literature,"A Nepali literary work titled 'Wisdom language book' by P. K. Dewan, featuring the stories, culture and voice of Nepal.",1992,0.0,102,0
9789937264006.0,Chariekā bhāshika samālocanāharū,Suraja Pauḍela,Nepali Literature,Articles on study and teaching of Nepali language.,2013,0.0,104,0
9789937019040.0,Varṇa-vinyāsa-vijñānabhitra Nepālī bhāshā,Baladeva Śarmā Adhikārī,Nepali Literature,Nepali orthography and spelling.,2017,0.0,208,0
,Nepālī varṇa-vinyāsa,Lālānātha Suvedī,Nepali Literature,Nepali orthography and spelling.,1984,0.0,96,0
,Nepālī racanākalā =,Motilāla Parājulī,Nepali Literature,"On the art of creative writing, with reference to Nepali language.",1996,0.0,157,0
,Saṃskr̥ti ra sampadā kośa,Gopāla Sivākoṭī Cintana,Nepali Literature,Dictionary of cultural heritage of Nepal.,2016,0.0,778,0
,Nepālī kānūnī śabdakosha,Śaṅkarakumāra Śreshṭha,Nepali Literature,"A Nepali literary work titled 'Nepālī kānūnī śabdakosha' by Śaṅkarakumāra Śreshṭha, featuring the stories, culture and voice of Nepal.",1989,0.0,517,0
,Nepālī racanākalā =,Motīlāla Parājulī,Nepali Literature,"A Nepali literary work titled 'Nepālī racanākalā =' by Motīlāla Parājulī, featuring the stories, culture and voice of Nepal.",1996,0.0,157,0
9789993311362.0,Baitadeli Bhashaka Kehi Paksha,Mahadeva Avasthi,Nepali Literature,"A Nepali literary work titled 'Baitadeli Bhashaka Kehi Paksha' by Mahadeva Avasthi, featuring the stories, culture and voice of Nepal.",2001,0.0,88,0
,Kriyāpada anukramaṇikā,Iswaranand Sresthacharya,Nepali Literature,Dictionary of Nepali and Newari verbs with their equivalents in English.,1990,0.0,13,0
,"Janasañcāramā prayukta bhāshāko saralīkaraṇa, eka adhyayana",Subhadra Subba,Nepali Literature,On the need to reform and simplify Nepali language for effective mass communication.,1985,0.0,60,0
,Danuwar Rai phonemic summary,Klaus Peter Kuegler,Nepali Literature,On an Indo-European language spoken in Makwanpur and Sindhuli Districts of Nepal.,1974,0.0,91,0
9789937723046.0,Kirāta bhāshāharū ra Nepālī bhāshāko vyatirekī adhyayana,Ṭaṅkaprasāda Nyaupāne,Nepali Literature,Study on Kiranti languages and Nepali language.,2017,0.0,328,0
,Tatsama śabdako varṇavinyāsa,Vishṇu Luin̐ṭela,Nepali Literature,Words from Sanskrit with or without change used in Nepali language.,1996,0.0,251,0
,Parvatī bhāshikāko svarūpa ra saṃracanā,Hīrāmaṇi Śarmā Pauḍyāla,Nepali Literature,"On the grammar of Parvati, dialect of Nepali.",1987,0.0,276,0
,Practical elementary Gurkhali for British officers,Charles Harry Campbell,Nepali Literature,"A Nepali literary work titled 'Practical elementary Gurkhali for British officers' by Charles Harry Campbell, featuring the stories, culture and voice of Nepal.",1943,0.0,63,0
,"Nepālī-Varṇavinyāsa-Vishayaka Adhigoshṭhī, 2057","Nepālī-Varṇavinyāsa-Vishayaka Adhigoshṭhī (2000 Kathmandu, Nepal)",Nepali Literature,Proceedings of a conference on Nepali orthography and spelling held at Kathmandu in June 2000.,2000,0.0,67,0
9789993365501.0,Nepālī bhāshā,Bala Rāma Aryāla,Nepali Literature,"A Nepali literary work titled 'Nepālī bhāshā' by Bala Rāma Aryāla, featuring the stories, culture and voice of Nepal.",2001,0.0,0,0
,Colloquial Nepali,George Gordon Rogers,Nepali Literature,"A Nepali literary work titled 'Colloquial Nepali' by George Gordon Rogers, featuring the stories, culture and voice of Nepal.",1950,0.0,124,0
9789937006071.0,Gyalsumdo,Dubi Nanda Dhakal,Nepali Literature,"A Nepali literary work titled 'Gyalsumdo' by Dubi Nanda Dhakal, featuring the stories, culture and voice of Nepal.",2016,0.0,192,0
,"""Ināpa"" halañjvalaṃ dhalaḥ",Unknown,Nepali Literature,"Bibliography of Newari books published by Ināpa, Newari weekly.",1988,0.0,46,0
,Sahī śabda,Unknown,Nepali Literature,Dictionary of Nepali synonyms and antonyms.,1994,0.0,526,0
,Bodo-Bandaṃ-Iṅrāji sadabbihuṃ,Santa Lāla Mece; Kazuyuki Kiryu,Nepali Literature,Bodo-Nepali-English dictionary.,2012,0.0,432,0
,Nepālabhāshā khan̐gvaḥ munā,Janaka Nevāḥ,Nepali Literature,Newari language phrasebook.,1996,0.0,90,0
9789994613632.0,Cogeneration and Small Power Production,Economic Policy Analysis Department,Nepali Literature,"A Nepali literary work titled 'Cogeneration and Small Power Production' by Economic Policy Analysis Department, featuring the stories, culture and voice of Nepal.",1983,0.0,0,0
,Saṅkshipta Aṅgreji-Nepālī pāribhāhāshika sábdāvalī,Kr̥shṇaprakāśa Śreshṭha,Nepali Literature,"Glossary of technical terms, English-Nepali.",1981,0.0,120,0
,Nepālī muhāvarā,Paras Mani Pradhan,Nepali Literature,"A Nepali literary work titled 'Nepālī muhāvarā' by Paras Mani Pradhan, featuring the stories, culture and voice of Nepal.",1960,0.0,128,0
9789937689649.0,Sāṭhī varshakā bhāshika carcā,Hemāṅgarāja Adhikārī; Badrī Viśāla Bhaṭṭarāī; Rāmarāja Lohanī,Nepali Literature,Study on Nepali language grammar; contributed articles.,2017,0.0,396,0
,Nepal mandala,Richard Josephson,Nepali Literature,"A Nepali literary work titled 'Nepal mandala' by Richard Josephson, featuring the stories, culture and voice of Nepal.",1988,0.0,155,0
,Nepālī paryāyavācī kosha,Cakrapāṇi Cālise,Nepali Literature,Dictionary of Nepali synonyms.,1942,0.0,502,0
,Nepālī kasarī śuddha lekhne?,Nepal) Nepālī Bhāshāprakśinī Samiti (Kathmandu,Nepali Literature,Nepali language orthography.,1941,0.0,0,0
,Jora ki bijora?,Śivarāja Śarmā,Nepali Literature,"On Bhānubhakta, 1812-1868, Nepali author, and the development of Nepali language.",1984,0.0,354,0
9789993350477.0,Guruprasāda Mainālī,Suśīlā Bhaṭṭa,Nepali Literature,"On the life and works of Gurū Prasāda Mainālī, b. 1900, Nepali author.",2003,0.0,308,0
9789994613632.0,Tatsama,Tulasīprasāda Bhaṭṭarāī,Nepali Literature,"A Nepali literary work titled 'Tatsama' by Tulasīprasāda Bhaṭṭarāī, featuring the stories, culture and voice of Nepal.",2009,0.0,203,0
9789937689779.0,"Anuvādaka paricaya kośa, Vi. Saṃ. 2075",Ushā Ṭhakura; Govinda Rāja Bhaṭṭarāī,Nepali Literature,"A Nepali literary work titled 'Anuvādaka paricaya kośa, Vi. Saṃ. 2075' by Ushā Ṭhakura, featuring the stories, culture and voice of Nepal.",2018,0.0,235,0
,"Nepālī-Varṇavinyāsa-Vishayaka Adhigoshṭhī, 2057","Nepālī-Varṇavinyāsa-Vishayaka Adhigoshṭhī (2000 Kathmandu, Nepal)",Nepali Literature,"A Nepali literary work titled 'Nepālī-Varṇavinyāsa-Vishayaka Adhigoshṭhī, 2057' by Nepālī-Varṇavinyāsa-Vishayaka Adhigoshṭhī (2000 Kathmandu, Nepal), featuring the stories, culture and voice of Nepal.",2000,0.0,67,0
9780883120422.0,"Clause, sentence, and discourse patterns in selected languages of Nepal",Austin Hale,Nepali Literature,"A Nepali literary work titled 'Clause, sentence, and discourse patterns in selected languages of Nepal' by Austin Hale, featuring the stories, culture and voice of Nepal.",1973,0.0,1459,0
9789381234075.0,Bhojapurī evaṃ Nepālī bhāshā para āñcalika prabhāva,Rajanīkānta Maṇi Tripāṭhī,Nepali Literature,On the social aspects and history of Bhojpuri and Nepali language; includes cultural aspects and relation between these two languages.,2015,0.0,243,0
9783110104776.0,Language System and Its Change,J. Gvozdanovic,Nepali Literature,"A Nepali literary work titled 'Language System and Its Change' by J. Gvozdanovic, featuring the stories, culture and voice of Nepal.",1985,0.0,0,0
9789004155268.0,Languages of the Greater Himalayan Region,Mark Turin,Nepali Literature,"A Nepali literary work titled 'Languages of the Greater Himalayan Region' by Mark Turin, featuring the stories, culture and voice of Nepal.",2008,0.0,958,0
,Mi ri spun gsum,Chen Chen Dukpa.,Nepali Literature,Dzongkha-Nepali vocabulary.,1986,0.0,71,0
,Limbū bhāshāko varṇamālā,Hāṃvāsāṅa Yākthuṅbā,Nepali Literature,Limbu language conversation and phrase book.,1999,0.0,49,0
,Nepali for day to day communication,Kamala Sthapit,Nepali Literature,"A Nepali literary work titled 'Nepali for day to day communication' by Kamala Sthapit, featuring the stories, culture and voice of Nepal.",1999,0.0,97,0
,Mhabva khan̐gvaḥ munā,Vijaya Ratna Bajrācārya,Nepali Literature,"A Nepali literary work titled 'Mhabva khan̐gvaḥ munā' by Vijaya Ratna Bajrācārya, featuring the stories, culture and voice of Nepal.",1999,0.0,50,0
9780728601901.0,A Course in Nepali,D.J. Matthews,Nepali Literature,"A Nepali literary work titled 'A Course in Nepali' by D.J. Matthews, featuring the stories, culture and voice of Nepal.",1992,0.0,348,0
,Sunuvāra bhāshā bolicālī,Lokapriya Sunuvāra,Nepali Literature,Nepali-Sunwar conversation and phrase book.,1997,0.0,141,0
,Nepālabhāshā,Nareśa Bīra Śākya,Nepali Literature,Newari language phrasebook.,1999,0.0,108,0
,Cāmliṅa lā dosomsā pilsiye? =,Ṭaṅka Bahādura Rāī,Nepali Literature,"A Nepali literary work titled 'Cāmliṅa lā dosomsā pilsiye? =' by Ṭaṅka Bahādura Rāī, featuring the stories, culture and voice of Nepal.",2003,0.0,36,0
,Anuśīlana,"Sunuvāra, Sī. Bī.",Nepali Literature,Learn English through Nepali.,1992,0.0,0,0
,Beginning Nepali,Tārānātha Śarmā,Nepali Literature,"A Nepali literary work titled 'Beginning Nepali' by Tārānātha Śarmā, featuring the stories, culture and voice of Nepal.",1983,0.0,232,0
,Nepali language,Minu Singh,Nepali Literature,"A Nepali literary work titled 'Nepali language' by Minu Singh, featuring the stories, culture and voice of Nepal.",1983,0.0,25,0
9780728601154.0,A course in Nepali,D. J. Matthews,Nepali Literature,"A Nepali literary work titled 'A course in Nepali' by D. J. Matthews, featuring the stories, culture and voice of Nepal.",1984,0.0,344,0
9780700710706.0,Course in Nepali,David Matthews,Nepali Literature,"A Nepali literary work titled 'Course in Nepali' by David Matthews, featuring the stories, culture and voice of Nepal.",1998,0.0,344,0
,Speak with the Nepalese,B. P. Shrestha,Nepali Literature,"A Nepali literary work titled 'Speak with the Nepalese' by B. P. Shrestha, featuring the stories, culture and voice of Nepal.",1982,0.0,227,0
,A Nepali conversation manual,Ruth Laila Schmidt,Nepali Literature,"A Nepali literary work titled 'A Nepali conversation manual' by Ruth Laila Schmidt, featuring the stories, culture and voice of Nepal.",1968,0.0,113,0
9789994631438.0,Japanese daily conversation =,Tadayoshi Yamamoto,Nepali Literature,"A Nepali literary work titled 'Japanese daily conversation =' by Tadayoshi Yamamoto, featuring the stories, culture and voice of Nepal.",2004,0.0,214,0
,Nepali language,Minu Singh,Nepali Literature,"A Nepali literary work titled 'Nepali language' by Minu Singh, featuring the stories, culture and voice of Nepal.",1983,0.0,25,0
,Dhimāla-Nepālī-Aṅgrejī śabdasaṅgraha =,Sueyoshi Toba,Nepali Literature,Dhimal-Nepali-English glossary.,2002,0.0,123,0
,Cāmliṅa lā dosomsā pilsiye? =,Ṭaṅka Bahādura Rāī,Nepali Literature,"A Nepali literary work titled 'Cāmliṅa lā dosomsā pilsiye? =' by Ṭaṅka Bahādura Rāī, featuring the stories, culture and voice of Nepal.",2003,0.0,36,0
9782738439918.0,Parlons népali,Chazot Pascal et Eve,Nepali Literature,"Les populations du Népal sont diverses, de souche indo-européenne ou tibétaine, mais le népali est la langue officielle depuis le XVIIIe siècle ; il permet la communication entre toutes les ethnies. Ce livre offre le moyen de comprendre le mécanisme de la langue, de pratiquer une conversation simple et de connaître bien des aspects de la culture népalaise.",2000,0.0,279,0
,Language hand-book,Tea Districts Labour Association (India),Nepali Literature,"A Nepali literary work titled 'Language hand-book' by Tea Districts Labour Association (India), featuring the stories, culture and voice of Nepal.",1927,0.0,86,0
,Nepali conversation,Hae Lyun Lee,Nepali Literature,"A Nepali literary work titled 'Nepali conversation' by Hae Lyun Lee, featuring the stories, culture and voice of Nepal.",2000,0.0,340,0
,Tāmāṅa bhāshā bolacāla,Amr̥ta Yoñjana-Tāmāṅa,Nepali Literature,"A Nepali literary work titled 'Tāmāṅa bhāshā bolacāla' by Amr̥ta Yoñjana-Tāmāṅa, featuring the stories, culture and voice of Nepal.",1993,0.0,78,0
,An abstract of 4 field reports for the project Teaching Nepali to non-Nepali speakers,"Śikshā Anusandhāna, Pravartana, tathā Vikāsa Kendra (Nepal)",Nepali Literature,"A Nepali literary work titled 'An abstract of 4 field reports for the project Teaching Nepali to non-Nepali speakers' by Śikshā Anusandhāna, Pravartana, tathā Vikāsa Kendra (Nepal), featuring the stories, culture and voice of Nepal.",1979,0.0,0,0
,Baitaḍelī bhāshikā,Rāmavikrama Siñjāpati,Nepali Literature,Baitaḍelī-Nepali-English dictionary; includes study on Baitaḍelī language.,1997,0.0,165,0
,Sherpa Nepali English,Ang Phinjo Sherpa,Nepali Literature,"A Nepali literary work titled 'Sherpa Nepali English' by Ang Phinjo Sherpa, featuring the stories, culture and voice of Nepal.",1999,0.0,150,0
,Hyāṅ Tāmāṅa gyot lopke =,Tedung K. M. Tamang,Nepali Literature,"A Nepali literary work titled 'Hyāṅ Tāmāṅa gyot lopke =' by Tedung K. M. Tamang, featuring the stories, culture and voice of Nepal.",1997,0.0,159,0
9788173421150.0,An intensive course in Nepali,B. Syamala Kumari; Gokul Sinha,Nepali Literature,Outcome of seven workshops organized by the Institute between 1999 and 2005.,2011,0.0,514,0
9789937258555.0,Hāmro rāshṭrabhāshā Nepālī,Bāburāma Ācārya,Nepali Literature,Articles on Nepali language and the language as the medium of instruction in schools; previously published in various magazines,2013,0.0,168,0
,Reḍiyomā mahilā bolī,Harikalā Adhikārī,Nepali Literature,"Study on women and radio: language, dialogues, and interviews.",2008,0.0,184,0
,Bhojapurī ukhāna ṭukkā,Mukunda Ācārya,Nepali Literature,Dictionary of Bhojpuri proverbs and idioms with definitions in Nepal.,1996,0.0,268,0
,Kirātavaṃśī Sunuvāra (Mukhiyā) Koin̐ca,Buddhimāna Pradhāna Bamapa,Nepali Literature,"History of Sunuwars, South Asian people in Sikkim, India; includes glossary of terms in Sunwar language with equivalents in Nepali.",1999,0.0,451,0
,Saṃskr̥ta viśva bhāshā ho,Jñāna Lāla Śreshṭha,Nepali Literature,On the history of Sanskrit language and its usage in terms of English and Nepali.,1991,0.0,154,0
9789937689502.0,Nepālī varṇavinyāsako mānakīkaraṇako itihāsa,Śarvarāja Ācārya,Nepali Literature,"History of Nepali language grammar, orthography, and spelling.",2017,0.0,120,0
9789937689694.0,Mahānanda Sāpakoṭāka lekha nibandhaharū,Mahānanda; Maheśa Prasāīṃ; Nepāla Prajñā Pratishṭhāna,Nepali Literature,"Articles on miscellaneous themes, by Mahānanda, Nepali author; includes his travelouge to Nepal and West Germany, and articles on Nepali language.",2017,0.0,272,0
9780674032729.0,Rai Mythology,Karen H. Ebert,Nepali Literature,"The more than two dozen Rai languages in eastern Nepal, which make up the larger part of the Kiranti language family, are linguistically highly varied. Due to this, intergroup solidarity has been relatively weak, and Rai ethnicity must be seen as constructed in recent history. However, it is striking how the mythological narratives of these different Rai “subtribes”—oral stories about the origins of culture and the deeds of the ancestors—form a strong and coherent tradition in which the different variants of episodes possess an obvious “family resemblance.” This mythological tradition is clearly distinct from those of the neighboring Limbu, the other major Kiranti group.

This volume, which includes introductory chapters to Rai mythology and Rai grammar, for the first time brings together different variants of myths from various Rai languages, presenting them with linguistic glossings in interlinear translations. This makes it possible not only to study the myths and their cultural meanings as oral texts but also to compare narrative structures across different grammars. The book is of special interest for linguists, anthropologists, and folklorists with a focus on the Himalayas.",2009,0.0,196,0
,A field guide to Nepali names for plants,Keshab Shrestha,Nepali Literature,"A Nepali literary work titled 'A field guide to Nepali names for plants' by Keshab Shrestha, featuring the stories, culture and voice of Nepal.",1984,0.0,156,0
,"Prāvidhika śabdārthāvalī, cikitsā tathā vijñāna khaṇḍa =",Citra Kumāra Guruṅa,Nepali Literature,"A Nepali literary work titled 'Prāvidhika śabdārthāvalī, cikitsā tathā vijñāna khaṇḍa =' by Citra Kumāra Guruṅa, featuring the stories, culture and voice of Nepal.",1979,0.0,506,0
,Nepali name for plants,Keshab Shrestha,Nepali Literature,(Nepali to scientific name dictionary).,1979,0.0,38,0
9783895861864.0,"Lincom Studies in Asian Linguistics, vol. 73: Tense, aspect and modality in Nepali and Manipuri",Tikaram Poudel,Nepali Literature,"A Nepali literary work titled 'Lincom Studies in Asian Linguistics, vol. 73: Tense, aspect and modality in Nepali and Manipuri' by Tikaram Poudel, featuring the stories, culture and voice of Nepal.",2007,0.0,269,0
9789057890123.0,Yamphu,Roland Rutgers,Nepali Literature,"A Nepali literary work titled 'Yamphu' by Roland Rutgers, featuring the stories, culture and voice of Nepal.",1998,0.0,632,0
9784757610279.0,"Kaigo, kango no onomatope",Nao Yoshinaga,Nepali Literature,"A Nepali literary work titled 'Kaigo, kango no onomatope' by Nao Yoshinaga, featuring the stories, culture and voice of Nepal.",2022,0.0,86,0
9783882800609.0,Southern Mustang in some documents,Mādhavalāla Karmācārya,Nepali Literature,"A Nepali literary work titled 'Southern Mustang in some documents' by Mādhavalāla Karmācārya, featuring the stories, culture and voice of Nepal.",2001,0.0,407,0
,Hindī-Nepālī vārtālāpa pustikā,India. Central Hindi Directorate,Nepali Literature,Conversation book in Hindi to Nepali language; includes meanings of words also.,2004,0.0,162,0
9789994697441.0,Pahāḍī bolīcālī =,Anju Khadka,Nepali Literature,Nepali-English and 7other hill languages conversation book.,2006,0.0,613,0
9783110292534.0,Alignment and Ergativity in New Indo-Aryan Languages,Saartje Verbeke,Nepali Literature,"The book provides an overview of the alignment patterns found in modern Indo-Aryan languages. The analysis of the patterns of case marking and agreement leads to a balanced view on the concept of ergativity and evaluates its value for typological linguistics. The book offers an extensive discussion of previous approaches to ergativity. It analyzes four Indo-Aryan languages- Asamiya, Nepali, Rajasthani and Kashmiri- on the basis of text corpora. Examples from other Indo-Aryan languages are also adduced. The book is a thorough synchronic study of alignment patterns in Indo-Aryan languages.",2013,0.0,326,0
9783862885862.0,Interlinearized texts in Bhujel,Dan Raj Regmi,Nepali Literature,"A Nepali literary work titled 'Interlinearized texts in Bhujel' by Dan Raj Regmi, featuring the stories, culture and voice of Nepal.",2014,0.0,108,0
,Know Nepal and Nepali,U. S. Thapa,Nepali Literature,"A Nepali literary work titled 'Know Nepal and Nepali' by U. S. Thapa, featuring the stories, culture and voice of Nepal.",1971,0.0,120,0
,"Nepali, a beginner's primer",Banu Oja,Nepali Literature,"A Nepali literary work titled 'Nepali, a beginner's primer' by Banu Oja, featuring the stories, culture and voice of Nepal.",2004,0.0,218,0
9783882800616.0,Ten documents from Mustang in the Nepali language (1667-1975 A.D.),Dieter Schuh,Nepali Literature,"A Nepali literary work titled 'Ten documents from Mustang in the Nepali language (1667-1975 A.D.)' by Dieter Schuh, featuring the stories, culture and voice of Nepal.",2001,0.0,102,0
9783882800531.0,"Mustang documents in the Nepali language (1667-1975 A.D.), described and edited in facsimiles",Mādhavalāla Karmācārya,Nepali Literature,"A Nepali literary work titled 'Mustang documents in the Nepali language (1667-1975 A.D.), described and edited in facsimiles' by Mādhavalāla Karmācārya, featuring the stories, culture and voice of Nepal.",1996,0.0,222,0
,[South Asia Pamphlet Collection.,Unknown,Nepali Literature,"A Nepali literary work titled '[South Asia Pamphlet Collection.' by Unknown, featuring the stories, culture and voice of Nepal.",1973,0.0,0,0
9789993358008.0,Chinese conversation & basic words,Sulocanā Mānandhara,Nepali Literature,Study of Nepali folk songs.,2003,0.0,112,0
9789937803014.0,Vividhā,Prakāśamaṇi Dahāla,Nepali Literature,"A Nepali literary work titled 'Vividhā' by Prakāśamaṇi Dahāla, featuring the stories, culture and voice of Nepal.",2008,0.0,148,0
9789994663576.0,Euṭā harkulasako khojī,Punya Kārkī,Nepali Literature,"A Nepali literary work titled 'Euṭā harkulasako khojī' by Punya Kārkī, featuring the stories, culture and voice of Nepal.",2006,0.0,116,0
9789993324805.0,Gārgīko gān̐ṭho,Mādhavaprasāda Pokharela,Nepali Literature,"A Nepali literary work titled 'Gārgīko gān̐ṭho' by Mādhavaprasāda Pokharela, featuring the stories, culture and voice of Nepal.",2005,0.0,154,0
,Nabandha-nandana,Ghanaśyāma Nepāla,Nepali Literature,Miscellaneous essays.,1992,0.0,226,0
,Saṃvedanākā svaraharu,Śailenduprakāśa Nepāla,Nepali Literature,"A Nepali literary work titled 'Saṃvedanākā svaraharu' by Śailenduprakāśa Nepāla, featuring the stories, culture and voice of Nepal.",1997,0.0,132,0
,Nibandha-nandana,Ghanaśyāma Nepāla,Nepali Literature,Collection of essays by various authors.,1999,0.0,207,0
9789937250634.0,Satya paramasatya,Kr̥shṇa Pahāḍī,Nepali Literature,"A Nepali literary work titled 'Satya paramasatya' by Kr̥shṇa Pahāḍī, featuring the stories, culture and voice of Nepal.",2012,0.0,80,0
9789937589260.0,Prajñā nibandha-saṅgraha,Hemanātha Pauḍela,Nepali Literature,Anthology of Nepali essays.,2013,0.0,320,0
,Sājhā nibandha,Unknown,Nepali Literature,"A Nepali literary work titled 'Sājhā nibandha' by Unknown, featuring the stories, culture and voice of Nepal.",1968,0.0,202,0
,Manamitra ra vāhira,Cūḍāmaṇi Regmī,Nepali Literature,"A Nepali literary work titled 'Manamitra ra vāhira' by Cūḍāmaṇi Regmī, featuring the stories, culture and voice of Nepal.",2007,0.0,182,0
9789993325628.0,Ma ra mero paramparā,Manuja Bābu Miśra,Nepali Literature,"A Nepali literary work titled 'Ma ra mero paramparā' by Manuja Bābu Miśra, featuring the stories, culture and voice of Nepal.",2006,0.0,126,0
9789993391135.0,Palapalasita pokhin̐dā,Hiraṇya Bhojapure,Nepali Literature,"A Nepali literary work titled 'Palapalasita pokhin̐dā' by Hiraṇya Bhojapure, featuring the stories, culture and voice of Nepal.",2007,0.0,187,0
,Anubhūti,Govindacandra Chetrī; Cūḍāmaṇi Regmī,Nepali Literature,"A Nepali literary work titled 'Anubhūti' by Govindacandra Chetrī, featuring the stories, culture and voice of Nepal.",1976,0.0,72,0
,Mūsaḥ nibandha,Kamal Prakash Malla,Nepali Literature,"A Nepali literary work titled 'Mūsaḥ nibandha' by Kamal Prakash Malla, featuring the stories, culture and voice of Nepal.",1964,0.0,276,0
9789937229265.0,Morāṅa nibandhasaṅgraha,A. Ācārya,Nepali Literature,"Anthology of essays by Nepali authors from Morang, Nepal.",2010,0.0,294,0
9789937807906.0,Kr̥shṇa Dharāvāsīkā carcita nibandhaharu,Kr̥shṇa Dharāvāsī,Nepali Literature,Selected essays of a Nepali author.,2008,0.0,174,0
,Gurudakshiṇā,Kamala Dīkshita,Nepali Literature,Essays.,2005,0.0,93,0
9789937259484.0,Entrance Manual for Grade VI,Unknown,Nepali Literature,This books Entrance Preparation for Grade 6 in Nepal.,2025,0.0,0,0
,"Srashṭā-sr̥shṭi, drashṭā-dr̥shṭi",Rājendra Suvedī,Nepali Literature,On essayists and essay-writing in Nepali; critical survey.,1986,0.0,230,0
,Nepālī nibandha yātrā,Rāmalāla Adhikārī,Nepali Literature,how to Download,1975,0.0,175,0
9789993354376.0,Selected Nepali essays,Govinda Rāja Bhaṭṭarāī,Nepali Literature,"A Nepali literary work titled 'Selected Nepali essays' by Govinda Rāja Bhaṭṭarāī, featuring the stories, culture and voice of Nepal.",2003,0.0,271,0
9789993327769.0,Baleko āgo,Mitralāla Pañjñānī,Nepali Literature,"A Nepali literary work titled 'Baleko āgo' by Mitralāla Pañjñānī, featuring the stories, culture and voice of Nepal.",2009,0.0,92,0
,Selected Nepali essays,Govinda Rāja Bhaṭṭarāī,Nepali Literature,"A Nepali literary work titled 'Selected Nepali essays' by Govinda Rāja Bhaṭṭarāī, featuring the stories, culture and voice of Nepal.",2000,0.0,0,0
9789937130134.0,Both Sides of Coins,Dr. Nawa Raj Subba,Nepali Literature,"It has been tried to look at both sides of knowledge and science as coins in Dr Nawa Raj Subba's ""Both Sides of Coins."" References to sociology, psychology, history, and culture have all been carefully examined. The reader will get a glimpse of Nepali social psychology and the past from a few memoir articles in the book.
There are fascinating examples of literature based on facts instead of the author's fantasy or imagination. The study and research environment now piques the interest of the general reader. Here are a few unbiased, unprejudiced interpretations.
The author has raised many questions that we have seen, heard, or experienced but have not considered, but it also shows the critical side. On the one hand, there is a subtle observation of contemporary Nepali life; on the other, the work of determining the future direction has been indicated.
Overall, this book will be helpful to readers and researchers who want to understand life and the world critically. It benefits readers and researchers who wish to understand life and the world critically.",2022,0.0,0,0
,Khai-khai,Keshav Raj Pindali,Nepali Literature,"A Nepali literary work titled 'Khai-khai' by Keshav Raj Pindali, featuring the stories, culture and voice of Nepal.",1960,0.0,159,0
,Jhyālabāṭa,Iśvara Barāla,Nepali Literature,"A Nepali literary work titled 'Jhyālabāṭa' by Iśvara Barāla, featuring the stories, culture and voice of Nepal.",1968,0.0,362,0
,Añjāna Virahīkā kathāharū,Añjāna Virahī,Nepali Literature,"A Nepali literary work titled 'Añjāna Virahīkā kathāharū' by Añjāna Virahī, featuring the stories, culture and voice of Nepal.",1998,0.0,132,0
,Sīmāko deśamā,Cunilāla Ghimire,Nepali Literature,"A Nepali literary work titled 'Sīmāko deśamā' by Cunilāla Ghimire, featuring the stories, culture and voice of Nepal.",1994,0.0,72,0
,"Eka bota, bāhṛa thun̐gā",Jagata Chetrī,Nepali Literature,"A Nepali literary work titled 'Eka bota, bāhṛa thun̐gā' by Jagata Chetrī, featuring the stories, culture and voice of Nepal.",1965,0.0,0,0
,Dasa lahara,Paraśurāma Pradhāna,Nepali Literature,"A Nepali literary work titled 'Dasa lahara' by Paraśurāma Pradhāna, featuring the stories, culture and voice of Nepal.",1970,0.0,150,0
,Kumudinī kathā-kuñja,Bal Krishna Parajuli,Nepali Literature,"A Nepali literary work titled 'Kumudinī kathā-kuñja' by Bal Krishna Parajuli, featuring the stories, culture and voice of Nepal.",1964,0.0,0,0
,Eka ṭaparī bhāta,Bālakr̥shṇa Pokharela,Nepali Literature,"A Nepali literary work titled 'Eka ṭaparī bhāta' by Bālakr̥shṇa Pokharela, featuring the stories, culture and voice of Nepal.",1970,0.0,73,0
,Paleḥ,Asha Ram Sakya,Nepali Literature,"A Nepali literary work titled 'Paleḥ' by Asha Ram Sakya, featuring the stories, culture and voice of Nepal.",1967,0.0,132,0
,Nepālakā kehī utkr̥shṭa kathāharū,Kiśu Silvāla,Nepali Literature,"A Nepali literary work titled 'Nepālakā kehī utkr̥shṭa kathāharū' by Kiśu Silvāla, featuring the stories, culture and voice of Nepal.",1965,0.0,118,0
9789937204828.0,Somamāyā ra śānti abhiyāna,Rāmamaṇi Pokharela,Nepali Literature,"A Nepali literary work titled 'Somamāyā ra śānti abhiyāna' by Rāmamaṇi Pokharela, featuring the stories, culture and voice of Nepal.",2008,0.0,141,0
,Jīvajōti,Rajan̲i,Nepali Literature,"A Nepali literary work titled 'Jīvajōti' by Rajan̲i, featuring the stories, culture and voice of Nepal.",1980,0.0,207,0
,Tīna tiyā tīna,Vīravikrama Gurūṅga,Nepali Literature,"A Nepali literary work titled 'Tīna tiyā tīna' by Vīravikrama Gurūṅga, featuring the stories, culture and voice of Nepal.",1969,0.0,64,0
,Ārūbakhaḍā,Bharat Subba,Nepali Literature,"A Nepali literary work titled 'Ārūbakhaḍā' by Bharat Subba, featuring the stories, culture and voice of Nepal.",1971,0.0,134,0
,Pānako pāta,Kr̥shṇaprasāda Śreshṭha,Nepali Literature,"A Nepali literary work titled 'Pānako pāta' by Kr̥shṇaprasāda Śreshṭha, featuring the stories, culture and voice of Nepal.",1967,0.0,122,0
,Dhavalāgirikā kathāharu,Prema Choṭā,Nepali Literature,"Collection of short stories from Dhawalāgiri Zone, Nepal.",1996,0.0,192,0
9789937872164.0,Mugdha simphonī,Kiśora Pahāḍī,Nepali Literature,Stories based on social themes.,2013,0.0,94,0
,Nepālī kathā,Narahari Ācārya; Mahādeva Avasthī,Nepali Literature,"A Nepali literary work titled 'Nepālī kathā' by Narahari Ācārya, featuring the stories, culture and voice of Nepal.",1989,0.0,0,0
,Sājhā kathā,Unknown,Nepali Literature,"A Nepali literary work titled 'Sājhā kathā' by Unknown, featuring the stories, culture and voice of Nepal.",1968,0.0,244,0
,Sammelana kathā-saṅgraha,Tulasī Bahādura Chetrī; Lakkhīdevī Sundāsa,Nepali Literature,"A Nepali literary work titled 'Sammelana kathā-saṅgraha' by Tulasī Bahādura Chetrī, featuring the stories, culture and voice of Nepal.",1977,0.0,227,0
,Dārjīliṅakā kathā ra kathākāra,Raj Narayan Pradhan,Nepali Literature,"A Nepali literary work titled 'Dārjīliṅakā kathā ra kathākāra' by Raj Narayan Pradhan, featuring the stories, culture and voice of Nepal.",1978,0.0,0,0
,Khoṭāṅgakā kehī kathā,Unknown,Nepali Literature,"A Nepali literary work titled 'Khoṭāṅgakā kehī kathā' by Unknown, featuring the stories, culture and voice of Nepal.",1982,0.0,66,0
9789993325451.0,"Nadī pani sutcha, īśvara pani nidāun̐cha",Bhāupanthī,Nepali Literature,"A Nepali literary work titled 'Nadī pani sutcha, īśvara pani nidāun̐cha' by Bhāupanthī, featuring the stories, culture and voice of Nepal.",2006,0.0,206,0
9789993348887.0,Harihara Khanālakā choṭā kathāharu,Hari Khanāla,Nepali Literature,Selections a Nepali short story writer.,2007,0.0,176,0
,Arūṇimā,Tīrtha Neupāne,Nepali Literature,"A Nepali literary work titled 'Arūṇimā' by Tīrtha Neupāne, featuring the stories, culture and voice of Nepal.",1977,0.0,54,0
,"Cāra hastākshara, bāhra svara",Unknown,Nepali Literature,"A Nepali literary work titled 'Cāra hastākshara, bāhra svara' by Unknown, featuring the stories, culture and voice of Nepal.",1985,0.0,72,0
,Kehī kathā,Govindacandra Chetrī; Cūḍāmaṇi Regmī,Nepali Literature,"A Nepali literary work titled 'Kehī kathā' by Govindacandra Chetrī, featuring the stories, culture and voice of Nepal.",1976,0.0,67,0
9789994696383.0,Śabdaghosha jijīvishāko,Unknown,Nepali Literature,"A Nepali literary work titled 'Śabdaghosha jijīvishāko' by Unknown, featuring the stories, culture and voice of Nepal.",1994,0.0,0,0
,Samasāmayika Sājhā kathā,Mohanarāja Śarmā; Rājendra Suvedī,Nepali Literature,Collection of contemporary Nepali short stories.,1985,0.0,224,0
,Devatā,Krishna Bam Malla,Nepali Literature,"A Nepali literary work titled 'Devatā' by Krishna Bam Malla, featuring the stories, culture and voice of Nepal.",1961,0.0,64,0
,Nau naulā kathā,Śaṅkara Caulāgāīṃ,Nepali Literature,"A Nepali literary work titled 'Nau naulā kathā' by Śaṅkara Caulāgāīṃ, featuring the stories, culture and voice of Nepal.",1969,0.0,59,0
,Nepalī gadya-saṅgraha,Unknown,Nepali Literature,"A Nepali literary work titled 'Nepalī gadya-saṅgraha' by Unknown, featuring the stories, culture and voice of Nepal.",1970,0.0,0,0
9789937855853.0,Kaṭhaputalā,Archana Thapa,Nepali Literature,"A Nepali literary work titled 'Kaṭhaputalā' by Archana Thapa, featuring the stories, culture and voice of Nepal.",2017,0.0,248,0
,Himālako chāyāmmā,Unknown,Nepali Literature,"A Nepali literary work titled 'Himālako chāyāmmā' by Unknown, featuring the stories, culture and voice of Nepal.",1969,0.0,150,0
,Birodha,Kr̥shṇacandra Pokharela,Nepali Literature,"A Nepali literary work titled 'Birodha' by Kr̥shṇacandra Pokharela, featuring the stories, culture and voice of Nepal.",1969,0.0,68,0
,Nepālī kathā saṅgraha,Tārāprasāda Jośī,Nepali Literature,"A Nepali literary work titled 'Nepālī kathā saṅgraha' by Tārāprasāda Jośī, featuring the stories, culture and voice of Nepal.",1973,0.0,0,0
9789994623020.0,Suruāta,Bharata Rāī,Nepali Literature,"A Nepali literary work titled 'Suruāta' by Bharata Rāī, featuring the stories, culture and voice of Nepal.",2007,0.0,100,0
9789937518581.0,Tarāī-Madhesakā kathā,Paraśurāma Pradhāna,Nepali Literature,Anthology of short stories by Nepali authors from Terai region of Nepal.,2010,0.0,276,0
9789937834124.0,Ājakā Nepālī kathā,Anamolamaṇi,Nepali Literature,Anthology of short stories by various authors.,2011,0.0,264,0
9789993325604.0,Chāpāmārako choro,Maheśavikrama Śāha,Nepali Literature,"A Nepali literary work titled 'Chāpāmārako choro' by Maheśavikrama Śāha, featuring the stories, culture and voice of Nepal.",2007,0.0,124,0
,Nepālī yaunakathā,Unknown,Nepali Literature,Collection of Nepali sexual stories.,1997,0.0,143,0
9789937708043.0,Kairana,Dhruvasatya Pariyāra,Nepali Literature,"A Nepali literary work titled 'Kairana' by Dhruvasatya Pariyāra, featuring the stories, culture and voice of Nepal.",2017,0.0,195,0
,Viracanā,Bālakr̥shṇa Pokharela,Nepali Literature,"A Nepali literary work titled 'Viracanā' by Bālakr̥shṇa Pokharela, featuring the stories, culture and voice of Nepal.",1969,0.0,140,0
9789937547468.0,Kathāvāṭikā,Vinayakumāra Śarmmā,Nepali Literature,Anthology of Nepali short stories by women authors.,2011,0.0,440,0
9789937589376.0,Nepālī ḍāyasporākā nārī kathākāra ra kathā,Netra Eṭama,Nepali Literature,"A Nepali literary work titled 'Nepālī ḍāyasporākā nārī kathākāra ra kathā' by Netra Eṭama, featuring the stories, culture and voice of Nepal.",2013,0.0,160,0
,Kathāmā nārī hastākshara,Śailendra Sākāra,Nepali Literature,"A Nepali literary work titled 'Kathāmā nārī hastākshara' by Śailendra Sākāra, featuring the stories, culture and voice of Nepal.",1977,0.0,104,0
,Nesamiyā maitrī mārgamā,Agnibahadur Kshattry,Nepali Literature,"A Nepali literary work titled 'Nesamiyā maitrī mārgamā' by Agnibahadur Kshattry, featuring the stories, culture and voice of Nepal.",1966,0.0,104,0
9789937589628.0,Maithilikā pratinidhi kathāharu,Sañjītā Varmā,Nepali Literature,"Anthology of Maithili short stories, translated into Nepali.",2013,0.0,144,0
9789993350378.0,Stories from Nepal,Sanata Regmī,Nepali Literature,Anthology of Nepali short stories translated into English.,2002,0.0,296,0
,An anthology of Nepali short stories in English,Bhanu Chettri,Nepali Literature,"A Nepali literary work titled 'An anthology of Nepali short stories in English' by Bhanu Chettri, featuring the stories, culture and voice of Nepal.",1999,0.0,212,0
9789937589611.0,Mosaic,Bal Ram Adhikari; Damodar Sharma,Nepali Literature,"A Nepali literary work titled 'Mosaic' by Bal Ram Adhikari, featuring the stories, culture and voice of Nepal.",2013,0.0,204,0
,Kāthāśilpa ra viśleshaṇa,Gārīnnā Pārādre,Nepali Literature,"A Nepali literary work titled 'Kāthāśilpa ra viśleshaṇa' by Gārīnnā Pārādre, featuring the stories, culture and voice of Nepal.",1977,0.0,105,0
9789993323242.0,Selected stories from Nepal,Govinda Rāja Bhaṭṭarāī,Nepali Literature,"A Nepali literary work titled 'Selected stories from Nepal' by Govinda Rāja Bhaṭṭarāī, featuring the stories, culture and voice of Nepal.",2004,0.0,266,0
,Nepālī kathāvalokana,Pratāpacandra Pradhāna,Nepali Literature,On the Nepali short story.,1983,0.0,114,0
9789937623896.0,Voices in the dark,Unknown,Nepali Literature,"A Nepali literary work titled 'Voices in the dark' by Unknown, featuring the stories, culture and voice of Nepal.",2017,0.0,167,0
,A leaf in a begging bowl,"Vikala, Rameśa.",Nepali Literature,"A Nepali literary work titled 'A leaf in a begging bowl' by Vikala, Rameśa., featuring the stories, culture and voice of Nepal.",2000,0.0,104,0
9789937520065.0,Nepālakā nārī kathākāra,Lakshmī Upretī,Nepali Literature,Nepali women writer's representative short stories; includes study on their trends.,2011,0.0,412,0
9789994682942.0,Beyond the frontiers,Padmāvatī Siṃha,Nepali Literature,"A Nepali literary work titled 'Beyond the frontiers' by Padmāvatī Siṃha, featuring the stories, culture and voice of Nepal.",2006,0.0,173,0
9789745240551.0,Against the current,Donald A. Messerschmidt; Don Messerschmidt; Dina Bangdel,Nepali Literature,"A Nepali literary work titled 'Against the current' by Donald A. Messerschmidt, featuring the stories, culture and voice of Nepal.",2004,0.0,258,0
,The life of Bhanubhakta Acharya,Motīrāma Bhaṭṭa,Nepali Literature,"Brief biography of Bhānubhakta, 1812-1868, Nepali author.",1986,0.0,23,0
9789993391524.0,Kurā ra kurā,Maheśvara Śarmā,Nepali Literature,"A Nepali literary work titled 'Kurā ra kurā' by Maheśvara Śarmā, featuring the stories, culture and voice of Nepal.",1997,0.0,148,0
9789993312901.0,The glory of Nepal,Narendrarāja Prasāī,Nepali Literature,"A Nepali literary work titled 'The glory of Nepal' by Narendrarāja Prasāī, featuring the stories, culture and voice of Nepal.",2003,0.0,322,0
9789937858212.0,A flower in the midst of thorns,Jhamaka Kumārī Ghimire,Nepali Literature,"A Nepali literary work titled 'A flower in the midst of thorns' by Jhamaka Kumārī Ghimire, featuring the stories, culture and voice of Nepal.",2012,0.0,260,0
,Mero smr̥tipaṭala ughārdā,Śesharāja Dalī,Nepali Literature,Autobiography of a Nepali author.,1994,0.0,174,0
,Mero sāhityika yātrā ra Madana puraskāra,Kr̥shṇa Dharāvāsī,Nepali Literature,Autobiographical reminiscences of a Nepali author.,2007,0.0,106,0
,Bālyakāla,Dhruvacandra Gautama,Nepali Literature,Autobiographical reminiscences of a Nepali writer.,1993,0.0,175,0
9789937505574.0,Jīvana mahābhiyāna,Madanamaṇi Dīkshita,Nepali Literature,Memoirs of a Nepali author.,2009,0.0,426,0
9789993307761.0,Pāilā chāḍera astāeko ghāma,Pradīpa Nepāla,Nepali Literature,"A Nepali literary work titled 'Pāilā chāḍera astāeko ghāma' by Pradīpa Nepāla, featuring the stories, culture and voice of Nepal.",2009,0.0,244,0
,Gems of Nepali literature,L. B. Thapa,Nepali Literature,"A Nepali literary work titled 'Gems of Nepali literature' by L. B. Thapa, featuring the stories, culture and voice of Nepal.",2009,0.0,122,0
,Hāmrā pratibhāharū,Anand Dev Bhatt,Nepali Literature,"A Nepali literary work titled 'Hāmrā pratibhāharū' by Anand Dev Bhatt, featuring the stories, culture and voice of Nepal.",1962,0.0,101,0
9789994685028.0,Guḍabāī Amerikā,Govinda Girī Preraṇā,Nepali Literature,Travelogue of a Nepali author to United States.,1991,0.0,66,0
9789937213769.0,Samjhanākā tarelī,Viśva Śākya,Nepali Literature,Autobiographical reminiscences of a Nepali author.,2009,0.0,136,0
,Samjhanāko laharamā laharindai jān̐dā,Ghanaśyāma Rājakarṇikāra,Nepali Literature,Autobiographical reminiscences of a Nepali writer.,1995,0.0,223,0
,Mero ātma kathā,Dīpabahādura Khaṛakā,Nepali Literature,Autobiography of a Nepali author.,1997,0.0,233,0
,Śokamagna yātrīharu,Nārāyaṇa Ḍhakāla,Nepali Literature,"A Nepali literary work titled 'Śokamagna yātrīharu' by Nārāyaṇa Ḍhakāla, featuring the stories, culture and voice of Nepal.",1999,0.0,119,0
,Elo sī māthiko sān̐jha,Narendrarāja Pauḍela,Nepali Literature,Autobiographical reminiscences of a Nepali author.,2003,0.0,110,0
,Smr̥ti-vismr̥ti,Badrīvikrama Thāpā,Nepali Literature,Autobiographical reminiscences of Nepali author.,1995,0.0,97,0
,Khālī hāta,Śāntā Śreshṭha,Nepali Literature,Autobiography of a Nepali woman writer.,1995,0.0,245,0
,Śāntā Śreshṭha eka,Śāntā Śreshṭha,Nepali Literature,Autobiography of a Nepali writer.,1993,0.0,81,0
9789994661541.0,"""Yo kathā hoina""",Śāntā Śreshṭha,Nepali Literature,Autobiographical reminiscences of a Nepali author.,2008,0.0,118,0
,Devakoṭā,Cūḍāmaṇi Regmī,Nepali Literature,"A Nepali literary work titled 'Devakoṭā' by Cūḍāmaṇi Regmī, featuring the stories, culture and voice of Nepal.",1980,0.0,587,0
,Loka sāhityayā anusandhānakartā bhāshā nibhāḥ bhāju Premabahādura Kaṃsākāryā chatvāḥcā jīvanī,Madana Sena Bajrācārya,Nepali Literature,"Biography of Premabahāhura Kasā, b. 1918, Newari writer.",1988,0.0,36,0
,Tara pani māchāpuchre boldaina,Ḍika Vāntavā,Nepali Literature,Autobiographical reminiscences of a contemporary Nepali writer.,1987,0.0,100,0
,Rāmamaṇi Ā. Dī,Śailenduprakāśa Nepāla,Nepali Literature,"On the life and works of Rāmamaṇi Ā. Dī., 1882-1971, Nepali writer.",1993,0.0,196,0
9789994699322.0,Puraskāra Jagadambā-Śrī tathā Madana puraskāradvārā sammānita vyaktitvaharu,Cetabahādura Kum̐vara,Nepali Literature,Brief sketches of Jagadamba-Shree and Madan puraskar award winner Nepali authors.,2005,0.0,327,0
,Samjhanāko laharamā laharindai jān̐dā,Ghanaśyāma Rājakarṇikāra,Nepali Literature,"A Nepali literary work titled 'Samjhanāko laharamā laharindai jān̐dā' by Ghanaśyāma Rājakarṇikāra, featuring the stories, culture and voice of Nepal.",1995,0.0,223,0
9789994685059.0,Āroha-avaroha,"Gotāme, Dha. Ca.",Nepali Literature,Memoirs of a Nepali author.,2005,0.0,135,0
,Samjhanākā galcheḍāharūmā,"Gotāme, Dha. Ca.",Nepali Literature,Memoirs of literary author.,1998,0.0,129,0
9789993357223.0,Uttarottara,"Gotāme, Dha. Ca.",Nepali Literature,Memoirs of a Nepali author.,2002,0.0,150,0
9789993323389.0,Daulatavikrama Vishṭako parikramā,Narendrarāja Prasāī,Nepali Literature,"Biography of Daulatavikrama Vishṭa, Nepali author.",2003,0.0,116,0
,Mero Motī puraskāra,Narendrarāja Prasāī,Nepali Literature,Reminiscences of a contemporary Nepali writer.,1992,0.0,96,0
9789993318033.0,Pārijātako jīvanakathā,Narendrarāja Prasāī,Nepali Literature,"Biography of Pārijāta, b. 1936, Nepali author.",2000,0.0,106,0
9789993325390.0,Manakā tūlikāmā smr̥tikā bimbaharu,Vijayakumāra Cālise,Nepali Literature,"Travel experiences of a Nepali author, within and outside Nepal.",2006,0.0,194,0
,Bharatarāja Panta,Bharatarāja Panta,Nepali Literature,"A Nepali literary work titled 'Bharatarāja Panta' by Bharatarāja Panta, featuring the stories, culture and voice of Nepal.",1981,0.0,45,0
,Śokamagna yātrīharu,Nārāyaṇa Ḍhākāla,Nepali Literature,Autobiographical reminiscences of a Nepali author.,1999,0.0,119,0
,Kavishiromani Lekhanath Paudyal,Paras Mani Pradhan,Nepali Literature,"A Nepali literary work titled 'Kavishiromani Lekhanath Paudyal' by Paras Mani Pradhan, featuring the stories, culture and voice of Nepal.",1979,0.0,80,0
,"Eka vyaktitva, aneka dr̥shṭi",Kumārabahādura Jośī,Nepali Literature,"Transcript of interviews with Nepali authors on the life and works of Laxmi Prasad Devkota, 1908-1959, Nepali poet.",1986,0.0,122,0
9789994657384.0,Jhāpālī sr̥shṭā ra sāhitya,Acyuta Ghimire,Nepali Literature,"Brief biographies of Nepali authors from Jhāpa District, Nepal.",2006,0.0,0,0
,Ādikavi Bhānubhakta Smr̥ti Puraskāra smārikā,Ḍillīrāma Miśra,Nepali Literature,Brief biographies of the 20th century Nepali writers who received the Ādikavi Bhānubhakta Smr̥ti Puraskāra.,1994,0.0,60,0
,Kavikeśarī Tīrtharāja Pāṇḍeya ra unako upadeśamañjarī,Ḍillīrāma Miśra,Nepali Literature,"On the life and works of Tīrtharāja Pāṇḍeya, 1872-1922, Nepali writer.",1995,0.0,90,0
,Kavitārāmakā asvīkr̥ta mānyatāharu,Dr. Kavita Ram Shrestha,Nepali Literature,Transcript of interviews with a Nepali author.,2003,0.0,108,0
,Kehī sāhityakāra,Bhāicanda Pradhāna,Nepali Literature,Collective biography of 20th century Nepali authors with listing of their works.,1993,0.0,100,0
9789937206068.0,Antar-saṃvāda,Paraśurāma Pradhāna,Nepali Literature,Transcript of interviews of a Nepali author; chiefly on his writings.,2008,0.0,154,0
,"Kehī kshaṇa, kehī anuhāra",Paraśurāma Pradhāna,Nepali Literature,"A Nepali literary work titled 'Kehī kshaṇa, kehī anuhāra' by Paraśurāma Pradhāna, featuring the stories, culture and voice of Nepal.",1977,0.0,99,0
,Śrīmatī Ramolādevī Śāha Chinnalatāko gītisādhanā,Yādavaprakāśa Lāmichāne,Nepali Literature,"Biography of Cinnalatā, Nepali poetess.",1992,0.0,178,0
,Bāghapañjā,Kamalmani Acharya Dixit,Nepali Literature,Author's impressions of some 20th century Nepali writers.,1986,0.0,108,0
,Ka. Dī. kā kehī ān̐khāḥ kehī paribhāshā,Kamalmani Acharya Dixit,Nepali Literature,On the lives of twenty contemporary literary authors of Nepal.,1998,0.0,112,0
,"Svatantratā senānī Dharmaratna ""Yami""",Ratna Sundara Śākya,Nepali Literature,"Brief biography of Dharmaratna Yami, 1915-1975, Nepali author.",1994,0.0,26,0
,Vyaktitva ra śabdacitra,Jayadeva Bhaṭṭarāī,Nepali Literature,Brief biographical sketches of some Nepali writers.,1996,0.0,144,0
9789937204231.0,Antarmanako yātrā,Jagadīśa Ghimire,Nepali Literature,Memoirs of a Nepali author.,2008,0.0,239,0
9789993305101.0,Paccīsa pratibhā,Gopāla Parājulī; Gopāla Parājulī,Nepali Literature,Biographical sketches of 25 eminent Nepali authors.,2003,0.0,0,0
,Kavikeśarī Tīrtharāja Pāṇḍeya ra unako upadeśamañjarī,Ḍillīrāma Miśra,Nepali Literature,"A Nepali literary work titled 'Kavikeśarī Tīrtharāja Pāṇḍeya ra unako upadeśamañjarī' by Ḍillīrāma Miśra, featuring the stories, culture and voice of Nepal.",1995,0.0,90,0
9789993311829.0,The legend of literature,Narendrarāja Prasāī,Nepali Literature,"Biography of Pārijāta, b. 1936, Nepali writer.",2003,0.0,100,0
,Siddhicaranakā jela-saṃsmaraṇa,"Śreshṭha, Siddhicaraṇa",Nepali Literature,Reminiscences of life in imprisonment of a Nepali author.,1995,0.0,146,0
,Ṭhākura Candana Siṃha ra unako yogadāna,Rājeśa Gautama,Nepali Literature,"Biography of Chandan Singh, 1886-1968, Nepali author and journalist from India.",2006,0.0,205,0
9789993353409.0,Mitrasena ra unako dena,Pradīpa Thāpā Magara,Nepali Literature,"On the life and works of Mitrasena, 1895-1946, Nepali singer and musician.",2000,0.0,143,0
9788126003211.0,Thakur Chandan Singh,Mahendra P. Lama,Nepali Literature,"Biography of Chandan Singh, 1886-1968, Nepali author and journalist from India.",1997,0.0,89,0
9789937202824.0,"Āmā, manako majherībāṭa",Viśva Śākya,Nepali Literature,Reminiscences about his mother by a Nepali author.,2008,0.0,181,0
,Siddhicaranakā jela-saṃsmaraṇa,Siddhicaraṇa Śreshṭha,Nepali Literature,"A Nepali literary work titled 'Siddhicaranakā jela-saṃsmaraṇa' by Siddhicaraṇa Śreshṭha, featuring the stories, culture and voice of Nepal.",1995,0.0,146,0
,Pratibhaipratibhā ra Nepālī sāhi-tya,Ghaṭarāja Bhaṭṭarāī,Nepali Literature,Biographical dictionary of Nepalese litterateurs.,1983,0.0,628,0
,Srashṭā ra sāhitya,Uttama Kum̐vara,Nepali Literature,Biographical sketches and lists of works of representative Nepali authors: p. [1]-[42] (last group),1966,0.0,304,0
,Nepālikā kehī ādhunika sāhityakāra,Mohanarāja Śarmā,Nepali Literature,"A Nepali literary work titled 'Nepālikā kehī ādhunika sāhityakāra' by Mohanarāja Śarmā, featuring the stories, culture and voice of Nepal.",1969,0.0,152,0
,Satyamohana Jośī jīvanī,Madana Sena Bajrācārya,Nepali Literature,"Biography of Satyamohana Jośī, b. 1920, Newari and Nepali writer.",1994,0.0,204,0
,Pheri pharkera herdā,Vāsupāsa,Nepali Literature,Memoirs of a Nepali and Newari author.,1999,0.0,156,0
9789993365785.0,Bauddha tīrthayātrā,Ghanaśyāma Rājakarṇikāra,Nepali Literature,Travel account of a Nepali author to Buddhist shrines in India.,2003,0.0,117,0
9789994677351.0,Nārīculī,Narendrarāja Prasāī,Nepali Literature,Biographies of women writers from Nepal.,2007,0.0,535,0
,Nepālī sāhityakāra paricaya kośa,Ghaṭarāja Bhaṭṭarāī,Nepali Literature,"A Nepali literary work titled 'Nepālī sāhityakāra paricaya kośa' by Ghaṭarāja Bhaṭṭarāī, featuring the stories, culture and voice of Nepal.",1994,0.0,573,0
,Ghumekā kurā,Cūḍāmaṇi Regmī,Nepali Literature,Travel account of a Nepali author to different parts of Nepal.,2000,0.0,114,0
,Ghaḍiharuko deśamā samaya khojdai,Dhruvacandra Gautama,Nepali Literature,"Travelogue of Dhruvacandra Gautama, Nepali author, to Japan.",2007,0.0,88,0
,Mulukabhitrai bhauntāridā,Devīprasāda Vanavāsī.,Nepali Literature,Reminiscences about the early life of a Nepali author.,1985,0.0,84,0
9789993340157.0,Rārāko sauṃrāi,Pūrṇa Prakāśa Nepāla,Nepali Literature,Travel impressions of a Nepali author to various parts of Nepal.,2000,0.0,168,0
,Rumāla,Pūrṇa Prakāśa Nepāla,Nepali Literature,Travel account of a Nepali author to various parts of Nepal.,2000,0.0,67,0
9789993312055.0,San̐gālo,Kamala Dīkshita,Nepali Literature,Reminiscences of a Nepali author's travel to different places in Nepal and India.,2000,0.0,64,0
,Alchīkā pāilā,Śrīkr̥shṇa Gautama,Nepali Literature,Travelogue of Nepal by a Nepalese writer.,1985,0.0,136,0
,Yūropa-bhramaṇa--kehī saṃsmaraṇa,"Chetrī, Śānti.",Nepali Literature,Travel impressions of Europe by a Nepali author.,1995,0.0,96,0
,Bahumukhī pratibhākā dhanī māsṭara Mitrasena Thāpā Magara,Harsha Bahādura Buḍāmagara,Nepali Literature,"On the life and works of Mitrasena, 1895-1946, Nepali author, musician, and social worker.",1998,0.0,133,0
9789993338017.0,Crown Heights Case Study in Anti Semitism and Community Relations,K. Stern,Nepali Literature,Bio-bibliography of Nepali authors.,1991,0.0,769,0
,Dharmakumārī sikshā,Kr̥shṇalāla Adhikārī,Nepali Literature,"A Nepali literary work titled 'Dharmakumārī sikshā' by Kr̥shṇalāla Adhikārī, featuring the stories, culture and voice of Nepal.",1988,0.0,122,0
9789993375463.0,Praśnaipraśnakā bīca preraṇā,Govinda Girī Preraṇa,Nepali Literature,"Transcript of interviews with Govind Girī Preraṇā, Nepali author, about his life and works.",2003,0.0,127,0
,Pro. Harinātha Khanāla,Kr̥shṇarāja Khanāla,Nepali Literature,"Biography of Harinātha Khanāla, 1897-1959, Nepali author; includes selection of his writings.",2001,0.0,227,0
,Ḍā. Harshabahādura Buḍā Magara,Jīvananārāyaṇa Aryāla,Nepali Literature,"Biography of Harsha Bahādura Buḍāmagara, b. 1927, Nepali author.",2001,0.0,152,0
9789993315087.0,Namaskara,Narendraraja Prasai,Nepali Literature,Selected correspondences of a Nepali author.,2001,0.0,120,0
9789993383994.0,Smr̥tikā chālaharu,Vishṇubahādura Siṃha,Nepali Literature,Travel experiences of a Nepali author.,2005,0.0,214,0
,Āphnai bhūtako kathā,Rameśa Khakurela,Nepali Literature,Autobiographical reminiscences of a Nepali author.,2006,0.0,94,0
9789993305491.0,Sr̥shṭa ra samaya,Devendra Bhaṭṭarāī,Nepali Literature,Collection of the profiles of famed Nepali authors.,2005,0.0,362,0
9789993383185.0,Ān̐ganadekhi sāgarasamma,Sr̥jana Lamsāla,Nepali Literature,Travelogues of a Nepali author.,2005,0.0,104,0
9789937871907.0,Atītako biskuna,Anila Pauḍela,Nepali Literature,Autobiographical reminiscences of a Nepali author.,2013,0.0,166,0
,Kr̥shṇaprasāda Parājulī,Keśava Suvedī,Nepali Literature,"A Nepali literary work titled 'Kr̥shṇaprasāda Parājulī' by Keśava Suvedī, featuring the stories, culture and voice of Nepal.",1989,0.0,504,0
,Vāsudeva Luin̐ṭela euṭā jiun̐do mānche,Shesh Raj Shiwakoti,Nepali Literature,"On the life of Vāsudeva Śarmā Luin̐ṭela, Nepali writer; contributed articles.",1995,0.0,157,0
,Ojasvī srashṭā Madanamaṇi Dīkshita,Shesh Raj Shiwakoti,Nepali Literature,Contributed articles on the life and works of Nepali author Madanamaṇi Dīkshita.,1999,0.0,199,0
,Vāsudeva Luin̐ṭela,Shesh Raj Shiwakoti,Nepali Literature,"Contributed articles on the life and works of Vāsudeva Śarmā Luin̐ṭela, Nepali author.",1998,0.0,157,0
,Purkhyaulī itihāsabhitra merā atītakā pānāharū,Kulacandra Koirālā,Nepali Literature,Autobiography of a Nepali author.,2001,0.0,164,0
,Kurākānī,Kumārabahādura Jośī,Nepali Literature,Interviews with selected Nepali authors on their lives and works.,1985,0.0,126,0
,Pārijātako ātma saṃsmaraṇa,Pārijāta,Nepali Literature,Autobiography of a Nepali woman writer.,1986,0.0,0,0
,Samako samjhanā,Unknown,Nepali Literature,"Contributed articles on the life and works of Balakrishna Sama, b. 1903, Nepali poet and playwright.",1982,0.0,167,0
,Asīma saṃsmaraṇa grantha,Unknown,Nepali Literature,"Contributed articles on the life and works of Gopāla Pān̐ḍe, Nepali litterateur.",1981,0.0,294,0
9789937247221.0,Śikharamā Bhadrakumārī Ghale,Dīpaka Bheṭuvāla,Nepali Literature,"Biography of Bhadrakumārī Bhāle, women Nepali author.",2012,0.0,198,0
9789937880183.0,Aksharako khetī,Dīnānātha Śarmā,Nepali Literature,Collected essays on the memoirs of the Nepali author.,2013,0.0,198,0
9789937279734.0,Unako samjhanā,Durgā Ghimire,Nepali Literature,"Reminiscences about Jagadisa Ghimire, born 1946, Nepali author, by his wife.",2014,0.0,91,0
9789937321273.0,Sān̐ceko samjhanā,Nirmohī Vyāsa,Nepali Literature,Memoirs of a Nepali author.,2011,0.0,162,0
,Kamala Dīkshitasan̐ga imela vārtā,Kamala Dīkshita,Nepali Literature,"Interview with Kamala Dīkshita, Nepali author, through e-mail.",2012,0.0,78,0
9789937888523.0,Mātr̥kābābu,Jīvanacandra Koirālā,Nepali Literature,"Contributed articles on the life and works of Mātr̥kāprasāda Koirālā, 1911-1997, Nepali author.",2014,0.0,184,0
,Sītājī,Unknown,Nepali Literature,"Contributed articles on life and works of Sītādevī Pokharela, b. 1967, Nepali author; includes some previously published.",2013,0.0,99,0
,Jāne hoina dāi ālāpoṭa?,Mañjula,Nepali Literature,"A Nepali literary work titled 'Jāne hoina dāi ālāpoṭa?' by Mañjula, featuring the stories, culture and voice of Nepal.",1990,0.0,189,0
,Mero saṅkshipta jīvanī ra lekhanī,Shankar Koirala,Nepali Literature,"A Nepali literary work titled 'Mero saṅkshipta jīvanī ra lekhanī' by Shankar Koirala, featuring the stories, culture and voice of Nepal.",1972,0.0,16,0
,Dharaṇidhara Koirālā,Dharaṇīdhara Koirālā,Nepali Literature,"A Nepali literary work titled 'Dharaṇidhara Koirālā' by Dharaṇīdhara Koirālā, featuring the stories, culture and voice of Nepal.",1976,0.0,91,0
,Śaṅkara Lāmichāne,Śaṅkara Lāmichāne,Nepali Literature,"A Nepali literary work titled 'Śaṅkara Lāmichāne' by Śaṅkara Lāmichāne, featuring the stories, culture and voice of Nepal.",1975,0.0,12,0
,Gayekā dinaharūle choḍekā kathāharū,Kr̥shṇa Girī,Nepali Literature,"A Nepali literary work titled 'Gayekā dinaharūle choḍekā kathāharū' by Kr̥shṇa Girī, featuring the stories, culture and voice of Nepal.",1977,0.0,104,0
9789937593687.0,Pilgrimages,Govinda Rāja Bhaṭṭarāī,Nepali Literature,"A Nepali literary work titled 'Pilgrimages' by Govinda Rāja Bhaṭṭarāī, featuring the stories, culture and voice of Nepal.",2016,0.0,132,0
,Jīvanakā moḍa,Baikuṇṭhaprasāda Lākaula,Nepali Literature,Reminiscences of a Newari writer.,1992,0.0,60,0
9789993358015.0,Cintanakā vimbabhitra,Kr̥shṇaprasāda Parājulī,Nepali Literature,"Transcripts of interviews of a Nepali author, chiefly about his life and works.",2001,0.0,160,0
9789937200530.0,Pheri cintanakā vimbabhitra,Kr̥shṇaprasāda Parājulī,Nepali Literature,Transcripts of interviews with a Nepali author; chiefly about his life and works.,2007,0.0,216,0
9789993323419.0,Samudrapāri-samudravāri,Śrīoma Śreshṭha Rodana,Nepali Literature,Travel impressions of a Nepali author.,2003,0.0,92,0
,Āekā kehī ciṭhī,Śyāma Prasāda,Nepali Literature,Collection of author's correspondence to various persons.,1998,0.0,176,0
,Mānasapaṭakā tasbīraharū,Modanātha Praśrita,Nepali Literature,Reminiscences of a Nepali writer.,1992,0.0,175,0
,Bhānuyātrākā āṭha dina,Ghaṭarāja Bhaṭṭarāī,Nepali Literature,"Reminiscences of author's travel in India in connection with the making of a documentary on the life of Bhānubhakta, 1812-1868, Nepali poet.",1997,0.0,90,0
9789993305682.0,Dasagajāmā ubhiera,Gaṇeśa Rasika,Nepali Literature,Reminiscences of a Nepali author.,2006,0.0,156,0
9789993315049.0,Euṭā mahārathīko jabāpha,Janak Lal Sharma,Nepali Literature,"Transcript of interview with Janak Lal Sharma, b. 1926, Nepali author and critic; on his life and works.",2000,0.0,52,0
,Atītakā smr̥ti,Hari Bahādura Śreshṭha,Nepali Literature,"A Nepali literary work titled 'Atītakā smr̥ti' by Hari Bahādura Śreshṭha, featuring the stories, culture and voice of Nepal.",1989,0.0,270,0
,Kuṇṭhā ra utkuṇṭhākā varshaharu,Kumāra Jñavālī,Nepali Literature,Autobiographical reminiscences of a Nepali author.,2002,0.0,175,0
,Jīvana ānandako ra pīḍāko,Bulu Śarmā,Nepali Literature,"A Nepali literary work titled 'Jīvana ānandako ra pīḍāko' by Bulu Śarmā, featuring the stories, culture and voice of Nepal.",1989,0.0,48,0
9789937330671.0,Aspr̥śya,Toyā Guruṅga,Nepali Literature,"Autobiographical memoirs of Toyā Guruṅga, Nepali authoress.",2017,0.0,341,0
,Sāhityakāra Jhapaṭabahādura Rāṇāko jīvanīko eka jhalaka,Vāsudeva Tripāṭhī,Nepali Literature,"A Nepali literary work titled 'Sāhityakāra Jhapaṭabahādura Rāṇāko jīvanīko eka jhalaka' by Vāsudeva Tripāṭhī, featuring the stories, culture and voice of Nepal.",1988,0.0,82,0
,Mitrasena,Magana Pathika,Nepali Literature,"A Nepali literary work titled 'Mitrasena' by Magana Pathika, featuring the stories, culture and voice of Nepal.",1989,0.0,96,0
,Merā bitekā dinaharū,Dilabahādura Nevāra,Nepali Literature,"A Nepali literary work titled 'Merā bitekā dinaharū' by Dilabahādura Nevāra, featuring the stories, culture and voice of Nepal.",1900,0.0,0,0
,Dārjīliṅakā kehī Nepālī sāhityika pratibhāharū,Kr̥shṇa Girī,Nepali Literature,"A Nepali literary work titled 'Dārjīliṅakā kehī Nepālī sāhityika pratibhāharū' by Kr̥shṇa Girī, featuring the stories, culture and voice of Nepal.",1977,0.0,0,0
,Āphnai yātrā āphnai anubhūti,Kr̥shṇa Prasāda Basyāla,Nepali Literature,Travel impressions of a Nepali author to various parts of Nepal.,2002,0.0,151,0
9789937223508.0,Yuvavarsha Motī puraskāra,Ḍillīrāma Miśra,Nepali Literature,"Brief biographies of Nepali authors who are winners of Moti Puraskar, a literary award.",2009,0.0,348,0
,Jīvana kān̐ḍā ki phūla,Jhamaka Kumārī Ghimire,Nepali Literature,Autobiographical reminiscences of a Nepali author.,2010,0.0,250,0
,Smrtika bimbaharu,Kedāranātha Khanāla,Nepali Literature,Autobiographical reminiscences of a Nepali author.,2009,0.0,108,0
9789993308881.0,Pahāḍajasto-bāṭojasto ma,Mañjula,Nepali Literature,Memoirs of a Nepali author.,2011,0.0,293,0
,Kr̥shṇaprasāda Śreshṭha,Shesh Raj Shiwakoti,Nepali Literature,"Contributed articles on the life and personality of Kr̥shṇaprasāda Śreshtha, b. 1934, Nepali author.",2007,0.0,160,0
9789937547925.0,Dhūmaśikhāko layamā sallāko suselī,Rameśa Vikala,Nepali Literature,Memoirs of a Nepali author.,2013,0.0,159,0
9788123778419.0,"Jīvana, kān̐ṭā yā phūla",Jhamaka Kumārī Ghimire,Nepali Literature,Autobiographical reminiscences of a Nepali author.,2016,0.0,192,0
9789937866651.0,Phasṭa labha,Ajit Baral,Nepali Literature,Collection of memoirs by various Nepali authors on love.,2013,0.0,151,0
9789937869393.0,Samaya bimba,Jhamaka Kumārī Ghimire,Nepali Literature,"Diary of Jhamaka Ghimire, 21st century Nepali author.",2014,0.0,240,0
9789937323253.0,Bandhanabāṭa muktti,Ruku Kārkī,Nepali Literature,Autobiography of a Nepali author.,2016,0.0,260,0
9789937910163.0,Docā,Kumāra Nagarakoṭī,Nepali Literature,Autobiographical reminiscences of a Nepali author.,2017,0.0,265,0
,Uttarī Dhruvapradeśako yātrā sāthai lekhanteko jīvana-yātrā,Vāsudeva Ḍhakāla,Nepali Literature,Travel impressions of Finland by a Nepali author; includes his autobiography.,1999,0.0,102,0
,Gati-vidhiyoṃ kī rūpa-rekhāeṃ,Kr̥shṇa Prasāda Śarmā Ghimire,Nepali Literature,"Autobiography of a Nepali author and scholar in Nepali, and Sanskrit.",1985,0.0,607,0
9789993327448.0,Pahāḍako phedīko pāhunāghara,Raha Śarmā,Nepali Literature,Experiences of a Nepali author about his travel in United States.,2008,0.0,76,0
9789937330725.0,Literary icons of Nepal,Gopāla Parājulī,Nepali Literature,"A Nepali literary work titled 'Literary icons of Nepal' by Gopāla Parājulī, featuring the stories, culture and voice of Nepal.",2015,0.0,0,0
,Sāmbabhaktaśarmā Suvedī,Sāmbabhaktaśarmā Suvedī,Nepali Literature,"A Nepali literary work titled 'Sāmbabhaktaśarmā Suvedī' by Sāmbabhaktaśarmā Suvedī, featuring the stories, culture and voice of Nepal.",1975,0.0,36,0
9788126046027.0,Kamala Sankrtyayana,Durgāprasāda Śreshṭha,Nepali Literature,"On the life and works of Kamala Sankrtyayana, Nepali and Hindi author.",2014,0.0,91,0
9789993350583.0,Nepālī mahilā kathākāra,Līlā Luiṭela,Nepali Literature,Brief biographical sketches of Nepali women short story writers; includes samplings of their writings.,2003,0.0,243,0
9789937589161.0,Govinda Bhattaka darsanika racanaharu,Vishṇu Prabhāta; Sudarśana Śreshṭha,Nepali Literature,Collection of philosophical essays of well known Nepali author.,2013,0.0,256,0
9789937255738.0,Kedāra Śarmā Ḍhakāla,Rajanī Ḍhakāla; Kedāra Śarmā Ḍhakāla,Nepali Literature,"Festschrift for Kedāra Śarmā Ḍhakāla, born 1929, teacher and Nepali author; comprises contributed articles on his life and work.",2012,0.0,648,0
9789937260077.0,Brāiṭanamā sūryasnāna,Hari Khanāla,Nepali Literature,Reminiscences and travelogues of a Nepali author.,2013,0.0,178,0
9789937862608.0,Sr̥shṭa samvāda,Nagendrarāja Regmī,Nepali Literature,"Transcript of interviews, chiefly with Nepali authors and critics.",2012,0.0,224,0
9789937243742.0,Sr̥shṭā Hari Śreshṭha,Kailāśa Bhaṇḍārī,Nepali Literature,"On the life and work of Hari Śreshṭha, Nepali journalist and author; contributed articles.",2011,0.0,189,0
9789937589901.0,Nepālakā nārī sāhityakāra,Kumāraprasāda Koirālā; Ratnamaṇi Nepāla,Nepali Literature,Directory of 20th century Nepali women authors.,2016,0.0,544,0
,Hastākshara,Unknown,Nepali Literature,Autographs with short notes by various Nepali writers.,1992,0.0,154,0
9789993323044.0,Janakalāla Śarmākā saṃsmaraṇa,Janak Lal Sharma,Nepali Literature,"Reminiscences of Janak Lal Sharma, b. 1926, Nepali author and critic.",2003,0.0,268,0
,Nepālī sāhityakā viśva nārī ratna,Narendrarāja Prasāī,Nepali Literature,"Biography of Vānīrā Giri, born 1944, Nepali women author.",2013,0.0,92,0
9789937323420.0,Dhartīmātā,Baladeva Majagaiyām̐,Nepali Literature,"Autobiography of Baladeva Majagaiyām̐, born 1950, Nepali author and politician from Nepal.",2017,0.0,0,0
9788184654189.0,Women writers of Nepal,Jagadīśa Śamaśera Rāṇā,Nepali Literature,"A Nepali literary work titled 'Women writers of Nepal' by Jagadīśa Śamaśera Rāṇā, featuring the stories, culture and voice of Nepal.",2011,0.0,580,0
9789937908306.0,Jaya-parājaya,Madanamaṇi Dīkshita,Nepali Literature,"A Nepali literary work titled 'Jaya-parājaya' by Madanamaṇi Dīkshita, featuring the stories, culture and voice of Nepal.",2016,0.0,166,0
,Pharkera herdā,Vāsupāsā,Nepali Literature,Autobiographical reminiscences by a Nepali social reformer and writer; chiefly on politics and social conditions in Nepal during the last 40 years.,1987,0.0,214,0
,Sāhityakāra paricaya ra abhivyakti,Unknown,Nepali Literature,Bio-bibliographical dictionary of Nepalese writers.,1997,0.0,631,0
,"Krāntikārī sāhitya, saṃskrt̥i, ra patrakāritākā stambha Śakti Lamsāla",Kamalā Sigdela,Nepali Literature,"Biography of Śakti Lamsāla, born 1936, Communist leader, journalist, and Nepali author.",2012,0.0,208,0
9789937568579.0,Jindagīkā moḍaharu,Paraśurāma Pradhāna,Nepali Literature,Autobiographical reminiscences of a Nepali author and civil servant.,2014,0.0,164,0
9789937034227.0,Mero jīvanakathā,Keśavaprasāda Upādhyāya,Nepali Literature,"Autobiography of Keśavaprasāda Upādhyāya, Nepali author and college professor.",2018,0.0,568,0
9789937248051.0,Nepālī mahilā sāhityakāra,Līlā Luiṭela,Nepali Literature,Biobibliography of Nepali women authors.,2012,0.0,545,0
,Nepālī lekhakakośa,Ghaṭarāja Bhaṭṭarāī,Nepali Literature,Bio-bibliographical dictionary of Nepali authors.,1999,0.0,730,0
9789937002530.0,Atītako poko,Bhuvana Canda Ṭhakurī,Nepali Literature,"Memoirs of Bhuvana Canda Ṭhakurī, Nepali author and mechanical engineer.",2016,0.0,211,0
9789994677368.0,The summit of women writers,Narendrarāja Prasāī,Nepali Literature,"A Nepali literary work titled 'The summit of women writers' by Narendrarāja Prasāī, featuring the stories, culture and voice of Nepal.",2007,0.0,112,0
9789937593915.0,Bālamanakā Gopāla,Hari Mañjuśrī,Nepali Literature,"Contributed articles on the life and works of Gopāla Parājulī, Nepali author.",2017,0.0,246,0
9789937265782.0,Mero jīvana yātrā,Kamala Jaṅgalī Ācārya,Nepali Literature,"Autobiography of Kamala Jaṅgalī Ācārya, born 1942, Nepali author and social worker from Nepal.",2013,0.0,182,0
,Ramāilo samjhanā Kharasāṅako,Paras Mani Pradhan,Nepali Literature,"A Nepali literary work titled 'Ramāilo samjhanā Kharasāṅako' by Paras Mani Pradhan, featuring the stories, culture and voice of Nepal.",1978,0.0,32,0
,Nepālī sāhityakāra paricaya kośa,Ghaṭarāja Bhaṭṭarāī; Ghaṭarāja Bhaṭṭarāī,Nepali Literature,Bio-bibliographical dictionary of Nepalese writers.,1994,0.0,573,0
,Yātrāmā baṭuliekā phūla,Tulasīprasāda Bhaṭ̣ṭarāī,Nepali Literature,Travel account of various parts of Nepal by a Nepali author.,2002,0.0,147,0
9789993333265.0,Merā kathāharuko kathā,Sūba Sena,Nepali Literature,Autobiography of a Nepali author and civil servant from Nepal.,2004,0.0,1263,0
9789937892728.0,Mero Bandīpura,Mohan B. Kayastha,Nepali Literature,Reminiscences of a Nepali author about his association with Bandipur village.,2014,0.0,183,0
9789937246262.0,Deśabhakta Sūryabahādura Sena (Sūba Sena),Jagadīśacandra Regmī,Nepali Literature,"Biography of Suba Sena, civil servant and Nepali author.",2012,0.0,164,0
9789993309352.0,Nepālī niyātrā,Vyākula Pāṭhaka,Nepali Literature,Anthology of travelogues of well known Nepali authors.,2012,0.0,0,0
9789937268073.0,Karṇālīko cheuchau,Gaganasiṃha Thāpā,Nepali Literature,"Autobiography of a Nepali author, politician, and social worker.",2013,0.0,428,0
9789994689996.0,"Bāhra sūrya, sohra phanko",Rāmaprasāda Panta; Rāmaprasāda Panta,Nepali Literature,Travel account of a Nepali author to different parts of Nepal.,2007,0.0,168,0
9789937593700.0,Kr̥shṇacandrasiṃhakā nibandha,Kr̥shṇacandrasiṃha Pradhāna; Govinda Rāja Bhaṭṭarāī,Nepali Literature,"Memoirs of Kr̥shṇacandrasiṃha Pradhāna, Nepali author; alongwith account of travel, as a medical student to different countries.",2017,0.0,148,0
9789937006019.0,Annapūrṇa phero,Bhīshma Upretī,Nepali Literature,"Travel experiences of Bhīshma Upretī, born 1967, Nepali author to Annapurna circuit.",2015,0.0,131,0
9789937826310.0,Hium̐mā ṭekiekā pāilāharū,Yādavarāja Upādhyāya,Nepali Literature,Travelogue of a Nepali author to various parts of Nepal.,2009,0.0,98,0
,Nau pāilā,"Vyāsa, Nirmohī",Nepali Literature,"A Nepali literary work titled 'Nau pāilā' by Vyāsa, Nirmohī, featuring the stories, culture and voice of Nepal.",1989,0.0,112,0
,Siṃhāvalokana,Rameśa Gautama Pālpālī,Nepali Literature,Autobiographical reminiscences of author and retired civil servant from Nepal.,2005,0.0,65,0
9789993327448.0,Pahāḍako phedīko pāhunāghara,Raha Śarmā,Nepali Literature,"A Nepali literary work titled 'Pahāḍako phedīko pāhunāghara' by Raha Śarmā, featuring the stories, culture and voice of Nepal.",2008,0.0,76,0
9789993307945.0,Phaḍke tardātardai,Tulasīprasāda Bhaṭṭarāī,Nepali Literature,Travelogue of a Nepali author to different parts of Nepal.,2009,0.0,183,0
,Hemaraja Pahari smrtigrantha,Hemarāja Pāhārī; Anila Pauḍela,Nepali Literature,"Festschrift of Hemaraja Pahari, educator, social worker, and writer.",2010,0.0,562,0
,Tariniprasada Koirala,Unknown,Nepali Literature,"Contributed articles on the life and works Tariniprasada Koirala, political activist, journalist, writer.",2011,0.0,286,0
9789937269575.0,Laharalahara gandai,Khagendra Giri Kopilā,Nepali Literature,Travelogues of a Nepali author to various parts of Nepal.,2013,0.0,156,0
9789937272056.0,Guptavāsako rahasya,Dharmarāja Adhikārī,Nepali Literature,"Account of underground life of Śyāma Prasāda, born 1929, political activist, journalist, and writer during Rana regime in Nepal.",2013,0.0,86,0
9789937041478.0,Mero rimarime samjhanā,Pītāmbaraśarmā Dāhāla,Nepali Literature,"Chiefly autobiographical memoirs of Pītāmabaraśarmā Dāhāla, politician and Nepali author.",2018,0.0,601,0
9789937015943.0,Gaekāharū,Kamala Dīkshita,Nepali Literature,"Memoirs of Kamala Dīkshita, born 1929, Nepali author, about his friends and associates.",2016,0.0,70,0
9789937509237.0,Mahākavi Devakoṭa,Kumārabahādura Jośī,Nepali Literature,"On the works of Laxmi Prasad Devkota, 1908-1959, Nepali poet; transcript of interviews with Nepali authors, critics, and close associates.",2010,0.0,324,0
,Avismrta abhivyanjana,Pūrṇaprasāda Adhikārī,Nepali Literature,Travelogue of a Nepali author to various parts of Nepal.,2009,0.0,160,0
9789937665377.0,Yāra,Nayanarāja Pāṇḍe,Nepali Literature,"Memoirs of Nayanarāja Pāṇḍe, born 1966, Nepali author, about his friends and associates.",2017,0.0,240,0
,Prajātantra,Unknown,Nepali Literature,"Festschrift honoring Bishweshwar Prasad Koirala, former prime minister and litterateur; comprises articles on his life and works.",1992,0.0,136,0
9789993351931.0,Herpetology of Nepal,Tej Kumar Shrestha,Nepali Literature,"A Nepali literary work titled 'Herpetology of Nepal' by Tej Kumar Shrestha, featuring the stories, culture and voice of Nepal.",2001,0.0,280,0
9789937646239.0,Dharatidekhi Akasasamma,Anandadeva Bhatta,Nepali Literature,"Memoirs of Ānandadeva Bhaṭṭa, Nepali author; depicts social issues in Nepal.",2074,0.0,128,0
,Vāsudeva Luin̐ṭela euṭā jiun̐do mānche,Unknown,Nepali Literature,"On the life of Vāsudeva Śarmā Luin̐ṭela, Nepali writer; contributed articles.",1995,0.0,157,0
9789937225397.0,An outsider in the court of God,Momilā,Nepali Literature,"A Nepali literary work titled 'An outsider in the court of God' by Momilā, featuring the stories, culture and voice of Nepal.",2010,0.0,120,0
9781887068956.0,Sherpas,L. S. Summer,Nepali Literature,"Details the history, culture, and traditional way of life of the Sherpas, who live in Nepal around Mt. Everest, as well as their current status and struggle to preserve their culture and identity.",1999,0.0,32,0
9781619134393.0,Mount Everest,Megan Lappi,Nepali Literature,"A Nepali literary work titled 'Mount Everest' by Megan Lappi, featuring the stories, culture and voice of Nepal.",2004,0.0,32,0
,Nevāḥ loka sāhitya,Loka Sāhitya Goshṭhī (1985 Loka Sāhitya Parishad),Nepali Literature,Selected papers presented at a symposium organized by Loka Sāhitya Parishad (Nepal) in 1985.,1986,0.0,67,0
9781600602559.0,Sacred mountain,Christine Taylor-Butler,Nepali Literature,"""A cultural, geological, and ecological history of Mount Everest focusing on the indigenous Sherpa and their spiritual connection to the mountain, record-setting multinational climbing expeditions, and the effects of tourism on the environment. Illustrated with photographs, maps, diagrams, and timelines""--Provided by publisher.",2009,0.0,48,0
9789937247344.0,Nepālabāhirakā Tāmāṅa vāṅmaya,Amr̥ta Yoñjana-Tāmāṅa,Nepali Literature,"Collection of Tamang literature and culture outside of Nepal, chiefly from India.",2012,0.0,248,0
9780689830426.0,Tiger of the snows,Robert Burleigh,Nepali Literature,"A Nepali literary work titled 'Tiger of the snows' by Robert Burleigh, featuring the stories, culture and voice of Nepal.",2006,0.0,40,0
9781410928184.0,Living in the Himalaya,Louise Spilsbury,Nepali Literature,"A Nepali literary work titled 'Living in the Himalaya' by Louise Spilsbury, featuring the stories, culture and voice of Nepal.",2007,0.0,32,0
9781406208276.0,Living in the Himalaya,Louise Spilsbury,Nepali Literature,"A Nepali literary work titled 'Living in the Himalaya' by Louise Spilsbury, featuring the stories, culture and voice of Nepal.",2007,0.0,32,0
9780500275252.0,Honey hunters of Nepal,Éric Valli,Nepali Literature,"A Nepali literary work titled 'Honey hunters of Nepal' by Éric Valli, featuring the stories, culture and voice of Nepal.",1988,0.0,103,0
9789937506748.0,The Kathmandu valley as a water pot,Kazumi Yoshizaki,Nepali Literature,Abstracts in English of research papers published over the decades in various languages.,2012,0.0,171,0
9780674984332.0,"Materials for the Study of Gurung Pe, Volume II",Simon Strickland,Nepali Literature,"A Nepali literary work titled 'Materials for the Study of Gurung Pe, Volume II' by Simon Strickland, featuring the stories, culture and voice of Nepal.",2018,0.0,916,0
9781841480688.0,The Barefoot Book of Monsters!,Fran Parnell,Nepali Literature,A collection of six folktales that introduce the reader to monsters from around the world.,2003,0.0,64,0
9782878333817.0,Top of the World,Steve Jenkins,Nepali Literature,"Describes the conditions and terrain of Mount Everest, attempts that have been made to scale this peak, and general information about the equipment and techniques of mountain climbing.",1999,0.0,32,0
9780439267076.0,Everest,Joy Masoff,Nepali Literature,"This title introduces readers to Edmund Hillary and Tenzing Norgay, the first men to reach the peak of Mt. Everest. Illustrations. Difficult climbing conditions on Everest-rough terrain, cold temperatures, and high altitude-are explained. Various types of climbing equipment are discussed as well. Reaction to the conquest of Everest came from all around the world. Hillary and Norgay both used their fame to improve conditions for the people of Nepal.",2002,0.0,48,0
9781467759243.0,Secrets of the Sky Caves,Sandra K. Athans,Nepali Literature,"A Nepali literary work titled 'Secrets of the Sky Caves' by Sandra K. Athans, featuring the stories, culture and voice of Nepal.",2014,0.0,64,0
9780222009814.0,Let's visitNepal,Aung San Suu Kyi,Nepali Literature,"Describes the geography, history, people, and customs of Nepal.",1985,0.0,96,0
9781906714321.0,Avoid Climbing Mount Everest,Ian Graham,Nepali Literature,"A Nepali literary work titled 'Avoid Climbing Mount Everest' by Ian Graham, featuring the stories, culture and voice of Nepal.",2010,0.0,0,0
9780822585787.0,Nepal in pictures,Christine Zuchora-Walske,Nepali Literature,"Describes the geography, climate, wildlife, natural resources, history, politics, culture, economy, and government of Nepal.",2009,0.0,80,0
9780448484082.0,Where Is Mount Everest?,Nico Medina,Nepali Literature,"A Nepali literary work titled 'Where Is Mount Everest?' by Nico Medina, featuring the stories, culture and voice of Nepal.",2015,0.0,105,0
9780582523371.0,Everest the hard way,Chris Bonington; Chris Bonington,Nepali Literature,"A Nepali literary work titled 'Everest the hard way' by Chris Bonington, featuring the stories, culture and voice of Nepal.",1976,0.0,239,0
9780761414766.0,Nepal,Jon Burbank,Nepali Literature,"Describes the geography, history, government, economy, people, religion, language, and culture of Nepal, a predominantly Hindu country located north of India. Includes several recipes.",1991,0.0,128,0
9783169447787.0,The Logic of Scientific Discovery,Karl Popper,Nepali Literature,"When first published in 1959, this book revolutionized contemporary thinking about science and knowledge. It remains the one of the most widely read books about science to come out of the twentieth century.",1935,1.0,480,1
9781534129047.0,Nepali Heritage,Tamra Orr,Nepali Literature,"A Nepali literary work titled 'Nepali Heritage' by Tamra Orr, featuring the stories, culture and voice of Nepal.",2018,0.0,0,0
9781725301474.0,Highest Peak,Jenna Tolli,Nepali Literature,"A Nepali literary work titled 'Highest Peak' by Jenna Tolli, featuring the stories, culture and voice of Nepal.",2019,0.0,0,0
9780763621155.0,To the Top,Stephen Venables,Nepali Literature,"A Nepali literary work titled 'To the Top' by Stephen Venables, featuring the stories, culture and voice of Nepal.",2003,0.0,96,0
9781283928182.0,Conquering Mount Everest,Robert Sheehan,Nepali Literature,"A Nepali literary work titled 'Conquering Mount Everest' by Robert Sheehan, featuring the stories, culture and voice of Nepal.",2013,0.0,0,0
9781404251427.0,Climbing Mount Everest,Therese Shea,Nepali Literature,"A Nepali literary work titled 'Climbing Mount Everest' by Therese Shea, featuring the stories, culture and voice of Nepal.",2005,0.0,32,0
9781406241914.0,Mount Everest,Nancy Dickmann,Nepali Literature,"Introduces Mount Everest, the tallest mountain in the world; describes the first expedition to the top of the mountain completed by Edmund HIllary and Tenzing Norgay; and explains why climbing the mountain is so difficult.",2012,0.0,0,0
9780792279327.0,Triumph on Everest,Broughton Coburn,Nepali Literature,"A Nepali literary work titled 'Triumph on Everest' by Broughton Coburn, featuring the stories, culture and voice of Nepal.",2000,0.0,64,0
9780761439332.0,Mount Everest,Ann Heinrichs,Nepali Literature,"""Provides comprehensive information on the geography, history, wildlife, peoples, and environmental issues of Mount Everest""--Provided by the publisher.",2009,0.0,0,0
9780688100056.0,Vanishing tracks,Darla Hillard,Nepali Literature,"A Nepali literary work titled 'Vanishing tracks' by Darla Hillard, featuring the stories, culture and voice of Nepal.",1989,0.0,326,0
9781547601592.0,Everest,Alexandra Stewart; Joe Todd-Stanton; Ranulph Fiennes,Nepali Literature,"A Nepali literary work titled 'Everest' by Alexandra Stewart, featuring the stories, culture and voice of Nepal.",2019,0.0,64,0
9781791114237.0,Everest,Megan Lappi,Nepali Literature,"A Nepali literary work titled 'Everest' by Megan Lappi, featuring the stories, culture and voice of Nepal.",2019,0.0,0,0
9781450908672.0,conquista del Monte Everest,Jackie Glassman; Fernando Gayesky,Nepali Literature,"A Nepali literary work titled 'conquista del Monte Everest' by Jackie Glassman, featuring the stories, culture and voice of Nepal.",2011,0.0,32,0
9781502625007.0,Nepal,Joanne Mattern,Nepali Literature,"A Nepali literary work titled 'Nepal' by Joanne Mattern, featuring the stories, culture and voice of Nepal.",2017,0.0,32,0
9781502625038.0,Nepal,Joanne Mattern,Nepali Literature,"A Nepali literary work titled 'Nepal' by Joanne Mattern, featuring the stories, culture and voice of Nepal.",2017,0.0,0,0
9781502625021.0,Nepal,Joanne Mattern,Nepali Literature,"A Nepali literary work titled 'Nepal' by Joanne Mattern, featuring the stories, culture and voice of Nepal.",2017,0.0,32,0
9781936319527.0,N Is For Nepal,Anita Adhikary,Nepali Literature,"A Nepali literary work titled 'N Is For Nepal' by Anita Adhikary, featuring the stories, culture and voice of Nepal.",2011,0.0,0,0
9780792251057.0,Climbing Everest,Audrey Salkeld,Nepali Literature,"A Nepali literary work titled 'Climbing Everest' by Audrey Salkeld, featuring the stories, culture and voice of Nepal.",2003,0.0,128,0
9781608514083.0,Climbing Mount Everest,Therese Shea,Nepali Literature,"A Nepali literary work titled 'Climbing Mount Everest' by Therese Shea, featuring the stories, culture and voice of Nepal.",2009,0.0,0,0
9781435859838.0,Mount Everest,Aileen Weintraub,Nepali Literature,"A Nepali literary work titled 'Mount Everest' by Aileen Weintraub, featuring the stories, culture and voice of Nepal.",2009,0.0,0,0
9781482420463.0,Reaching Everest's Summit,Emily Jankowski,Nepali Literature,"A Nepali literary work titled 'Reaching Everest's Summit' by Emily Jankowski, featuring the stories, culture and voice of Nepal.",2014,0.0,32,0
9781780600420.0,Against a Peacock Sky,Monica Connell,Nepali Literature,"A Nepali literary work titled 'Against a Peacock Sky' by Monica Connell, featuring the stories, culture and voice of Nepal.",1991,0.0,224,0
9780531217238.0,Highest and the Lowest,Katie Marsico,Nepali Literature,"A Nepali literary work titled 'Highest and the Lowest' by Katie Marsico, featuring the stories, culture and voice of Nepal.",2015,0.0,48,0
9781515771692.0,Surviving Mount Everest,Blake A. Hoena,Nepali Literature,"Since the beginning of time, we have been fascinated with heights. Mount Everest, therefore, is at the tip top of our fascination. In this tale, you call the shots in trying to conquer dizzying heights. Each decision becomes more important than the last as you climb higher and higher. Will you make it? Will you fall? Will you survive at all? YOU CHOOSE how this adventure ends. -- back cover.",2017,0.0,112,0
9780531130490.0,Nepal,Nelson Yomtov,Nepali Literature,"A Nepali literary work titled 'Nepal' by Nelson Yomtov, featuring the stories, culture and voice of Nepal.",2019,0.0,144,0
9780141304977.0,Within reach,Mark Pfetzer,Nepali Literature,"The author describes how he spent his teenage years climbing mountains in the United States, South America, Africa, and Asia, with an emphasis on his two expeditions up Mount Everest.",1998,0.0,224,0
,Bod yig dkar chag =,Nepal. Rāshṭriya Abhilekhālaya,Nepali Literature,"A Nepali literary work titled 'Bod yig dkar chag =' by Nepal. Rāshṭriya Abhilekhālaya, featuring the stories, culture and voice of Nepal.",2007,0.0,0,0
9780415359191.0,Remaking Buddhism for medieval Nepal,Will Tuladhar-Douglas,Nepali Literature,"A Nepali literary work titled 'Remaking Buddhism for medieval Nepal' by Will Tuladhar-Douglas, featuring the stories, culture and voice of Nepal.",2006,0.0,238,0
9781442421929.0,Tiger of the Snows : Tenzing Norgay,Robert Burleigh,Nepali Literature,"A Nepali literary work titled 'Tiger of the Snows : Tenzing Norgay' by Robert Burleigh, featuring the stories, culture and voice of Nepal.",2010,0.0,40,0
9780791096727.0,Nepal (Modern World Nations),Krishna P. Bhattarai,Nepali Literature,"A Nepali literary work titled 'Nepal (Modern World Nations)' by Krishna P. Bhattarai, featuring the stories, culture and voice of Nepal.",2008,0.0,128,0
9781583413258.0,Mount Everest,Jill Kalz,Nepali Literature,"A Nepali literary work titled 'Mount Everest' by Jill Kalz, featuring the stories, culture and voice of Nepal.",2004,0.0,32,0
9780516220154.0,Mount Everest,Sarah De Capua,Nepali Literature,"A Nepali literary work titled 'Mount Everest' by Sarah De Capua, featuring the stories, culture and voice of Nepal.",2002,0.0,31,0
9781583418178.0,Mount Eeverest,Valerie Bodden,Nepali Literature,"""A fundamental introduction to Mount Everest, including the snowy forests that surround it, the creatures that live near it, and how people have affected its high-altitude environment""--Provided by publisher.",2010,0.0,0,0
9781635177312.0,Mount Everest,Lisa M. Bolt Simons,Nepali Literature,"A Nepali literary work titled 'Mount Everest' by Lisa M. Bolt Simons, featuring the stories, culture and voice of Nepal.",2018,0.0,0,0
9780706358742.0,Conquerors of Everest,Brian Williams; Nigel Chamberlain; Francis Phillipps,Nepali Literature,"A Nepali literary work titled 'Conquerors of Everest' by Brian Williams, featuring the stories, culture and voice of Nepal.",1979,0.0,0,0
9781482401424.0,Climbing Mount Everest,Kristen Rajczak,Nepali Literature,"A Nepali literary work titled 'Climbing Mount Everest' by Kristen Rajczak, featuring the stories, culture and voice of Nepal.",2013,0.0,0,0
9780521778886.0,Big Book of Climbing Mount Everest,Tony Seddon; Vivien Linington; Jean Place,Nepali Literature,"A Nepali literary work titled 'Big Book of Climbing Mount Everest' by Tony Seddon, featuring the stories, culture and voice of Nepal.",2000,0.0,24,0
9780582841499.0,Climbing Everest,McCloskey,Nepali Literature,"A Nepali literary work titled 'Climbing Everest' by McCloskey, featuring the stories, culture and voice of Nepal.",2004,0.0,32,0
9780141310084.0,Everest Adventure (Extreme Expeditions),Catherine Charley,Nepali Literature,"A Nepali literary work titled 'Everest Adventure (Extreme Expeditions)' by Catherine Charley, featuring the stories, culture and voice of Nepal.",2002,0.0,144,0
9781401931179.0,The Boy Who Conquered Everest The Jordan Romero Story,Jordan Romero,Nepali Literature,"A Nepali literary work titled 'The Boy Who Conquered Everest The Jordan Romero Story' by Jordan Romero, featuring the stories, culture and voice of Nepal.",2010,0.0,0,0
9780008208875.0,Everest Ice Climbers,Rob Alcraft; Collins Big Cat,Nepali Literature,"A Nepali literary work titled 'Everest Ice Climbers' by Rob Alcraft, featuring the stories, culture and voice of Nepal.",2017,0.0,48,0
9780876143957.0,Children of Nepal,Matti A. Pitkanen; Reijo Harkonen,Nepali Literature,"A Nepali literary work titled 'Children of Nepal' by Matti A. Pitkanen, featuring the stories, culture and voice of Nepal.",1990,0.0,56,0
9780027622829.0,Kanu of Kathmandu,Barbara A. Margolies,Nepali Literature,"An eight-year-old boy who lives in the city of Kathmandu takes a tour of several small towns and villages of Nepal, observing many traditional customs and activities.",1992,0.0,34,0
9781508168645.0,Sir Edmund Hillary Explores Mount Everest,Heather Moore Niver,Nepali Literature,"A Nepali literary work titled 'Sir Edmund Hillary Explores Mount Everest' by Heather Moore Niver, featuring the stories, culture and voice of Nepal.",2018,0.0,0,0
9781620317464.0,Mountains,R. P,Nepali Literature,"A Nepali literary work titled 'Mountains' by R. P, featuring the stories, culture and voice of Nepal.",2017,0.0,0,0
9780865920514.0,Conquerors of Everest,Brian Williams,Nepali Literature,Summarizes attempts to climb to the top of Mount Everest from the first expedition in 1922 to the first ascent by an all-woman team in 1975.,1981,0.0,31,0
9789937873956.0,Kalā sāhityamā duīlāina saṅgharsha,Khema Thapaliyā̃,Nepali Literature,"Articles on Marxism, and communist literature.",2013,0.0,276,0
9781435728684.0,Buddha and His Homeland Nepal,G. L. Rai-Zimmdar,Nepali Literature,"A Nepali literary work titled 'Buddha and His Homeland Nepal' by G. L. Rai-Zimmdar, featuring the stories, culture and voice of Nepal.",2008,0.0,0,0
9780823957781.0,Learning about teamwork from the lives of Hillary and Norgay,Brenn Jones,Nepali Literature,Profiles the adventures of two men who worked together and reached the top of Mount Everest.,2002,0.0,24,0
9781481428415.0,Tiger of the Snows,Robert Burleigh; Ed Young,Nepali Literature,"A Nepali literary work titled 'Tiger of the Snows' by Robert Burleigh, featuring the stories, culture and voice of Nepal.",2014,0.0,0,0
9781429600903.0,Left for Dead!,Tim O'Shei,Nepali Literature,"A Nepali literary work titled 'Left for Dead!' by Tim O'Shei, featuring the stories, culture and voice of Nepal.",2007,0.0,32,0
9780763621155.0,To the top,Stephen Venables,Nepali Literature,"Describes many of the attempts to scale Mount Everest, including the author's own experiences.",2003,0.0,96,0
9780545666374.0,The Climb,Gordon Korman,Nepali Literature,"A Nepali literary work titled 'The Climb' by Gordon Korman, featuring the stories, culture and voice of Nepal.",2002,0.0,151,0
9780756534110.0,Teens in Nepal,Nicki Yackley-Franken,Nepali Literature,"A Nepali literary work titled 'Teens in Nepal' by Nicki Yackley-Franken, featuring the stories, culture and voice of Nepal.",2008,0.0,0,0
9780823956364.0,Mount Everest,Aileen Weintraub,Nepali Literature,"A Nepali literary work titled 'Mount Everest' by Aileen Weintraub, featuring the stories, culture and voice of Nepal.",2001,0.0,24,0
9780431191324.0,Great Journeys Across Earth : Summit of Everest,Jim Kerr,Nepali Literature,"A Nepali literary work titled 'Great Journeys Across Earth : Summit of Everest' by Jim Kerr, featuring the stories, culture and voice of Nepal.",2000,0.0,0,0
9780431191256.0,Hillary and Norgay's Mount Everest Adventure,Jim Kerr,Nepali Literature,"A Nepali literary work titled 'Hillary and Norgay's Mount Everest Adventure' by Jim Kerr, featuring the stories, culture and voice of Nepal.",2007,0.0,0,0
9781849418362.0,Bear Grylls,Bear Grylls,Nepali Literature,"When Beck Granger is ship-wrecked in the open seas, he needs all of his survival skills to save a small group of passengers.

But the sinking was no accident. In order to stay alive, he’ll have to work out who wants him dead, and why.

That is, if the sharks don’t get him first . . .",2014,3.0,344,3
,Nepālarāṣṭriyapustakālasthahastalikhitapustakānām sūcīpatram,Rāshṭriya Pustakālaya (Nepal),Nepali Literature,"A Nepali literary work titled 'Nepālarāṣṭriyapustakālasthahastalikhitapustakānām sūcīpatram' by Rāshṭriya Pustakālaya (Nepal), featuring the stories, culture and voice of Nepal.",1964,0.0,0,0
9780792248354.0,Climbing Mount Everest,Brigitte Muir,Nepali Literature,"Literacy focus: vocabulary, identifying prefixes and suffixes, using descriptive words, decoding compound words, following a sequence of events, distinguishing fact from opinion, making observations. Social studies focus: gives a first-person account of climbing the world's highest peak.",2004,0.0,24,0
,"Histoire de la conquête du Népâl par les Chinois, sous le règne de Tc̲'ienn lonḡ (1792)",Yuan Wei,Nepali Literature,"A Nepali literary work titled 'Histoire de la conquête du Népâl par les Chinois, sous le règne de Tc̲'ienn lonḡ (1792)' by Yuan Wei, featuring the stories, culture and voice of Nepal.",1879,0.0,32,0
9781608180707.0,To the top of Mount Everest,Valerie Bodden,Nepali Literature,"""A history of Edmund Hillary and Tenzing Norgay's 1953 summit of Mt. Everest, detailing the challenges encountered, the individuals involved, the discoveries made, and how the expedition left its mark upon the world""--Provided by publisher.",2011,0.0,0,0
9780898126686.0,To the top of Mount Everest,Valerie Bodden,Nepali Literature,"""A history of Edmund Hillary and Tenzing Norgay's 1953 summit of Mt. Everest, detailing the challenges encountered, the individuals involved, the discoveries made, and how the expedition left its mark upon the world""--Provided by publisher.",2012,0.0,48,0
9781555321666.0,Nepal,Hitomi Watanabe; Marylee Knowlton; Mark J. Sachner,Nepali Literature,"Describes the life of ten-year-old girl in Kathmandu, who dreams of being a doctor, and discusses Nepal's ethnic groups, religion, government, education, industry, geography, and history.",1987,0.0,63,0
9781467700160.0,Secrets of the sky caves,Sandra K. Athans,Nepali Literature,This book describes how mountaineers and archeologists are investigating and exploring Nepal's Mustang cliffs and caves.,2014,0.0,64,0
9781550748147.0,To the top of Everest,Laurie Skreslet; Elizabeth MacLeod,Nepali Literature,"The author, who became the 131st person to reach the peak of Mount Everest in 1982, recounts his experience, and explains how his achievement came with a heavy price as he and his expedition faced hidden crevasses, blinding snowstorms, horrible altitude sickness, and more. Skreslet shares details of the climb, which is illustrated with full-color photos.",2001,0.0,56,0
9780778711759.0,Conquering Everest,Natalie Hyde,Nepali Literature,"A Nepali literary work titled 'Conquering Everest' by Natalie Hyde, featuring the stories, culture and voice of Nepal.",2014,0.0,48,0
9783882800371.0,Dialekt und Erzählungen der Nangchenpas,Margret Causemann,Nepali Literature,"A Nepali literary work titled 'Dialekt und Erzählungen der Nangchenpas' by Margret Causemann, featuring the stories, culture and voice of Nepal.",1989,0.0,413,0
9780585093819.0,Nepal,Jacquiline Touba; Barbara Glasser; Chandra Bahadur Ale,Nepali Literature,"Using a painting by a Nepalese boy as illustration, discusses what life is like in the country of Nepal.",1997,0.0,24,0
9780761365068.0,Everest,Sandra K. Athans,Nepali Literature,"A Nepali literary work titled 'Everest' by Sandra K. Athans, featuring the stories, culture and voice of Nepal.",2013,0.0,0,0
9780792272229.0,Mystery on Everest,Audrey Salkeld,Nepali Literature,"A Nepali literary work titled 'Mystery on Everest' by Audrey Salkeld, featuring the stories, culture and voice of Nepal.",2000,0.0,64,0
9781604134209.0,Sir Edmund Hillary,Samuel Willard Crompton; Samuel Etinde Crompton,Nepali Literature,"A Nepali literary work titled 'Sir Edmund Hillary' by Samuel Willard Crompton, featuring the stories, culture and voice of Nepal.",2009,0.0,0,0
9789813202542.0,Mighty Mira Based on the Story,Chloe Chick; Natalie Kwee,Nepali Literature,"A Nepali literary work titled 'Mighty Mira Based on the Story' by Chloe Chick, featuring the stories, culture and voice of Nepal.",2016,0.0,0,0
9781626172913.0,Edmund Hillary reaches the top of Everest,Nelson Yomtov,Nepali Literature,"""Exciting illustrations follow Edmund Hillary's journey up Mount Everest. The combination of brightly colored panels and leveled text is intended for students in grades 3 through 7""--",2016,0.0,24,0
9780966225778.0,Tigers in Terai,Amanda Lumry,Nepali Literature,"Riley travels with his Cousin Alice, Aunt Martha and Uncle Max to the Terai region of Nepal and India to research the dwindling tiger population.",2003,0.0,30,0
9781626172906.0,Amelia Earhart flies across the Atlantic,Nelson Yomtov,Nepali Literature,"""Exciting illustrations follow the events of Amelia Earhart's flight across the Atlantic. The combination of brightly colored panels and leveled text is intended for students in grades 3 through 7""--",2016,0.0,24,0
9780831752415.0,On Top of the World,Mary Ann Fraser,Nepali Literature,"Describes the final stages of the conquest of Mount Everest on May 29, 1953, by Sir Edmund Hillary and Tenzing Norgay.",1991,0.0,0,0
9789380741246.0,"Conquering Everest
            
                Campfire Biography",Lewis Helfand,Nepali Literature,"A Nepali literary work titled 'Conquering Everest
            
                Campfire Biography' by Lewis Helfand, featuring the stories, culture and voice of Nepal.",2011,0.0,0,0
9781741144147.0,Its true! Everest kills,"Wilson, Kim, 1969-",Nepali Literature,"A Nepali literary work titled 'Its true! Everest kills' by Wilson, Kim, 1969-, featuring the stories, culture and voice of Nepal.",2006,0.0,88,0
9783447056199.0,Kleine Schriften,Siegfried Lienhard,Nepali Literature,"A Nepali literary work titled 'Kleine Schriften' by Siegfried Lienhard, featuring the stories, culture and voice of Nepal.",2007,0.0,505,0
9781554392346.0,Canadians on Everest,Bruce Patterson,Nepali Literature,"A Nepali literary work titled 'Canadians on Everest' by Bruce Patterson, featuring the stories, culture and voice of Nepal.",2006,0.0,144,0
9780786851720.0,Sold,Patricia McCormick,Nepali Literature,"Lakshmi is a thirteen-year-old girl who lives with her family in a small hut in the mountains of Nepal. Her family is desperately poor, but her life is full of simple pleasures, like raising her black-and-white speckled goat, and having her mother brush her hair by the light of an oil lamp. But when the harsh Himalayan monsoons wash away all that remains of the family’s crops, Lakshmi’s stepfather says she must leave home and take a job to support her family.

He introduces her to a glamorous stranger who tells her she will find her a job as a maid working for a wealthy woman in the city. Glad to be able to help, Lakshmi undertakes the long journey to India and arrives at “Happiness House” full of hope. But she soon learns the unthinkable truth: she has been sold into prostitution.

An old woman named Mumtaz rules the brothel with cruelty and cunning. She tells Lakshmi that she is trapped there until she can pay off her family’s debt – then cheats Lakshmi of her meager earnings so that she can never leave.

Lakshmi’s life becomes a nightmare from which she cannot escape. Still, she lives by her mother’s words – “Simply to endure is to triumph” – and gradually, she forms friendships with the other girls that enable her to survive in this terrifying new world. Then the day comes when she must make a decision – will she risk everything for a chance to reclaim her life?

Written in spare and evocative vignettes, this powerful novel renders a world that is as unimaginable as it is real, and a girl who not only survives but triumphs.",2006,5.0,272,9
9780263119763.0,Miracle man,Joanna Mansell,Nepali Literature,"He offered the unusual and exotic.
To many, a trek in the Oriental splendor of mountainous Nepal was the perfect vacation. But not to Lacey.
She loved her new job as secretary to Marcus Caradin, the brilliant, energetic owner of a travel agency for the adventuresome. She was pleased that they worked so well together, and that there was no awkward sexual tension between them.
Then Marcus insisted she accompany him on a trip to India and Nepal and experience firsthand the tours the agency offered. But once they had left the confines of the office, their safe, sexless relationship suddenly and disturbingly began to fall apart...",1988,3.25,187,4
9780750028271.0,Toot & Puddle,Holly Hobbie,Nepali Literature,"Toot and Puddle are best friends with very different interests, so when Toot spends the year travelling around the world, Puddle enjoys receiving his postcards.",1997,4.67,32,3
9781555845919.0,The inheritance of loss,Kiran Desai,Nepali Literature,"In a crumbling, isolated house at the foot of Mount Kanchenjunga in the Himalayas lives an embittered judge who wants only to retire in peace, when his orphaned granddaughter, Sai, arrives on his doorstep. The judgeʼs cook watches over her distractedly, for his thoughts are often on his son, Biju, who is hopscotching from one gritty New York restaurant to another. Kiran Desaiʼs brilliant novel, published to huge acclaim, is a story of joy and despair. Her characters face numerous choices that majestically illuminate the consequences of colonialism as it collides with the modern world. Winner of 2006 Man Booker Prize.",2005,3.83,342,6
9780709031680.0,Love in the Clouds,Barbara Cartland,Nepali Literature,"Chandra Wardell, daughter of a world-renowned Sanskrit scholar, learns that her father has been commissioned to journey to Nepal to search for an ancient manuscript. Chandra is thrilled--till she discovers that the invitation, extended by staunch woman-hater Lord Frome, does not include her. When Chandra's father suffers a mild heart attack, Chandra, who knows every aspect of her father's work, decided to take his place! She endures the difficult mountain journey... proves her scholarly proficiency... and ultimately falls in love!

Chandra heard Lord Frome's footsteps and the light came nearer as he moved down the dark passageway. He put first the candlem then the pistol back on the table and without warning, pulled her roughly against him. his lips came down on hers and helf her captive. Suddenly Chandra felt a wild rapture that was inexpressible, rising up through her body from her breast into her lips.

""This is love, she thought, ""love as I always knew it would be... Yet how? Lord Frome despised her.

""I have hated women for so long,"" he whispered, ""that I did not know how different you were, how very, very different, my precious one. I have been fighting frantically against admitting it... even to myself... but I have loved you for a long time!""",1979,5.0,178,1
9789151000640.0,Tintin au Tibet,Hergé,Nepali Literature,Tintin searches for his lost friend Tchang.,1960,3.57,62,7
9780330511667.0,Paths of Glory,Jeffrey Archer,Nepali Literature,"Some people have dreams that are so outrageous that if they were to achieve them, their place in history would be guaranteed. Francis Drake, Robert Scott, Percy Fawcett, Charles Lindbergh, Amy Johnson, Edmund Hillary and Neil Armstrong are among such individuals.

But what if one man had such a dream, and when he'd achieved it, there was no proof that he had fulfilled his ambition?

*Paths of Glory* is the story of such a man. But not until you've turned the last page of this extraordinary novel, will you be able to decide if George Mallory should be added to this list of legends, because if he were, another name would have to be removed.",2009,2.75,400,4
9780061195747.0,Black Order,James Rollins,Nepali Literature,"A Nepali literary work titled 'Black Order' by James Rollins, featuring the stories, culture and voice of Nepal.",2006,0.0,509,0
9780748132645.0,The Abominable,Dan Simmons,Nepali Literature,"""A thrilling tale of high-altitude death and survival set on the snowy summits of Mount Everest, from the bestselling author of The Terror. It's 1924 and the race to summit the world's highest mountain has been brought to a terrified pause by the shocking disappearance of George Mallory and Sandy Irvine high on the shoulder of Mt. Everest. By the following year, three climbers -- a British poet and veteran of the Great War, a young French Chamonix guide, and an idealistic young American -- find a way to take their shot at the top. They arrange funding from the grieving Lady Bromley, whose son also disappeared on Mt. Everest in 1924. Young Bromley must be dead, but his mother refuses to believe it and pays the trio to bring him home. Deep in Tibet and high on Everest, the three climbers -- joined by the missing boy's female cousin -- find themselves being pursued through the night by someone, or something. This nightmare becomes a matter of life and death at 28,000 feet-- but what is pursuing them? And what is the truth behind the 1924 disappearances on Everest? As they fight their way to the top of the world, the friends uncover a secret far more abominable than any mythical creature could ever be. A pulse-pounding story of adventure and suspense, The Abominable is Dan Simmons at his spine-chilling best""--

""It's 1924 and the race to summit the world's highest mountain has been brought to a terrified pause by the shocking disappearance of George Mallory and Sandy Irvine high on the shoulder of Mt. Everest. By the following year, three climbers -- a British poet and veteran of the Great War, a young French Chamonix guide, and an idealistic young American -- find a way to take their shot at the top. They arrange funding from the grieving Lady Bromley, whose son also disappeared on Mt. Everest in 1924. Young Bromley must be dead, but his mother refuses to believe it and pays the trio to bring him home. Deep in Tibet and high on Everest, the three climbers -- joined by the missing boy's female cousin -- find themselves being pursued through the night by someone ... or something. This nightmare becomes a matter of life and death at 28,000 feet-- but what is pursuing them? And what is the truth behind the 1924 disappearances on Everest? As they fight their way to the top of the world, the friends uncover a secret far more abominable than any mythical creature could ever be. A pulse-pounding story of adventure and suspense, The Abominable is Dan Simmons at his spine-chilling best""--",2013,3.0,663,1
,Love in the Clouds / Imperial Splendour,Barbara Cartland,Nepali Literature,"LOVE IN THE CLOUDS: Chandra Wardell, daughter of a world-renowned Sanskrit scholar, learns that her father has been commissioned to journey to Nepal to search for an ancient manuscript. Chandra is thrilled--till she discovers that the invitation, extended by staunch woman-hater Lord Frome, does not include her. When Chandra's father suffers a mild heart attack, Chandra, who knows every aspect of her father's work, decided to take his place! She endures the difficult mountain journey... proves her scholarly proficiency... and ultimately falls in love!

IMPERIAL SPLENDOUR: When handsome Duke of Welminster arrived in St. Petersburg to discuss the news of Napoleon's advance on Moscow. At that point, love is the furthest thing from his mind! Then, invited to the home of an old friend, Princess Sonia, the duke realizes that the princess sees him as a potential husband for her daughter, Tania. But as Tania and a young friend dance for him, it is the friend, Zoia, and not Tania, who captures his attention. Zoia is a beguiling young woman whose mother fell into disgrace by marrying beneath her station, and whose father, a French musician, still lives in the threatened city of Moscow. Suddenly, mystically, the duke finds himself under her spell.",1979,0.0,251,0
9781846868665.0,Chandra's magic light,Theresa Heine,Nepali Literature,"Chandra and her sister Deena see a demonstration of a ""magic light,"" a solar-powered lantern, at a market near their home in Nepal and are determined to buy one, knowing it will help their little brother's cough to stop using kerosene lamps. Includes facts about Nepal.",2013,0.0,36,0
9780312874995.0,Escape from Kathmandu,Kim Stanley Robinson,Nepali Literature,"Living in the city of Kathmandu in the Kingdom of Nepal are dozens of American and British expatriates who are in love with the Himalayas. George Fergusson is one of them--he works as a trek guide for ""Take You Higher, Ltd."", leading groups of tourists into the back country and occasionally assisting on serious climbs. George ""Freds"" Fredericks is another--a tall, easy-going American who converted to Buddhism while in college. He visited Nepal one year and never went home.

The adventures started when George and Freds got together over the capture of a Yeti--an abominable snowman--by a scientific expedition. The thought of such a wild and mysterious creature in captivity--in prison--was too much for them to bear. And in freeing the Yeti, a great partnership was born. George and Freds will go on to greater heights as they explore the mysteries of Nepal, from Shangri-La to Kathmandu's governmental bureaucracy, in Escape from Kathmandu by Kim Stanley Robinson.",1989,0.0,320,0
9781250209115.0,The Gurkha and the Lord of Tuesday,Saad Z. Hossain,Nepali Literature,"When the djinn king Melek Ahmar wakes up after millennia of imprisoned slumber, he finds a world vastly different from what he remembers. Arrogant and bombastic, he comes down the mountain expecting an easy conquest: the wealthy, spectacular city state of Kathmandu, ruled by the all-knowing, all-seeing tyrant AI Karma. To his surprise, he finds that Kathmandu is a cut-price paradise, where citizens want for nothing and even the dregs of society are distinctly unwilling to revolt. Everyone seems happy, except for the old Gurkha soldier Bhan Gurung. Knife saint, recidivist, and mass murderer, he is an exile from Kathmandu, pursuing a forty-year-old vendetta that leads to the very heart of Karma. Pushed and prodded by Gurung, Melek Ahmer finds himself in ever deeper conflicts, until they finally face off against Karma and her forces. In the upheaval that follows, old crimes will come to light and the city itself will be forced to change.",2019,3.5,168,4
9781850891321.0,The waiting land,Dervla Murphy,Nepali Literature,"A Nepali literary work titled 'The waiting land' by Dervla Murphy, featuring the stories, culture and voice of Nepal.",1967,0.0,216,0
9780439405065.0,The Contest,Gordon Korman,Nepali Literature,"A Nepali literary work titled 'The Contest' by Gordon Korman, featuring the stories, culture and voice of Nepal.",2002,0.0,144,0
9780439959582.0,The Cobra King of Kathmandu,Philip Kerr,Nepali Literature,"In the third book of the bestselling *Children of the Lamp* series, djinn twins, John and Philippa Gaunt, are on the trail of another magical mystery. As they travel from New York to London to Nepal and India on a whirlwind adventure, the twins try to help their friend and fellow djinn, Buck, find out who murdered his friend using the venomous snakebite of the king cobra. All too soon, John and Philippa find themselves caught up in the lethal world of the Cult of the Nine Cobras, only to discover that they themselves are a target of the creepy cobra cult.",2006,3.0,373,1
9780399236259.0,"I, Doko",Ed Young,Nepali Literature,"Doko is only a simple basket. It is not only grain from the field that he carries--he has also carried his master's child, and wood for the fire. He was there when the child became a man and married. And he very nearly had to carry the grandfather away forever. Luckily, someone wise beyond their years spoke up and made it possible for Doko to carry the grandfather home again instead.
As ever, Ed Young has taken a simple fable and made it into a masterpiece of stunning illustration and expert storytelling. This beautiful and unique book celebrates the generations with great originality.",2004,0.0,32,0
9780671554996.0,The mystery of the Hindu temple,Laura Lee Hope,Nepali Literature,"The Bobbsey twins travel to Nepal, where they become involved in investigating the theft of valuable Hindu temple treasures.",1985,0.0,126,0
9781621480051.0,Namaste!,Diana Cohn,Nepali Literature,"Whenever Nima meets someone on her long walk to the market village in Nepal, she brings her hands together with her fingers almost touching her chin, bows her head slightly, and says ""Namaste,"" which means ""the light in me meets the light in you."" Includes information on the geography, culture, and people of Nepal.",2009,0.0,32,0
9780316396585.0,The White Road,Sarah Lotz,Nepali Literature,"Desperate to attract subscribers to his fledgling website, ex-adrenaline junkie Simon Newman undertakes two life-risking ventures, one in the notorious Cwm Pot caves and another scaling Everest, that force him to test the limits of his morality and wits in order to survive.",2017,0.0,304,0
9780241962428.0,Above all things,Tanis Rideout,Nepali Literature,"“Above All Things” relates the gripping story of Mallory's third and final attempt to conquer Mount Everest. He wass 37 and married, with three small children.",2012,0.0,400,0
9780553378399.0,Walking to Mercury,Starhawk,Nepali Literature,"In The Fifth Sacred Thing, readers fell in love with Maya Greenwood, the 98-year-old writer who led Northern California's successful 21st century rebellion against a racist, totalitarian regime of the South. Walking to Mercury takes readers back to the 20th century and powerfully dramatizes the forces that shaped this extraordinary woman.The book opens and closes with the middle-aged Maya struggling with a profound personal and spiritual crisis. The culminating factor has been her mother's death, and now Maya embarks on a trek in the Himalayas, intending to sprinkle her mother's ashes at the base of Mt. Everest and finally lay to rest her tumultuous past. At rest stops in tiny Tibetan villages, she reads diary pages her lover Johanna has tucked into her bag—the diary Johanna kept throughout their shared youth during the Vietnam era.In vivid flashbacks to those radical days, we accompany the young Maya as she awakens to the summer of love, joins the anti-war movement, and enters into a relationship with the abusive, alcoholic Rio. She finally gathers the strength to break free and seek her own true path, which takes her from the streets of Manhattan to the mountains of Mexico. Eventually she emerges, stronger and wiser, infused with the wisdom of the earth and the spirit of the goddess. Traveling through the landscape of memories helps Maya reclaim her past and foreshadows the miraculous events readers of The Fifth Sacred Thing know her to be capable of in the future.",1998,0.0,489,0
9780393051728.0,City of ghosts,Johanna Stoberock,Nepali Literature,"""Following a whirlwind romance, Isabel Grady has moved halfway around the world to be with her new husband, Danny - formerly her best friend's lover. Far from her apartment in New York City, Isabel finds herself living at the top of an ancient, vine-covered palace. The colors of Nepal are brighter than those at home. The smells are more intense. The sounds are dizzying. The dense heat of the tropical summer gives way each afternoon torrential rains.

Overwhelmed by the strangeness of the city but mesmerized as well, Isabel thrills to her new life even as it throws her off balance."".

""Left alone in the strange city while Danny leads treks into the mountains, Isabel begins to piece together the truth about her enigmatic husband at the same time that she struggles to carve out a place and identify for herself in this new land. But when she learns that her old friend Anna, Danny's former lover, is coming to Kathmandu, suddenly it seems that her new surroundings and her buried past are conspiring to destroy the life she has created.""--BOOK JACKET.",2003,0.0,301,0
9781846865572.0,The abominable snowman,Fran Parnell,Nepali Literature,A Nepalese tale in which a lazy boy who is cast out of his home by his exasperated mother reaps rewards during an encounter with an abominable snowman.,2011,5.0,48,1
9780099415244.0,White,Rosie Thomas,Nepali Literature,372 p. ; 24 cm,2000,0.0,464,0
9781416577874.0,The Ascent,Jeff Long,Nepali Literature,"A Nepali literary work titled 'The Ascent' by Jeff Long, featuring the stories, culture and voice of Nepal.",1992,0.0,286,0
9781419700859.0,Drachen der Finsternis,Antonia Michaelis,Nepali Literature,"Niemand weiß um Nepals Thronfolger, der einst unsichtbar auf die Welt kam. Gleichwohl liegen die Geschicke des Landes einzig in Jumars Hand: Er ist es, der sich auf den Weg in die schneebedeckten Berge macht, um den Aufständischen Einhalt zu gebieten, die seinen Vater stürzen wollen. Gleichzeitig schwebt jedoch noch eine andere Bedrohung über dem Land - die Schatten ebenso schöner wie beängstigender Drachen lassen die Menschen in Städten und Dörfern zu Bronzestatuen werden. Jumars Suche nach den Drachen und den Aufständischen wird schon bald zu einer Suche nach der Wahrheit. Und Jumar ahnt, dass es nur eine Möglichkeit gibt, sein Volk zu retten. Er muss einen Weg finden, sichtbar zu werden.",2008,0.0,508,0
9780812933406.0,Death zone,Matt Dickinson,Nepali Literature,"A filmmaker describes his experiences on an Everest expedition during the storm of 1996 that claimed twelve lives, offering a personal view of the triumphs and risks of mountaineering.",1997,0.0,224,0
9780060165062.0,In a high and lonely place,Steven Voien,Nepali Literature,"A Nepali literary work titled 'In a high and lonely place' by Steven Voien, featuring the stories, culture and voice of Nepal.",1992,0.0,518,0
9781512432053.0,A dog named Haku,Margarita Engle,Nepali Literature,"It's the Festival of Lights in Nepal, and today is the day to honor dogs! Brothers Alu and Bhalu wander the streets of Kathmandu, passing by twirling kites and bamboo swings, looking for a dog to feed. But as night falls, their task begins to feel hopeless, until they spot a small black dog who is in need of a friend. This sweet story presents an important Hindu holiday through the eyes of two young boys, making it relatable for both those familiar with the holiday and those reading about it for the first time.",2018,0.0,0,0
9780553102338.0,Walking to Mercury,Starhawk,Nepali Literature,"A Nepali literary work titled 'Walking to Mercury' by Starhawk, featuring the stories, culture and voice of Nepal.",1997,0.0,489,0
9788129116291.0,Facing my phantoms,Sheeba Shivangini Shah,Nepali Literature,Fictional rendering of the most tumultuous period of Nepalese history from the 1930s till the present day.,2010,0.0,281,0
9780613585057.0,The Summit,Gordon Korman,Nepali Literature,"Quatres jeunes sont choisis pour être les plus jeunes à gravir l'Everest. L'équipe est composée des quatre adolescents et de quatre adultes qui devront affronter ensemble plusieurs difficultés au péril de leur vie. Un récit très réaliste sur le monde de l'alpinisme, ses périls et ses rivalités. [SDM].",2002,0.0,154,0
9780060756574.0,Covergirl,Maura Moynihan,Nepali Literature,"Maura Moynihan's first novel, Covergirl, blends reality and fiction in a brilliant and exciting roman a clef that draws richly from the author's own adventures as a Warhol Girl and from her many years of working with Tibetan refugees in Asia. Meet Veronica Ferris, the daughter of an imperious socialite and a kindly but absent diplomat. Fresh out of college, Veronica lands in Manhattan in pursuit of romance, disco, and rock 'n' roll — an arrival that threatens to usurp her mother's ambitious assault on New York high society. Maintaining her ""double life"" as a talented partygoer and a bearer of the esteemed Ferris family name is a high-wire act that requires far more cunning and restraint than young Veronica initially realizes. With its unforgettable heroine and wry, highly entertaining voice, Covergirl is at once a poignant coming-of-age tale, a delightful social satire, and a vibrant modern-day odyssey.",2006,0.0,272,0
9780690827316.0,To Katmandu,Arnold Dobrin,Nepali Literature,"A boy too young to climb mountains or make pilgrimages realizes he must do things ""within his power to do.""",1972,0.0,48,0
9781571974501.0,The transformation of Nepal,Quentin W. Lindsey,Nepali Literature,"A Nepali literary work titled 'The transformation of Nepal' by Quentin W. Lindsey, featuring the stories, culture and voice of Nepal.",2005,0.0,386,0
9782371190375.0,Das größere Wunder,Thomas Glavinic,Nepali Literature,"Jonas ist Tourist in einer Todeszone, er nimmt an einer Expedition zum Gipfel des Mount Everest teil. Während des qualvollen Aufstiegs hängt er seinen Erinnerungen nach. An seine wilde Kindheit, an das grausame Schicksal seines Bruders Mike, an seine endlosen Reisen nach Havanna, Tokio, Jerusalem und Oslo. Und schließlich an die magische Begegnung mit Marie, seiner großen Liebe, die sein ganzes Leben verändert. Thomas Glavinics neuer Roman ist eine Expedition ins Ungewisse - ein unvergleichliches Buch, packend und verstörend zugleich, von einer leidenschaftlichen Energie und enormen Suggestivkraft. Und ein Buch der Liebe.",2013,0.0,455,0
,Come to Shanta Bhawan!,Alice Cobb,Nepali Literature,"A Nepali literary work titled 'Come to Shanta Bhawan!' by Alice Cobb, featuring the stories, culture and voice of Nepal.",1963,0.0,142,0
9789937216586.0,Rāto ām̐su,Kanhaiya Nāsananī,Nepali Literature,On the 1990 movement for the restoration of democracy in Nepal.,2009,0.0,315,0
9789937512114.0,Khoi mero Nepāla,Mahendraprakāśa Sivākoṭī,Nepali Literature,Historical novel based on the political events in Nepal.,2009,0.0,150,0
9780823418503.0,Close Encounters of A Third-World Kind,Jennifer J. Stewart,Nepali Literature,"Twelve-year-old Annie is reluctant to travel to a village in Nepal for her father's two-month medical mission, but once there she assists at the clinic, makes friends with a local girl, and has adventures that change her life.",2004,0.0,148,0
9780006387411.0,Mammoth hunt,John Blashford-Snell; Rula Lenska,Nepali Literature,"A Nepali literary work titled 'Mammoth hunt' by John Blashford-Snell, featuring the stories, culture and voice of Nepal.",1997,0.0,264,0
9780330332965.0,Little Buddha,Gordon McGill,Nepali Literature,"A Nepali literary work titled 'Little Buddha' by Gordon McGill, featuring the stories, culture and voice of Nepal.",1994,0.0,170,0
9780971279827.0,The eye of the Buddha,James Dane,Nepali Literature,"A Nepali literary work titled 'The eye of the Buddha' by James Dane, featuring the stories, culture and voice of Nepal.",2001,0.0,208,0
,The silver chain,Dan Smolka,Nepali Literature,"A Nepali literary work titled 'The silver chain' by Dan Smolka, featuring the stories, culture and voice of Nepal.",2003,0.0,230,0
9788120816831.0,Under the painted eyes,Ferd Mahler,Nepali Literature,"A Nepali literary work titled 'Under the painted eyes' by Ferd Mahler, featuring the stories, culture and voice of Nepal.",1999,0.0,426,0
,The search =,Gitākesarī.,Nepali Literature,"A Nepali literary work titled 'The search =' by Gitākesarī., featuring the stories, culture and voice of Nepal.",1999,0.0,202,0
,Over the mountains,Mani Dixit,Nepali Literature,"A Nepali literary work titled 'Over the mountains' by Mani Dixit, featuring the stories, culture and voice of Nepal.",1995,0.0,152,0
9789994677740.0,Maoist in the house,Tom McCaughey,Nepali Literature,"A Nepali literary work titled 'Maoist in the house' by Tom McCaughey, featuring the stories, culture and voice of Nepal.",2007,0.0,180,0
9789937924528.0,Monsoon,Arne Drews,Nepali Literature,"A Nepali literary work titled 'Monsoon' by Arne Drews, featuring the stories, culture and voice of Nepal.",2018,0.0,113,0
9780993758614.0,Because,Jack A Langedijk,Nepali Literature,"""Robert had reached the summit of many mountains. His adventures took him to unimaginable heights, yet his greatest achievements were not in conquering these majestic beauties, but in his ability to reach people in need. That is, until he's the one facing the toughest climb of his life. Roberto Sanchez is living the dream; one could say the man had it all. He is blessed with a beautiful wife and daughter who complete him. A career that reaches at-risk kids that brings him true joy. Then a tragic accident leads Robert to a chasm of dark despair. Although his interventions have reached many, he found he is incapable of helping himself off the edge of a cliff, jeopardizing his career, his marriage, and himself. 'because' takes us on a journey of two Roberts as he struggles to find a way to once again believe"" --Goodreads.",2014,0.0,384,0
9781484728543.0,What elephants know,Eric Dinerstein,Nepali Literature,"In the threatened jungle of the Borderlands between Nepal and India during the 1970s, an orphaned boy discovers his fate as a great elephant driver.",2016,0.0,273,0
9780091801175.0,High Risk,Matt Dickinson,Nepali Literature,"A Nepali literary work titled 'High Risk' by Matt Dickinson, featuring the stories, culture and voice of Nepal.",1999,0.0,256,0
,The bending reed,Deepak S. Rana,Nepali Literature,"A Nepali literary work titled 'The bending reed' by Deepak S. Rana, featuring the stories, culture and voice of Nepal.",2004,0.0,152,0
9789937866699.0,Ādhā jūna,Jhalaka Suvedī,Nepali Literature,On communist movement in Nepal.,2013,0.0,276,0
9788185693620.0,The change,Rishikeshab Raj Regmi.,Nepali Literature,"A Nepali literary work titled 'The change' by Rishikeshab Raj Regmi., featuring the stories, culture and voice of Nepal.",2002,0.0,80,0
,Saṃsāra br̥tti sādhana,Mohanraj Bajracharya,Nepali Literature,Edifying Buddhist stories.,1971,0.0,190,0
,Vanditā,Pratāpanārāyaṇa Śrīvāstava,Nepali Literature,"A Nepali literary work titled 'Vanditā' by Pratāpanārāyaṇa Śrīvāstava, featuring the stories, culture and voice of Nepal.",1968,0.0,220,0
,Parivartana,"Khagendra, Ke. Sī.",Nepali Literature,Novel based on the historical facts and events of Nepal.,1994,0.0,202,0
,Māṭokā kehī bun̐dāharū,Nīravikrama Pyāsī,Nepali Literature,"A Nepali literary work titled 'Māṭokā kehī bun̐dāharū' by Nīravikrama Pyāsī, featuring the stories, culture and voice of Nepal.",1981,0.0,82,0
9789937021586.0,Krāntivīrako sapanā,Pradīpa Nepāla,Nepali Literature,"Novel based on the life of Rāmaprasāda Rāī, 1908-1951, Nepali revolutionary.",2017,0.0,119,0
9781567222166.0,Golden bee,Ann Gustafson Frake,Nepali Literature,"A Nepali literary work titled 'Golden bee' by Ann Gustafson Frake, featuring the stories, culture and voice of Nepal.",1998,0.0,246,0
9780975297629.0,Reign of the rat,Gil Smolin,Nepali Literature,"A Nepali literary work titled 'Reign of the rat' by Gil Smolin, featuring the stories, culture and voice of Nepal.",2005,0.0,300,0
9789937216586.0,Rāto ām̐su,Kanhaiya Nāsananī,Nepali Literature,"A Nepali literary work titled 'Rāto ām̐su' by Kanhaiya Nāsananī, featuring the stories, culture and voice of Nepal.",2009,0.0,315,0
,The spring revolution,Vimala Suvedī,Nepali Literature,"A Nepali literary work titled 'The spring revolution' by Vimala Suvedī, featuring the stories, culture and voice of Nepal.",2010,0.0,298,0
9780975297629.0,Reign of the rat,Gil Smolin,Nepali Literature,"A Nepali literary work titled 'Reign of the rat' by Gil Smolin, featuring the stories, culture and voice of Nepal.",2005,0.0,300,0
,Nepāleśvara,Virāja.,Nepali Literature,"A Nepali literary work titled 'Nepāleśvara' by Virāja., featuring the stories, culture and voice of Nepal.",1973,0.0,344,0
9789937905398.0,Kampa,Śāradā Śarmā,Nepali Literature,Based on 2015 earthquake of Nepal.,2016,0.0,362,0
9789937880138.0,"Caraiveti, caraiveti",Pradīpa Nepāla,Nepali Literature,On communist movement in Nepal.,2013,0.0,190,0
,Annapurna fantasy,Mani Dixit,Nepali Literature,"A Nepali literary work titled 'Annapurna fantasy' by Mani Dixit, featuring the stories, culture and voice of Nepal.",1997,0.0,117,0
9781467777858.0,Jack at the helm,Lisa Doan,Nepali Literature,"Wanting to get in touch with their spiritual sides, Jack's parents decide to move to Nepal and start a new religion, but on their way to Shangrilala they are separated so Jack sets out with their first disciple to find them, winds up at an isolated monastery, and learns some lessons about acceptance.",2015,0.0,145,0
9780679604914.0,Exiles,Cary Groner,Nepali Literature,"A Nepali literary work titled 'Exiles' by Cary Groner, featuring the stories, culture and voice of Nepal.",2011,0.0,274,0
,The spring revolution,Vimala Suvedī,Nepali Literature,"A Nepali literary work titled 'The spring revolution' by Vimala Suvedī, featuring the stories, culture and voice of Nepal.",2010,0.0,298,0
9788177692969.0,Loyals of the crown,Sheeba Shivangini Shah,Nepali Literature,"Novel based on the life of Rājendravikrama Śaha, Maharajadhiraja of Nepal, 1816-1847 and other kings and rulers.",2005,0.0,306,0
9781602860070.0,Into hot air,Chris Elliott,Nepali Literature,"Comedian Chris Elliott stumbles upon evidence that Sir Edmund Hillary had not been the first person to reach the peak of Mount Everest, when the diary of his great-uncle Percy Brackett Elliott, an eccentric adventurer, mysteriously appears on his doorstep.",2007,0.0,347,0
,Mukti,Gitākesarī.,Nepali Literature,"A Nepali literary work titled 'Mukti' by Gitākesarī., featuring the stories, culture and voice of Nepal.",1991,0.0,450,0
,Serophero,"Āsā, Esa. Pī.",Nepali Literature,Based on the political scenario of Nepal.,1994,0.0,195,0
,Banda tagāro,Shankar Koirala,Nepali Literature,Fictional account of the events of 1979 political developments in Nepal.,1992,0.0,287,0
9789937696166.0,Śikhā,Amr̥ta Bhusāla,Nepali Literature,Novel based on social condition of women.,2017,0.0,240,0
,Nepālamā 104 barshabhitra,Ke. Sī Khagendra,Nepali Literature,"A Nepali literary work titled 'Nepālamā 104 barshabhitra' by Ke. Sī Khagendra, featuring the stories, culture and voice of Nepal.",2004,0.0,148,0
9783905517248.0,Die Sherpani,Bernhard Müller,Nepali Literature,"A Nepali literary work titled 'Die Sherpani' by Bernhard Müller, featuring the stories, culture and voice of Nepal.",1991,0.0,266,0
9789937910408.0,Śukrarāja Śāstrīko casmā,Rājendra Parājulī,Nepali Literature,Collection of stories based on current political situation of Nepal.,2016,0.0,177,0
9789937910460.0,Tapana,Śarada Pauḍela,Nepali Literature,Novel based on social status of dalits in Nepal.,2016,0.0,419,0
9780152024178.0,Peak,Roland Smith,Nepali Literature,A fourteen-year-old boy attempts to be the youngest person to reach the top of Mount Everest.,2007,0.0,246,0
9780060594237.0,Dark places,Jon Evans,Nepali Literature,"Paul Wood is a modern vagabond, a man who chooses to leave the comforts of San Francisco to spend months backpacking through some of the world's most challenging terrain. While hiking in the Himalayas, Paul gets more of a rush than he bargained for when he finds the body of a murdered hiker - mutilated in a way he has witnessed once before, in Africa, years ago and thousands of miles away.

The police in Nepal, anxious to quell a scandal, close the case and declare the victim a suicide. Only Paul is left to search for answers. He reaches out to his farflung tribe of fellow backpackers for help, and his discoveries lead him to a terrible conclusion: a killer is stalking the international backpacker trail, preying on victims in wild places far beyond the reach of any authorities. A killer whom Paul may already know.

Finding the murderer becomes an obsession that leads Paul from Himalayan peaks, through the jungles of Indonesia, across the bleak Sahara desert -- and into some of the darkest places imaginable...",2004,0.0,326,0
9789937918398.0,Dr̥shṭibhrama,Kamala Rijāla,Nepali Literature,"Novel based on witchcraft (Boksi pratha) in Nepal, a type of traditional violence against women.",2017,0.0,247,0
9789810989569.0,Ganga Jamuna,Sunita Lad Bhamray,Nepali Literature,"A Nepali literary work titled 'Ganga Jamuna' by Sunita Lad Bhamray, featuring the stories, culture and voice of Nepal.",2016,0.0,151,0
9789937323048.0,Harita bhūmi,Candrakānta Ācārya,Nepali Literature,Novel based on race discrimination and other social problems of Nepal.,2015,0.0,140,0
9780934678544.0,The Kali connection,Claudia McKay,Nepali Literature,"A Nepali literary work titled 'The Kali connection' by Claudia McKay, featuring the stories, culture and voice of Nepal.",1994,0.0,187,0
9789937023696.0,Sāraṅgī,भुवनहरि सिग्देल,Nepali Literature,"Novel based on the life of Gandharva, community of folk musicians and dancers of Nepal.",2016,0.0,256,0
9789937323482.0,Golden dreams and the narrow lane,Hari Khanāla,Nepali Literature,"A Nepali literary work titled 'Golden dreams and the narrow lane' by Hari Khanāla, featuring the stories, culture and voice of Nepal.",2017,0.0,256,0
9781567221985.0,The emerald elephant,Ann Gustafson Frake,Nepali Literature,"A Nepali literary work titled 'The emerald elephant' by Ann Gustafson Frake, featuring the stories, culture and voice of Nepal.",1997,0.0,215,0
9789385285493.0,Kathmandu days,Chandra K. Bhatt,Nepali Literature,"A Nepali literary work titled 'Kathmandu days' by Chandra K. Bhatt, featuring the stories, culture and voice of Nepal.",2016,0.0,194,0
9789937708036.0,Jayavardhana Salaheśa,Munā Caudharī,Nepali Literature,"Novel based on the life and times of Jayavardhana Salaheśa, active 5th century-6th century, king of Mithila, India and Nepal.",2017,0.0,322,0
9780425141571.0,Little Buddha,Gordon McGill,Nepali Literature,"A Nepali literary work titled 'Little Buddha' by Gordon McGill, featuring the stories, culture and voice of Nepal.",1994,0.0,198,0
9780889950832.0,The rules of partial existence,Judy Millar,Nepali Literature,"A Nepali literary work titled 'The rules of partial existence' by Judy Millar, featuring the stories, culture and voice of Nepal.",1992,0.0,191,0
9783905517644.0,Das Tal von Dhor Patan,Bernhard Müller,Nepali Literature,"A Nepali literary work titled 'Das Tal von Dhor Patan' by Bernhard Müller, featuring the stories, culture and voice of Nepal.",1993,0.0,325,0
,Chittadhar ʼHridaya's Nepal bhasa short stories,Chitta Dhar Hridaya,Nepali Literature,"A Nepali literary work titled 'Chittadhar ʼHridaya's Nepal bhasa short stories' by Chitta Dhar Hridaya, featuring the stories, culture and voice of Nepal.",1977,0.0,90,0
9780307388063.0,In the land of no right angles,Daphne Beal,Nepali Literature,"Alex , a twenty-year-old American student, is spending the year in Nepal, backpacking and photographing. As a favor to Will -- her American friend -- she uses one of her Himalayan treks to seek out Maya, a young Nepali woman desperate to flee her traditional family to find work in Kathmandu. But helping Maya has unforeseen implications. Soon Alex is embroiled in a strange triangle with Maya and Will, where the lines between friendship, love, and lust grow more tangled every day. Over the course of the next eight years, Alex returns to Nepal: first to visit and to photograph, then in an attempt to help the troubled Maya. Moving between Kathmandu, New York, and the grim houses of prostitution along Falkland Road in Bombay, Alex begins to understand the pitfalls of trying to be both adventurer and savior in an unfamiliar world.  In the Land of No Right Angles introduces the fiction of Daphne Beal, whose evocations of life in Nepal, and of the universal conflicts inherent to love and friendship, mark the arrival of a stunningly talented, intuitive writer.From the Trade Paperback edition.",2008,0.0,278,0
9789937689403.0,Ranamaya,Indirā Prasāīṃ,Nepali Literature,"A Nepali literary work titled 'Ranamaya' by Indirā Prasāīṃ, featuring the stories, culture and voice of Nepal.",2017,0.0,80,0
9789937692021.0,Raṇabherī,Yogalāla Gautama,Nepali Literature,Based on political events of Nepal in 2005.,2016,0.0,296,0
9789381435359.0,Phirojī ān̐dhiyām̐,Husna Tabssuma Nihāṃ,Nepali Literature,"Novel based on social and political condition of Narainapur, Nepal.",2018,0.0,112,0
9784488027513.0,Ō to sākasu,Honobu Yonezawa,Nepali Literature,"A Nepali literary work titled 'Ō to sākasu' by Honobu Yonezawa, featuring the stories, culture and voice of Nepal.",2015,0.0,413,0
9789937924504.0,Himalaya gold,Arne Drews,Nepali Literature,"A Nepali literary work titled 'Himalaya gold' by Arne Drews, featuring the stories, culture and voice of Nepal.",2018,0.0,128,0
9780888994806.0,Himalaya,Tenzing Norbu,Nepali Literature,"A Nepali literary work titled 'Himalaya' by Tenzing Norbu, featuring the stories, culture and voice of Nepal.",2002,0.0,34,0
9780451231130.0,The Wishing Trees,John Shors,Nepali Literature,"Almost a year after the death of his wife, former high-tech executive Ian finds a letter that will change his life. It contains Kate's final wish—a plea for him to take their ten-year-old daughter, Mattie, on a trip across Asia, through the countries they had planned to visit to celebrate their fifteenth anniversary.

To honor the woman they loved, Ian and Mattie embark on an epic journey that retraces the early days of Ian’s relationship with Kate. Along the way, Ian and Mattie leave paper “wishes” in ancient trees as symbols of their connection to Kate and their dreams for the future. Through incredible landscapes and inspiring people, Ian and Mattie are greeted with miracles large and small. And as they celebrate what Kate meant to them, they begin to find their way back to each other, discovering that healing is possible and love endures—lessons that Kate hoped to show them all along...",2010,0.0,338,0
9789937331180.0,Kasura,Umālāla Ācārya,Nepali Literature,Collection of stories based on Maoist movement in Nepal.,2016,0.0,119,0
9789937890021.0,Rāta phuleko yāma,Dīpaśikhā,Nepali Literature,Novel on Maoist war.,2014,0.0,288,0
9789937000000.0,Hāmī kina gariba chaum̐,Rāju Khatrī,Nepali Literature,Collection of articles on socioeconomic conditions of Nepal.,2010,0.0,200,0
9788496154483.0,"Himalaya, el nacimiento de un líder",Stephane Frattini,Nepali Literature,"Young Tséring waits impatiently for the annual salt caravan to return to his remote village in the Himalays, but when the caravan returns Tséring learns his father has been killed and his life will be forever changed.",2000,0.0,36,0
,Le-nashim bi-Yerushalayim en galgiliyot,Shelomi Śaśon,Nepali Literature,<->,2018,0.0,230,0
9780981770284.0,Everest is hollow,Indigo Jones,Nepali Literature,"A Nepali literary work titled 'Everest is hollow' by Indigo Jones, featuring the stories, culture and voice of Nepal.",2008,0.0,342,0
9781847677402.0,Kingdoms of experience,Andrew Greig,Nepali Literature,"A Nepali literary work titled 'Kingdoms of experience' by Andrew Greig, featuring the stories, culture and voice of Nepal.",1986,0.0,256,0
9788498294057.0,Everest porque está ahí,Ion Berastegi,Nepali Literature,"A Nepali literary work titled 'Everest porque está ahí' by Ion Berastegi, featuring the stories, culture and voice of Nepal.",2017,0.0,160,0
9781600400032.0,Tigers in Terai,Amanda Lumry,Nepali Literature,"A Nepali literary work titled 'Tigers in Terai' by Amanda Lumry, featuring the stories, culture and voice of Nepal.",2007,0.0,0,0
9789971102821.0,Three golden treasures and other stories,Opal Dunn,Nepali Literature,"A Nepali literary work titled 'Three golden treasures and other stories' by Opal Dunn, featuring the stories, culture and voice of Nepal.",1983,0.0,58,0
9788970127552.0,Kasŭm sok e pʻin edelbaisŭ,Yŏng-chʻŏl Sin,Nepali Literature,"A Nepali literary work titled 'Kasŭm sok e pʻin edelbaisŭ' by Yŏng-chʻŏl Sin, featuring the stories, culture and voice of Nepal.",2006,0.0,351,0
9781472226136.0,The Himalayan summer,T. Louise Brown,Nepali Literature,"Ellie Jeffreys arrives in Darjeeling with her British husband, en route to Kathmandu. They have ten-month-old, golden-haired twins, and despite appearing to be a happy family, Ellie's relationship with the overbearing, philandering Francis is disintegrating. At a cocktail party, Ellie meets Hugh Douglas, a maverick explorer and botanist. Despite the rumours surrounding Hugh, Ellie is drawn to him. A year later, Nepal is devastated by a catastrophic earthquake and in a falling building, Ellie is forced to make an instant, and terrible, decision: she has time to save only one of her children. When she returns for her son's body the next day, it has gone.",2017,0.0,343,0
9780756615277.0,Reaching the Summit,Alexa Johnston,Nepali Literature,"Tells the story of Sir Edmund Hillary, from his early days growing up in the Waikato, to his climbing expeditions and the ascent on Mt Everest, to his trek to the South Pole. Suggested level: primary, intermediate, junior secondary.",2005,0.0,203,0
9786082598178.0,Tuǵo Telo,Vladimir Plavevski,Nepali Literature,"A Nepali literary work titled 'Tuǵo Telo' by Vladimir Plavevski, featuring the stories, culture and voice of Nepal.",2020,0.0,59,0
9781901176667.0,Buaic,Dermot Somers,Nepali Literature,"A Nepali literary work titled 'Buaic' by Dermot Somers, featuring the stories, culture and voice of Nepal.",2006,0.0,164,0
9780316057530.0,Iced!,Bill H. Doyle,Nepali Literature,"A Nepali literary work titled 'Iced!' by Bill H. Doyle, featuring the stories, culture and voice of Nepal.",2006,0.0,0,0
9782221092187.0,White,Rosie Thomas,Nepali Literature,"A Nepali literary work titled 'White' by Rosie Thomas, featuring the stories, culture and voice of Nepal.",2000,0.0,355,0
9788971847671.0,Chʻollachʻe,Pŏm-sin Pak,Nepali Literature,"A Nepali literary work titled 'Chʻollachʻe' by Pŏm-sin Pak, featuring the stories, culture and voice of Nepal.",2008,0.0,363,0
9780316057530.0,Iced!,Bill Doyle,Nepali Literature,"A Nepali literary work titled 'Iced!' by Bill Doyle, featuring the stories, culture and voice of Nepal.",2006,0.0,144,0
,Everest,Bill H. Doyle,Nepali Literature,"A Nepali literary work titled 'Everest' by Bill H. Doyle, featuring the stories, culture and voice of Nepal.",2011,0.0,0,0
9780889626331.0,A deathful ridge,Andy Wainwright,Nepali Literature,"A Nepali literary work titled 'A deathful ridge' by Andy Wainwright, featuring the stories, culture and voice of Nepal.",1997,0.0,138,0
9789384767150.0,Nāgārjuna ke upanyāsoṃ meṃ Mithilāñcala,Sulakshamī Kumārī,Nepali Literature,"Depiction of Mithila region of Bihar, India in the novels of Nāgārjuna, 1911-1998, Hindi author; a study.",2015,0.0,212,0
9789863421405.0,Ximalaya qiu sheng ji,Chae-ch'ŏl Hong,Nepali Literature,"A Nepali literary work titled 'Ximalaya qiu sheng ji' by Chae-ch'ŏl Hong, featuring the stories, culture and voice of Nepal.",2014,0.0,0,0
9788498292350.0,Huida al Tíbet,Endika Urtaran,Nepali Literature,"A Nepali literary work titled 'Huida al Tíbet' by Endika Urtaran, featuring the stories, culture and voice of Nepal.",2011,0.0,302,0
9781606927359.0,Human ontology narratives,Rakesh Biswas,Nepali Literature,"The author creates a fictional conceptual model of a human that is visualized in physical form analogous to a notebook computer that hides an infinite backend process of cognition representing the human mind driven by its consciousness. 
This particular backend entity is labeled 'con' (shortened from a consciousness that is universal to all humans and other sentient life also sometimes represented simply as being) and is fictionally endowed with powers that enable it to run on multiple notebook computers (analogous or metaphorically morphologically indistinguishable from humans). 
The biggest problem with this book is its length and the usage of concepts such as ontology that acts as a barrier for an average medical reader. However this is also a strength, as it prompts the medical reader to reflect on the ontologies that impact on everyday practice. The refusal to accept a dualistic mind body perspective requires the reader to make an effort to comprehend the non linear and even sometimes chaotic intrusions about mind and body in the narrative sequences in the book. Of course this is a major purpose of the book, to simulate the realism, the almost magical realism of everyday medical care and medical lives, if we open our minds and our hearts. 
Once you open up your consciousness to the earthy poetic narratives, you become involved and entranced. There is even a graphic chapter which is highly recommended as a first read even before you read the first chapter. 
'The Conscious Notebook' which weaves around the lives of two medical students representing two generations promises to touch our medical souls and bodies. On a first read it seems to have kept its promise (although a few more reads maybe necessary to grasp the entire significance of its portrayal of mind body duality and breaching that duality). It asks the reader to comprehend the multiple layers of reality and consciousness that interweave in our complex medical worlds, which influence our practice. This book should be read alongside medical journals in journal clubs and by medical students, as well as reflective practitioners. 


http://www.annalsofneurosciences.org/journal/index.php/annal/article/view/61/53",2009,0.0,0,0
9781929049066.0,Life,Robert and Robert Andreas Sullivan,Nepali Literature,"Stories of amazing accomplishments of such adventurers as Perry, Cousteau and Lingbergh and many others.",2000,0.0,176,0
,World Without A Roof,Hassoldt Davis,Nepali Literature,***Hassoldt Davis (1907–1959) biography. Davis was an adventurer and travel writer whose work Ernest Hemingway once described as “fantastic … magnificent.”***,1957,0.0,436,0
9785437001455.0,Pik,Roland Smith,Nepali Literature,"A Nepali literary work titled 'Pik' by Roland Smith, featuring the stories, culture and voice of Nepal.",2016,0.0,274,0
9780679938859.0,To the top!,Sydelle Kramer,Nepali Literature,Describes how Edmund Hillary and Tenzing Norkey became the first human beings to reach the top of the world by climbing Mount Everest.,1993,0.0,47,0
,The Indian Antiquary,James Burgess; Richard Carnac Temple; John Faithful Fleet; Royal Anthropological Institute of Great Britain and Ireland.; Stephen Meredyth Edwardes; Charles Evelyn Arbuthnot William Oldham,Nepali Literature,"A Nepali literary work titled 'The Indian Antiquary' by James Burgess, featuring the stories, culture and voice of Nepal.",1893,0.0,438,0
9780516026428.0,Nepal,Ann Heinrichs,Nepali Literature,"Describes the geography, history, culture, industry, and people of the Asian mountain kingdom of Nepal.",1996,0.0,128,0
9781626170698.0,Nepal,Lisa Owings,Nepali Literature,"""Developed by literacy experts for students in grades three through seven, this book introduces young readers to the geography and culture of Nepal""--",2014,0.0,32,0
9780789461100.0,Everest (Discoveries),Richard Platt,Nepali Literature,"Traces humanity's fascination with mountains and mountaineering, focusing specificially on historic expeditions to Mount Everest.",2000,0.0,48,0
,Gurkhas and ghosts,Luree Miller,Nepali Literature,This story set in Nepal reflects the culture and customs of the country while relating the travels of a boy who wants to become a soldier.,1964,0.0,120,0
9780789473950.0,Everest,Rebecca Stephens,Nepali Literature,From the greatest record-breaking heights to hidden peaks beneath the sea Eyewitness Everest is an original and exciting new guide to the enthralling challenges of life and death on the world's greatest mountain ranges. Written by Rebecca Stephens MBE the first British woman to climb Everest this absorbing account contains everythng you ever wanted to know about mountains from how they were originally formed to mountain peoples flowers and animals and the dangers of mountain rescue.Containing fascinating sections on ancient mountain peoples such as the Inca Empire of South America and twentieth century heroes such as Hillary and Tenzing Everest also examines the technique of surviving the treacherous climate and the increasing popularity of mountain sports.,2001,0.0,62,0
9781848985988.0,Hinduism,Holly Wallace,Nepali Literature,"Find out all about the faith of Hinduism through the eyes of Babu, a young Hindu from Nepal. In her own words, Babu talks about her beliefs, her family, her everyday life, the rituals and traditions that are important to her, and about the festivals and special days that are celebrated by Hindus around the world.",2006,0.0,30,0
9781560026495.0,Nepal,Maryan Hurtt,Nepali Literature,"A Nepali literary work titled 'Nepal' by Maryan Hurtt, featuring the stories, culture and voice of Nepal.",1997,0.0,74,0
,Boy of Nepal,Peter Larsen,Nepali Literature,"Describes the everyday life and holiday activities of a young boy from Kathmandu, capital of Nepal.",1970,0.0,65,0
,Boy of Nepal,Peter Larsen,Nepali Literature,"Describes the everyday life and holiday activities of a young boy from Kathmandu, capital of Nepal.",1970,0.0,59,0
9781550549348.0,Young Adventurer's Guide to Everest,Jonathan Chester,Nepali Literature,"In an alphabetical format, presents information about mountaineering, with particular emphasis on climbing Mount Everest.",2002,0.0,46,0
9780791096727.0,Nepal,Krishna P. Bhattarai,Nepali Literature,"A Nepali literary work titled 'Nepal' by Krishna P. Bhattarai, featuring the stories, culture and voice of Nepal.",2008,0.0,0,0
,Maithilī gadya saṅgraha,Unknown,Nepali Literature,Collection of Maithili literature from Nepal.,2000,0.0,83,0
,Itihāsa,B. D. Dangol,Nepali Literature,"A Nepali literary work titled 'Itihāsa' by B. D. Dangol, featuring the stories, culture and voice of Nepal.",1986,0.0,0,0
9781410306845.0,Dentro de Nepal salvaje,Elaine Pascoe,Nepali Literature,"A Nepali literary work titled 'Dentro de Nepal salvaje' by Elaine Pascoe, featuring the stories, culture and voice of Nepal.",2005,0.0,48,0
9784834010824.0,Punku maincha,Yūzō Ōtsuka,Nepali Literature,"A Nepali literary work titled 'Punku maincha' by Yūzō Ōtsuka, featuring the stories, culture and voice of Nepal.",1992,0.0,27,0
,Pani Prasad ventures to raise climate change awareness,WWF Nepal Program,Nepali Literature,"A Nepali literary work titled 'Pani Prasad ventures to raise climate change awareness' by WWF Nepal Program, featuring the stories, culture and voice of Nepal.",2010,0.0,64,0
9789937589000.0,Nepālakā Hindī sāhityakāra ra tinakā kr̥ti,Gopāla Aśka,Nepali Literature,Study on Hindi literature from Nepal.,2012,0.0,174,0
9789937320771.0,Nepālakā Maithilī sāhityaka itihāsa,Praphullakumāra Siṃha Mauna,Nepali Literature,History of Maithili literature from Nepal.,2011,0.0,132,0
,Nepālamā rājaparamparā ra sāhityika rūparekhā,Ṭīkārāma Śarmā Khanāla,Nepali Literature,"A Nepali literary work titled 'Nepālamā rājaparamparā ra sāhityika rūparekhā' by Ṭīkārāma Śarmā Khanāla, featuring the stories, culture and voice of Nepal.",1982,0.0,318,0
,Śrī 5 Pr̥thvīnārāyaṇa Śāhakālika Saṃskr̥ta sāhitya,Śeṣarājaśāstrī Regmī,Nepali Literature,"Study of the Sanskrit literature of Nepal during the reign of Prthvi Narayan Shaha Deva, Maharajadhiraja of Nepal, 1772-1774.",1992,0.0,364,0
,Nepālaka Maithilī sāhityaka itihāsa,Prafulla Kumar Singh,Nepali Literature,"A Nepali literary work titled 'Nepālaka Maithilī sāhityaka itihāsa' by Prafulla Kumar Singh, featuring the stories, culture and voice of Nepal.",1972,0.0,99,0
,Śrī 5 Pr̥thvīnārāyaṇa Śāhakālika Saṃskr̥ta sāhitya,Śeṣarājaśāstrī Regmī,Nepali Literature,"A Nepali literary work titled 'Śrī 5 Pr̥thvīnārāyaṇa Śāhakālika Saṃskr̥ta sāhitya' by Śeṣarājaśāstrī Regmī, featuring the stories, culture and voice of Nepal.",1992,0.0,364,0
,A microfilm catalogue of the Buddhist manuscripts in Nepal,Hidenobu Takaoka,Nepali Literature,"A Nepali literary work titled 'A microfilm catalogue of the Buddhist manuscripts in Nepal' by Hidenobu Takaoka, featuring the stories, culture and voice of Nepal.",1981,0.0,0,0
9781562395490.0,Nepal,Connie Bickman,Nepali Literature,"Looks at how people, especially children, live in Nepal.",1996,0.0,32,0
9780531105573.0,Take a trip to Nepal,Keith Lye,Nepali Literature,Text and photographs introduce the kingdom in south-central Asia.,1988,0.0,32,0
9780382090073.0,Tsiza and the caravans,Christine de Cherisey,Nepali Literature,Text and photographs bring to life the activities of a Nepalese village boy.,1985,0.0,47,0
9780910146982.0,High mountain challenge,Linda Buchanan Allen,Nepali Literature,"Chronicles an expedition the author made to Island Peak in Nepal and outlines the skills, equipment, and techniques used in mountain climbing.",1989,0.0,204,0
9789937689229.0,Avadhi loka sāhitya,Vikrama Maṇi Tripāṭhī,Nepali Literature,Study on the Awadhi folk literature of Nepal.,2016,0.0,304,0
9789511084556.0,Himalajan lapset,"Pitkänen, Matti A.",Nepali Literature,"An introduction to the history, geography, and people of Nepal with emphasis on the day-to-day life of the children.",1990,0.0,0,0
,The children of Nepal,"Pitkänen, Matti A.",Nepali Literature,"An introduction to the history, geography, and people of Nepal with emphasis on the day-to-day life of the children.",1990,0.0,48,0
9788183900737.0,Nepālī Saṃskr̥ta abhilekhoṃ meṃ sāhitya =,Kr̥shṇadeva Agravāla,Nepali Literature,Study on literature in Sanskrit inscriptions from Nepal.,2010,0.0,194,0
9788183900737.0,Nepālī Saṃskr̥ta abhilekhoṃ meṃ sāhitya =,Kr̥shṇadeva Agravāla,Nepali Literature,"A Nepali literary work titled 'Nepālī Saṃskr̥ta abhilekhoṃ meṃ sāhitya =' by Kr̥shṇadeva Agravāla, featuring the stories, culture and voice of Nepal.",2010,0.0,194,0
,Classical Newari literature,Kamal P. Malla,Nepali Literature,"A Nepali literary work titled 'Classical Newari literature' by Kamal P. Malla, featuring the stories, culture and voice of Nepal.",1981,0.0,81,0
,In search of the abominable snowman,Ralph Herrmanns,Nepali Literature,A timid Nepalese boy plans to gain courage by searching for the Abominable Snowman in the Himalayan Mountains. Illustrated with color photographs.,1970,0.0,36,0
,Farewell to firearms,Anjana Shakya,Nepali Literature,"A Nepali literary work titled 'Farewell to firearms' by Anjana Shakya, featuring the stories, culture and voice of Nepal.",2005,0.0,50,0
9780439086509.0,Within reach,Mark Pfetzer,Nepali Literature,"A Nepali literary work titled 'Within reach' by Mark Pfetzer, featuring the stories, culture and voice of Nepal.",1998,0.0,224,0
,Relevance of Sanskrit in the contemporary World,"Indo-Nepal Sanskrit Conference (2000 Tirupati, India)",Nepali Literature,"Contributed articles presented at Indo-Nepal Conference at Tirupati from December 14-16, 2000, organised by Rāṣṭrīyasaṃskr̥tavidyāpīṭhaṃ Tirupati in collaboration with Mahendra-Saṃskr̥ta-Viśvavidyālaya, Nepal.",2001,0.0,152,0
,Bajji ra Bajjikā,Śītala Girī,Nepali Literature,Study on folk literature of Bajjika language.,2013,0.0,168,0
9782713208256.0,L'Espace du temple,Marie-Claude Porcher,Nepali Literature,"A Nepali literary work titled 'L'Espace du temple' by Marie-Claude Porcher, featuring the stories, culture and voice of Nepal.",1983,0.0,320,0
9780817215736.0,Perilous journey to the top,Alida M. Thacher,Nepali Literature,"A team of women brave frostbite, altitude sickness, waist-deep snow, and avalanches to climb Annapurna, 11th highest peak in the world.",1980,0.0,47,0
9780585427782.0,Popular Buddhist texts from Nepal,Todd Thornton Lewis,Nepali Literature,"A Nepali literary work titled 'Popular Buddhist texts from Nepal' by Todd Thornton Lewis, featuring the stories, culture and voice of Nepal.",2000,0.0,236,0
,To the top of the world,Mark Sufrin,Nepali Literature,"A Nepali literary work titled 'To the top of the world' by Mark Sufrin, featuring the stories, culture and voice of Nepal.",1966,0.0,98,0
,Bhojapurī gadya sāhitya,Mukunda Ācārya,Nepali Literature,Study of Bhojpuri prose literature from India and Nepal.,1996,0.0,141,0
9780875185347.0,Hillary and Tenzing climb Everest,Bob Davidson,Nepali Literature,Describes the first successful climb to the top of Mount Everest and the many failed attempts made prior to the 1953 triumph.,1993,0.0,32,0
9780740643002.0,The High life,Julia Wall,Nepali Literature,"The Himalayan mountains stretch across Nepal, and many of the world's highest peaks, including Mt. Everest, lie within Nepal's borders. How do animals and people survive on Nepal's steep, high slopes?",2005,0.0,24,0
,Buddhist texts from Kashgar and Nepal,I. P. Minaev,Nepali Literature,"A Nepali literary work titled 'Buddhist texts from Kashgar and Nepal' by I. P. Minaev, featuring the stories, culture and voice of Nepal.",1983,0.0,267,0
9788185763484.0,Varṇaratnākarame citrita pūrvamadhyayugīna sāṃskr̥tika Bhārata,Bhuvaneśvara Prasāda Gurumaitā,Nepali Literature,"Cultural history of Mithila, India and Nepal, as depicted in Varṇaratnākara, work by Jyotirīśvara,14th century, Maithili poet; a study.",2007,0.0,268,0
9780615482910.0,Reaching beyond the clouds,Cindy L. Abbott,Nepali Literature,"A Nepali literary work titled 'Reaching beyond the clouds' by Cindy L. Abbott, featuring the stories, culture and voice of Nepal.",2011,0.0,247,0
9780585254050.0,"Language planning in Nepal, Taiwan, and Sweden",Richard B. Baldauf; Robert B. Kaplan,Nepali Literature,"A Nepali literary work titled 'Language planning in Nepal, Taiwan, and Sweden' by Richard B. Baldauf, featuring the stories, culture and voice of Nepal.",2000,0.0,203,0
9780516030524.0,Edmund Hillary,Timothy R. Gaffney,Nepali Literature,"A biography of Edmund Hillary, whose love of snow, mountains, and the outdoor life culminated in his conquering the highest peak in the world.",1990,0.0,128,0
9783702656003.0,Die kleinen Teppichknüpfer,Elfriede Becker,Nepali Literature,"A Nepali literary work titled 'Die kleinen Teppichknüpfer' by Elfriede Becker, featuring the stories, culture and voice of Nepal.",1987,0.0,144,0
9788170816904.0,Mithilā meṃ Veda aura Vedāṅga,Udayanātha Jhā,Nepali Literature,"Study of Vedic literature and phonetics from Mithila, India.",2013,0.0,275,0
9780531183199.0,The conquest of Everest,Mike Rosen,Nepali Literature,Surveys the various attempts to climb Mount Everest and gives a detailed account of the successful climb made by Hillary and Tenzing.,1989,0.0,32,0
9788188808539.0,Mithilā kī lokagāthāem̐,Pushpama Nārāyaṇa,Nepali Literature,"Study on music in the folktales of Mithila, India.",2010,0.0,170,0
9781445105925.0,Mount Everest,Valerie Bodden,Nepali Literature,"""An introduction to Mount Everest, including the snowy forests that surround it, the creatures that live near it, and how people have affected its high-altitude environment""--Provided by publisher.",2011,0.0,24,0
9781624690136.0,Mount Everest,Bonnie Hinman,Nepali Literature,"A Nepali literary work titled 'Mount Everest' by Bonnie Hinman, featuring the stories, culture and voice of Nepal.",2013,0.0,47,0
9789937014731.0,Socio-economic condition of ancient Kapilavastu (Tilaurakot) on the basis of Pali Buddhist texts,Shankar Lal Chaudhary,Nepali Literature,"A Nepali literary work titled 'Socio-economic condition of ancient Kapilavastu (Tilaurakot) on the basis of Pali Buddhist texts' by Shankar Lal Chaudhary, featuring the stories, culture and voice of Nepal.",2016,0.0,358,0
,Indian Subcontinent,S. C. R. Weightman,Nepali Literature,"""A literary guidebook containing over 200 extracts from novels, poems, travel writing, and short stories.""",1996,0.0,414,0
9780871912190.0,Hillary and Tenzing,Julian May,Nepali Literature,Briefly traces the lives of the two men who were brought together by their desire to conquer Mount Everest.,1973,0.0,37,0
,The folklore of Buxar,Amir Hasan,Nepali Literature,Ethnological study of the Buxa people of the Tarai region of Uttar Pradesh.,1978,0.0,202,0
9780737713732.0,The highest mountain,Kris Hirschmann,Nepali Literature,"Describes the geography, climate, animals and plants, measurement, exploration, and ecology of Mount Everest.",2003,0.0,48,0
,Glimpses of Mithila & Maithili,"Grierson, George Abraham Sir",Nepali Literature,"A Nepali literary work titled 'Glimpses of Mithila & Maithili' by Grierson, George Abraham Sir, featuring the stories, culture and voice of Nepal.",2013,0.0,221,0
9780439261678.0,Mystery on Everest,Audrey Salkeld,Nepali Literature,"Discusses the life of British mountain climber, George Mallory, the discovery of his body seventy-five years after his death, and the debate over whether Mallory was the first person to reach the top of Mount Everest.",2000,0.0,64,0
9781403497550.0,Hillary and Norgay's Mount Everest adventure,Jim Kerr,Nepali Literature,"A Nepali literary work titled 'Hillary and Norgay's Mount Everest adventure' by Jim Kerr, featuring the stories, culture and voice of Nepal.",2008,0.0,48,0
9780740637773.0,WorldScapes,May Nelson,Nepali Literature,"A Nepali literary work titled 'WorldScapes' by May Nelson, featuring the stories, culture and voice of Nepal.",2005,0.0,24,0
9788126051151.0,Mithilāka lokakathā sañcaya,Yogānanda Jhā,Nepali Literature,"A Nepali literary work titled 'Mithilāka lokakathā sañcaya' by Yogānanda Jhā, featuring the stories, culture and voice of Nepal.",2017,0.0,410,0
9781403497550.0,Hillary and Norgay's Mount Everest adventure,James Kerr,Nepali Literature,"A Nepali literary work titled 'Hillary and Norgay's Mount Everest adventure' by James Kerr, featuring the stories, culture and voice of Nepal.",2007,0.0,48,0
,"Everest, where the snow never melts",H. P. S. Ahluwalia,Nepali Literature,"A Nepali literary work titled 'Everest, where the snow never melts' by H. P. S. Ahluwalia, featuring the stories, culture and voice of Nepal.",1987,0.0,72,0
,Kangchendzonga,Pema Wangchuk,Nepali Literature,"A Nepali literary work titled 'Kangchendzonga' by Pema Wangchuk, featuring the stories, culture and voice of Nepal.",2007,0.0,372,0
9788185763675.0,Mithilā-Maithilī,Vijay Kumar Thakur,Nepali Literature,On the history of Mithila and Maithili literature.,2016,0.0,168,0
9780765252678.0,Climbing Everest,Susan McCloskey,Nepali Literature,"Tells the stories of people who risked everything to be among the first to conquer Mount Everest, the highest mountain on Earth.",2005,0.0,32,0
,Maithilī lokasāhitya evaṃ lokasaṃskr̥ti,India) Vidyāpati-Smr̥ti-Parva Samāroha (60th 2013 Patna,Nepali Literature,"Transcript of papers presented at the 60th seminar ""Vidyāpati Smr̥tiparva Samāroha"" on Maithili folk literature and culture held in Patna in 2013.",2014,0.0,160,0
9781860079870.0,Climb Everest,Hilary Koll,Nepali Literature,"A Nepali literary work titled 'Climb Everest' by Hilary Koll, featuring the stories, culture and voice of Nepal.",2006,0.0,31,0
9788126049295.0,Maithilī dalita lokagāthā o saṃskr̥ti,India) 'Mithilāñcalaka Dalita Samāja me Lākagāthā' (Seminar) (2009 Bhagalpur,Nepali Literature,"Transcript of papers on Maithili dalits folk literature, presented at a Seminar titled 'Mithilāñcalaka Dalita Samāja me Lākagāthā' organised by Sahitya Akademi and Deptt. of Maithili, Marwari College, Bhagalpur, during 1-2 March 2009.",2015,0.0,296,0
9787020145652.0,珠穆朗玛的眸子,Fengshou,Nepali Literature,"A Nepali literary work titled '珠穆朗玛的眸子' by Fengshou, featuring the stories, culture and voice of Nepal.",2018,0.0,405,0
9781869790127.0,High-tech legs on Everest,Mark Inglis,Nepali Literature,"A Nepali literary work titled 'High-tech legs on Everest' by Mark Inglis, featuring the stories, culture and voice of Nepal.",2008,0.0,144,0
,The Girl Beneath The Ice,Unknown,Nepali Literature,"She was buried beneath Everest.\
The world believed she was dead.

But the mountain had other plans.

Ariana Hale came to Everest to conquer the impossible. Instead, the mountain claimed her.

Lost in a devastating avalanche, she disappears beneath the ice—declared dead.

Years later, a shepherd and his loyal dog uncover something impossible:

A woman is discovered deep beneath a glacier—encased in ice, preserved against all logic, and somehow still alive.

But she is not found by humans first.",2026,0.0,0,0
9780618649648.0,On top of the world,Dixie Lee Petrokis,Nepali Literature,"A Nepali literary work titled 'On top of the world' by Dixie Lee Petrokis, featuring the stories, culture and voice of Nepal.",2006,0.0,15,0
,Nadiyām̐ gātī haiṃ,Omaprakāśa Bhāratī,Nepali Literature,"Study of selected songs on the River Kosi, India and Nepal; includes text with prose translation into Hindi.",2002,0.0,192,0
9781911171997.0,Everest,Angela Francis,Nepali Literature,"Hundreds of people dare to climb Mount Everest every year, following in Edmund Hillary and Tenzing Norgay s footsteps, hoping to experience Earth s highest peak. But there is so much more to this mountain than the brave mountaineers who climb it.",2018,0.0,75,0
9781499190281.0,The seven natural wonders of the Earth,Anna Othitis,Nepali Literature,Readers will learn about the seven natural wonders of the Earth as they travel with Anna Othitis and Captain Frankie.,2014,0.0,26,0
,Aitihāsika yātrā =,Nara Hari Nath Yogi.,Nepali Literature,"A Nepali literary work titled 'Aitihāsika yātrā =' by Nara Hari Nath Yogi., featuring the stories, culture and voice of Nepal.",1980,0.0,36,0
,Riverfork,Andrew Meserth,Nepali Literature,"A Nepali literary work titled 'Riverfork' by Andrew Meserth, featuring the stories, culture and voice of Nepal.",1978,0.0,22,0
,Nepāla,Nīlakaṇṭha Nyaupāne,Nepali Literature,Lyrical poem on Nepal.,2006,0.0,129,0
9789993396192.0,"Mero Nepāla, mero gaurava",Śāstra Ḍī Panta,Nepali Literature,Poem on the glory of Nepal.,2004,0.0,98,0
,Sijāpatībālā,Pūrṇa Prakāśa Nepāla,Nepali Literature,Narrative poem on Nepal.,2000,0.0,1188,0
9789937220439.0,Nayām̐ Nepāla,Chandamaṇi,Nepali Literature,Long poem on the vision of new Nepal.,2009,0.0,193,0
,Padmadurgā,Rameśacandra Adhikārī,Nepali Literature,Narrative poem on Nepal.,1996,0.0,245,0
,Nepāla gaurava,Bhāvanā Devakoṭā,Nepali Literature,"A Nepali literary work titled 'Nepāla gaurava' by Bhāvanā Devakoṭā, featuring the stories, culture and voice of Nepal.",1976,0.0,13,0
9781870841955.0,Namaste,William Oxley,Nepali Literature,"A Nepali literary work titled 'Namaste' by William Oxley, featuring the stories, culture and voice of Nepal.",2004,0.0,36,0
,Nepālamāhātmyam,Kedāra Śarmā,Nepali Literature,"A Nepali literary work titled 'Nepālamāhātmyam' by Kedāra Śarmā, featuring the stories, culture and voice of Nepal.",1977,0.0,230,0
,Māṭāko mamatā,R̥shabhadeva Śarmā Regmī,Nepali Literature,"A Nepali literary work titled 'Māṭāko mamatā' by R̥shabhadeva Śarmā Regmī, featuring the stories, culture and voice of Nepal.",1979,0.0,72,0
,Nepālamāhātmyam,Kedāranātha Śarmā,Nepali Literature,"A Nepali literary work titled 'Nepālamāhātmyam' by Kedāranātha Śarmā, featuring the stories, culture and voice of Nepal.",1977,0.0,230,0
,Nepālasāmrājyodayam,Paśupatijhā.,Nepali Literature,Political history of Nepal.,1980,0.0,152,0
,Maithilī kavitā saṅgraha,Rāmabharosa Kāpaḍi Bhramara; Dhīrendra Premarshi,Nepali Literature,Collection of Maithili poems by various authors from Nepal; includes brief biographical sketches of poets represented.,1996,0.0,322,0
,Triratna-Saundarya-gāthā,Sundarānanda,Nepali Literature,"A Nepali literary work titled 'Triratna-Saundarya-gāthā' by Sundarānanda, featuring the stories, culture and voice of Nepal.",1962,0.0,317,0
,Rāshṭriya-caritra,Kr̥shṇa Prasāda Śarmā Ghimire,Nepali Literature,"A Nepali literary work titled 'Rāshṭriya-caritra' by Kr̥shṇa Prasāda Śarmā Ghimire, featuring the stories, culture and voice of Nepal.",1960,0.0,354,0
,Celībeṭī,Acyutaprasāda Kharela,Nepali Literature,Narrative poem about women in Nepal.,1993,0.0,72,0
9788182500815.0,Quaking cantos,Yuyutsu R. D.,Nepali Literature,"A Nepali literary work titled 'Quaking cantos' by Yuyutsu R. D., featuring the stories, culture and voice of Nepal.",2016,0.0,81,0
,अमरसिंह थापा,Muralīdhara Bhaṭṭarāī,Nepali Literature,"A Nepali literary work titled 'अमरसिंह थापा' by Muralīdhara Bhaṭṭarāī, featuring the stories, culture and voice of Nepal.",1953,0.0,16,0
,Pokharelako vaṃśāvalī,Kr̥shṇacandra Pokharela,Nepali Literature,Genealogical poem on the genealogy of Pokharelas from Nepal.,1985,0.0,656,0
,Śáhavaṃsa mahākābya,"Upādhyāya, Guṇarāja",Nepali Literature,"A Nepali literary work titled 'Śáhavaṃsa mahākābya' by Upādhyāya, Guṇarāja, featuring the stories, culture and voice of Nepal.",1964,0.0,0,0
9789993340805.0,Rājabhakti mālā,Kiśana Siṃha Dhāmī,Nepali Literature,Poems in praise of kings of Nepal and members of royal family.,2002,0.0,129,0
9789937505734.0,Utsarga,Vishṇu Bhaṇḍārī,Nepali Literature,Long poem on Maoist movement in Nepal.,2010,0.0,288,0
9789937505734.0,Utsarga,Vishṇu Bhaṇḍārī,Nepali Literature,"A Nepali literary work titled 'Utsarga' by Vishṇu Bhaṇḍārī, featuring the stories, culture and voice of Nepal.",2010,0.0,288,0
,Nepāl men̲ Urdū shāʻirī,ʻAbdurraʼūf (Ḍākṭar),Nepali Literature,Anthology of Urdu poetry from Nepal.,2000,0.0,109,0
,Tinalāī samjhera,Hari Shreshtha,Nepali Literature,"A Nepali literary work titled 'Tinalāī samjhera' by Hari Shreshtha, featuring the stories, culture and voice of Nepal.",1965,0.0,30,0
9780934971881.0,The violet shyness of their eyes,Barbara J. Scot,Nepali Literature,"A travelogue of Nepal is by its very nature an intriguing piece because Nepal is such an exotic locale with such a wealth of material to write about--its scenery, wildlife, people, and customs. But Barbara Scot's account of her Nepalese adventure shines above the ordinary travel yarn. She has a flair for description, understands the language, and shows a genuine respect for Nepalese culture that infuses every scene and anecdote. More than just a travel-jaunt memoir, The Violet Shyness of Their Eyes is a feminist's view of the women of Nepal.",1993,0.0,279,0
,Rājanīti ghaṭanācakra,Balabahādura Kum̐vara,Nepali Literature,Poems on recent political developments in Nepal.,2003,0.0,110,0
9789994621392.0,Janaāndolana,Govinda Girī,Nepali Literature,"Poems on the people's movement in Nepal, 2005-2007.",2006,0.0,61,0
9780226780016.0,Tiger moon,Fiona Sunquist,Nepali Literature,"A Nepali literary work titled 'Tiger moon' by Fiona Sunquist, featuring the stories, culture and voice of Nepal.",1988,0.0,187,0
,Lum̐bhū deśaya pulāṅgu mye,Unknown,Nepali Literature,"Collection of songs, with melody indication, on Lum̐bhu, town in Nepal.",2005,0.0,104,0
,Kāntipurī-mahānagarī,Madana Mohana Miśra,Nepali Literature,"Humorous and satirical long poem on Kathmandu, Nepal.",1995,0.0,64,0
,Gorkhāgāthā,Dhaneśvara Bhaṭṭarāī,Nepali Literature,"Narrative poem on Gorkha, town in central Nepal.",2004,0.0,73,0
,Gosāim̐kuṇḍa,Prahlāda Pokharela,Nepali Literature,"Travel account, in verse, of Gosainkunda, Hindu pilgrimage center in Nepal.",1999,0.0,72,0
,Bheṭaghāṭa,Dharmarāja Thāpā,Nepali Literature,"A Nepali literary work titled 'Bheṭaghāṭa' by Dharmarāja Thāpā, featuring the stories, culture and voice of Nepal.",1963,0.0,201,0
9780944048030.0,Monsoon,"Hart, William",Nepali Literature,"A Nepali literary work titled 'Monsoon' by Hart, William, featuring the stories, culture and voice of Nepal.",1991,0.0,35,0
,Sukṛtidatta Pantas Kārtavīryodaya,Sukr̥tidattapantasūri,Nepali Literature,"On Prince Kārtavīrya of the Haihayas, killed by Paraśurāma.",1996,0.0,430,0
9789937291248.0,Kathmandu kaleidoscope,Bhīshma Upretī,Nepali Literature,"A Nepali literary work titled 'Kathmandu kaleidoscope' by Bhīshma Upretī, featuring the stories, culture and voice of Nepal.",2015,0.0,71,0
9789937130158.0,Self-Reflection at the Moment,Dr. Nawa Raj Subba,Nepali Literature,"The poem in the book comes from Nepal, the home of Mount Everest. The poet evaluates both the poem and himself in this passage. He sees the poet as Shaman's younger sibling and the poetry as a reflection of himself. It is well described in the poem.

The texts include images of quakes, epidemics, and deprivation. It demonstrates how the poor governance of the nation is causing individuals to suffer. A snapshot of indigenous culture is also included. There is also a request to stop the epidemic and the destruction of the ecosystem. Here, we can listen to environmental, population, and health songs. There are also songs in one's mother tongue and culture. The most exquisite aspects of human emotion are generally stored.",2022,0.0,0,0
9789937270113.0,Dhavalāgiri,Jagannātha Regmī,Nepali Literature,Narrative poem on Dhawalāgiri Zone (Nepal).,2013,0.0,78,0
,Prākr̥ta-Rārā,Homa Bahādura Rānābhāṭa,Nepali Literature,Poem in praise of the Rara Lake in Nepal.,1987,0.0,35,0
,Kavitāmā Citavana,Kedāranātha Khanāla,Nepali Literature,"A Nepali literary work titled 'Kavitāmā Citavana' by Kedāranātha Khanāla, featuring the stories, culture and voice of Nepal.",2004,0.0,0,0
9789937837392.0,Saṅkalpa,Rāmaprakāśa Purī,Nepali Literature,Epic poem on Maoist movement in Nepal.,2012,0.0,406,0
9788182500402.0,Annapurna poems,Yuyutsu R. D.,Nepali Literature,"Based on the poet's travels to Annapurna, Nepal.
This is a major anthology from South Asia’s prominent poet who has made Annapurna region his home for last two decades. Yuyutsu’s devotion for the mountains and the people living there is unparalleled. Though his work was interrupted with the rise of insurgency and the consequent political turmoil in the Himalayan nation, the poet continued to long for the hidden valleys and mule paths where, as the scriptures say, the soul of the Gods lives. Even in his dreams he conjures the treks to the remote Himalayan regions, searching for life on the bleeding mule paths of human struggle, listening to the chorus of cicadas and dramas of hunger and strife in the hushed grounds of Little Paradise Lodge, chartering history of human attempts to invade the realm of eternal snow with moving cameras, frozen spaghetti and plastic bags. Like exquisite fields of Himalayan flowers, these are poems of high artistic integrity about harsh truths of mystery, history and humanity. Sensual, sharp and stunning, these concrete images will leave the readers breathless. A huge achievement, bringing unsung agony of the people in the high Himalayas",2008,0.0,101,0
9783921632246.0,Die Gobi riecht nach Schnittlauch,Margarete Franz,Nepali Literature,"A Nepali literary work titled 'Die Gobi riecht nach Schnittlauch' by Margarete Franz, featuring the stories, culture and voice of Nepal.",1997,0.0,201,0
,Achāmakā cāḍaparva,Pahalamāna Siṃha Svāra,Nepali Literature,"A Nepali literary work titled 'Achāmakā cāḍaparva' by Pahalamāna Siṃha Svāra, featuring the stories, culture and voice of Nepal.",1975,0.0,22,0
,Nora,Yāgeśvara Jhā,Nepali Literature,"Poem about the Kosi River, Bihar.",1979,0.0,61,0
,Bardo Matrix,Johan Kugelberg,Nepali Literature,"A Nepali literary work titled 'Bardo Matrix' by Johan Kugelberg, featuring the stories, culture and voice of Nepal.",2014,0.0,24,0
,Kosī ghātī sabhyatā,Rameśa,Nepali Literature,"On civilization on the banks of River Kosi, in Bihar.",2004,0.0,39,0
,Maithila-kavīnāṃ laghukāvya-saṅgrahaḥ,Lakṣmīnātha Jhā; Śaśinātha Jhā,Nepali Literature,Anthology of Sanskrit poetry by Sanskrit authors from Mithila; cover period: 1400-2005 ; volume 1 comprises 440 poems.,2017,0.0,0,0
,Jo mo glang ma,Skyid byams bstan 'dzin dga' ba,Nepali Literature,"Contributed articles on Mount Everest, the tallest peak in the world; includes poems.",2017,0.0,84,0
9789994632602.0,"Nepāla, ākhyāna ra nāṭaka",Jnan Kaji Manandhar,Nepali Literature,Plays on legends of Nepal.,2004,0.0,134,0
9789937848169.0,A different cultivation of maize,Sañjīva Upretī,Nepali Literature,"A Nepali literary work titled 'A different cultivation of maize' by Sañjīva Upretī, featuring the stories, culture and voice of Nepal.",2015,0.0,106,0
,अमरसिंह,Bālakr̥shṇa Sama,Nepali Literature,"A Nepali literary work titled 'अमरसिंह' by Bālakr̥shṇa Sama, featuring the stories, culture and voice of Nepal.",1967,0.0,126,0
,White sun,Deepak Rauniyar,Nepali Literature,"On the occasion of his father's funeral, Chandra returns to the village he left years earlier to join the Maoists, and finds himself revisiting frayed family relations and unspoken divisions among neighbors. Past traumas return and cause tensions to boil over.",2018,0.0,89,0
9789993325420.0,Nepālamā pracalita nr̥tya ra nr̥tyanāṭikāharu,Motīlāla Parājulī,Nepali Literature,Dances and dance dramas of Nepal; a study.,2006,0.0,369,0
,Mallakālīna Maithilī nāṭaka,Candeśvara Śāha,Nepali Literature,Study on Maithili plays written during the reign of Mallas.,1998,0.0,151,0
,Mani Rimdu,Mario Fantin,Nepali Literature,"A Nepali literary work titled 'Mani Rimdu' by Mario Fantin, featuring the stories, culture and voice of Nepal.",1976,0.0,170,0
9789937801386.0,Nepālalipi prakāśana,Rājitabahādura Śreshṭha,Nepali Literature,Study on Newari publishing.,2012,0.0,79,0
9783515046312.0,The Pradyumna-Prabhāvatī legend in Nepal,Horst Brinkhaus,Nepali Literature,"A Nepali literary work titled 'The Pradyumna-Prabhāvatī legend in Nepal' by Horst Brinkhaus, featuring the stories, culture and voice of Nepal.",1987,0.0,398,0
,"Mani Rimdu, Nepal",Mario Fantin,Nepali Literature,"A Nepali literary work titled 'Mani Rimdu, Nepal' by Mario Fantin, featuring the stories, culture and voice of Nepal.",1976,0.0,170,0
9781840021547.0,Queuing for Everest,"Adams, Judith",Nepali Literature,"A Nepali literary work titled 'Queuing for Everest' by Adams, Judith, featuring the stories, culture and voice of Nepal.",2000,0.0,104,0
9788126026265.0,Ādhunika Maithilī raṅgamañca,Candranātha Miśra,Nepali Literature,Transcipt of papers presented during a conference on the history and development of Maithili theater and drama; chiefly covers the period 20th century.,2008,0.0,167,0
9789197738149.0,Everest,Lotta Lotass,Nepali Literature,"A Nepali literary work titled 'Everest' by Lotta Lotass, featuring the stories, culture and voice of Nepal.",2012,0.0,130,0
,Kathā dvīpa,Prafulla Kumar Singh,Nepali Literature,"A Nepali literary work titled 'Kathā dvīpa' by Prafulla Kumar Singh, featuring the stories, culture and voice of Nepal.",1977,0.0,42,0
9789937285667.0,Maithilī,Ramānanda Jhā,Nepali Literature,Collection of short stories of Maithili authors from Nepal.,2014,0.0,204,0
9787514507041.0,Deng feng lai =,Golo,Nepali Literature,"A Nepali literary work titled 'Deng feng lai =' by Golo, featuring the stories, culture and voice of Nepal.",2014,0.0,183,0
9789351770190.0,The vanished path,Bharath Murthy,Nepali Literature,"A Nepali literary work titled 'The vanished path' by Bharath Murthy, featuring the stories, culture and voice of Nepal.",2015,0.0,271,0
9789937902656.0,Akalpanīya,Dhruva Sāpakoṭā,Nepali Literature,Of the sufferings of Tibetan women after Tibet lost its independence.,2009,0.0,198,0
9789937893145.0,Karodaun Kasturi,Amar Naupane,Nepali Literature,Novel based on human lives,2015,5.0,371,1
,Bhūpatīndra Malla,Vāsupāsā,Nepali Literature,"Based on the life of Maharaja Bhūpatīndramalla, 1695-1722.",2001,0.0,174,0
9781737755203.0,Metamorphosis,Ram Khatri,Nepali Literature,"A Nepali literary work titled 'Metamorphosis' by Ram Khatri, featuring the stories, culture and voice of Nepal.",2016,0.0,130,0
9789937665445.0,Kāṭhamāḍaummā eka dina,Śivānī Siṃha Thāru,Nepali Literature,Novel based on discrimination of marginalised community in Terai region and highlights the events during the insurgency in southeastern Nepal.,2017,4.0,346,1
9789937910156.0,Paitālā,Ganesa Pauḍela,Nepali Literature,Novel based on occult sciences.,2016,0.0,363,0
,Ācārya Vishṇugupta Cāṇakya,Satyaketu Vidyalankar,Nepali Literature,"A Nepali literary work titled 'Ācārya Vishṇugupta Cāṇakya' by Satyaketu Vidyalankar, featuring the stories, culture and voice of Nepal.",1964,0.0,280,0
9781649980236.0,Kasto Biralo?,Sudha Ojha; Promina Shrestha,Nepali Literature,"A Nepali literary work titled 'Kasto Biralo?' by Sudha Ojha, featuring the stories, culture and voice of Nepal.",2021,0.0,28,0
9781649980045.0,Didi Ko Scooty,Diwakar Chettri; Diwakar Chettri,Nepali Literature,"A Nepali literary work titled 'Didi Ko Scooty' by Diwakar Chettri, featuring the stories, culture and voice of Nepal.",2020,0.0,28,0
9781649980090.0,Kati Ramro Mala,Tikaram Sharma Poudel; Promina Shrestha,Nepali Literature,"A Nepali literary work titled 'Kati Ramro Mala' by Tikaram Sharma Poudel, featuring the stories, culture and voice of Nepal.",2020,0.0,0,0
9781649980151.0,Kag Kag Kauwa,Punyasheel Gautam,Nepali Literature,"A Nepali literary work titled 'Kag Kag Kauwa' by Punyasheel Gautam, featuring the stories, culture and voice of Nepal.",2020,0.0,0,0
9781649980106.0,Mangale Ko Changa,Punyasheel Gautam,Nepali Literature,"A Nepali literary work titled 'Mangale Ko Changa' by Punyasheel Gautam, featuring the stories, culture and voice of Nepal.",2020,0.0,0,0
9781649980069.0,Haat Bazaar,Sudha Ojha; Promina Shrestha,Nepali Literature,"A Nepali literary work titled 'Haat Bazaar' by Sudha Ojha, featuring the stories, culture and voice of Nepal.",2020,0.0,0,0
9781649980120.0,Udne Ki Gudne?,Kalpana Parajuli; Promina Shrestha,Nepali Literature,"A Nepali literary work titled 'Udne Ki Gudne?' by Kalpana Parajuli, featuring the stories, culture and voice of Nepal.",2021,0.0,0,0
9781649980021.0,Bhettaye Bhettaye,Kalpana Parajuli; Promina Shrestha,Nepali Literature,"A Nepali literary work titled 'Bhettaye Bhettaye' by Kalpana Parajuli, featuring the stories, culture and voice of Nepal.",2021,0.0,0,0
9781649980038.0,Dal Bhat Tarkari,Milijuli Samuha; Promina Shrestha,Nepali Literature,"A Nepali literary work titled 'Dal Bhat Tarkari' by Milijuli Samuha, featuring the stories, culture and voice of Nepal.",2020,0.0,0,0
9781649980014.0,Aaha Jutta!,Kalpana Kalpana Parajuli; Promina Shrestha; Deepa Dixit; Sudha Sudha Ojha; Chandra Dangol,Nepali Literature,"A Nepali literary work titled 'Aaha Jutta!' by Kalpana Kalpana Parajuli, featuring the stories, culture and voice of Nepal.",2020,0.0,24,0
,Bhusamā ciplieko rāshṭriyatā,Maunatā,Nepali Literature,"Novel on the death of Madankumāra Bhaṇḍārī, 1952-1993, communist leader.",2006,0.0,285,0
9789937593281.0,Āhutī,Bhuvana Canda Ṭhakurī,Nepali Literature,"Novel based on the life of Daśaratha Canda, activist in movement for democracy in Nepal.",2013,0.0,123,0
9789937286237.0,Lamajunṅe bāgha,Esa. Pī Āsā,Nepali Literature,"A Nepali literary work titled 'Lamajunṅe bāgha' by Esa. Pī Āsā, featuring the stories, culture and voice of Nepal.",2014,0.0,276,0
,Merā jīvanakā pānāharū,"Guruṅga, Harkā Captain.",Nepali Literature,Fictionalized autobiography of the author.,1994,0.0,91,0
9789993353133.0,Hāmīle kasarī prajātantra lyāyauṃ,"Āsā, Esa. Pī.",Nepali Literature,"Based on the life of Tribhuvan Bir Bickrum Shah, King of Nepal, 1906-1954.",2001,0.0,390,0
,Pr̥thvī Nārāyaṇa Śāha,"Āsā, Esa. Pī.",Nepali Literature,"Historical novel based on the life of Prthvi Narayan Shaha Deva, Maharajadhiraja of Nepal, 1722-1774.",1999,0.0,427,0
9789993370703.0,Saṅgrāma ra śānti,Harsha Bahādura Buḍāmagara,Nepali Literature,Fictionalized autobiography of a Nepali author.,2001,0.0,273,0
,Bahādura Śāha,Sundaraprasāda Śāha Duḥkhī,Nepali Literature,"Based on the life of Bahadur Shah, King of Nepal, fl. 1785-1794.",1995,0.0,231,0
,Kāntavatī,Sundaraprasāda Śāha Duḥkhī,Nepali Literature,"Novel based on Kāntavatī, 1781-1799, Queen of King Raṇabahādura Śāha of Nepal.",1998,0.0,198,0
,Pratāpa Malla,Vāsupāsā,Nepali Literature,"Based on the life of Pratāpa Malla, fl. 1641-1674, King of Kathmandu.",2000,0.0,106,0
9789993371304.0,Siddhinarasiṃha Malla,Vāsupāsā,Nepali Literature,"On the life of Siddhinarasiṃha Malla, King of Lalitpur, 1619-1661.",2002,0.0,144,0
,Vidrohī Śamśera Siṁha,Siddhibahādura Thāpā,Nepali Literature,"A Nepali literary work titled 'Vidrohī Śamśera Siṁha' by Siddhibahādura Thāpā, featuring the stories, culture and voice of Nepal.",1974,0.0,151,0
,Jaṅgabahādura,Śrīkr̥shṇa Śreshṭha,Nepali Literature,"Novel based on the life of Jang Bahadur, 1817-1877, Maharaja of Nepal.",1995,0.0,225,0
,Śaivya Hariścandra,Śivapratāpa Śamaśera Thāpā,Nepali Literature,"A Nepali literary work titled 'Śaivya Hariścandra' by Śivapratāpa Śamaśera Thāpā, featuring the stories, culture and voice of Nepal.",1970,0.0,199,0
,"Deśabhakta Lakshmībāi, Jhām̐sīkī Rānī",Modanātha Praśrita,Nepali Literature,"A Nepali literary work titled 'Deśabhakta Lakshmībāi, Jhām̐sīkī Rānī' by Modanātha Praśrita, featuring the stories, culture and voice of Nepal.",1974,0.0,248,0
,Viśvamitra,Jaṅga Bahādura Śāha,Nepali Literature,"On the life of Maharshi Viśvamitra, Hindu sage.",2001,0.0,507,0
,Bhīmasena Thāpā,Śrīkr̥shṇa Śreshṭha,Nepali Literature,"Novel on Bhīmasena Thāpā, 1775-1839, prime minister during the Rana regime.",2008,0.0,273,0
9789937211581.0,Avasāna,Mādhava Nirdosha,Nepali Literature,"Historical novel on Jñānendravīravikrama Śāhadeva, King of Nepal, b. 1947.",2008,0.0,215,0
9789993348955.0,Nepāla ekīkaraṇa,Naru Thāpā,Nepali Literature,"A Nepali literary work titled 'Nepāla ekīkaraṇa' by Naru Thāpā, featuring the stories, culture and voice of Nepal.",2007,0.0,215,0
,Phām̐sīko phandāmā,Daulatavikrama Vishṭa,Nepali Literature,"Novel based on the life of Dharmabhakta, martyr from Nepal.",1996,0.0,264,0
9789937523745.0,Mahābhinishkramaṇakā asvīkr̥ta pāilā,Kavitārāma,Nepali Literature,On the life of Gautam Buddha.,2010,0.0,432,0
,Bahādura Śāha,Sundaraprasāda Śāha Duḥkhī,Nepali Literature,"A Nepali literary work titled 'Bahādura Śāha' by Sundaraprasāda Śāha Duḥkhī, featuring the stories, culture and voice of Nepal.",1995,0.0,231,0
9789994654109.0,Upanyāsa-siddhānta ra Vijaya Mallako upanyāsakārita,Ramā Sivākoṭī,Nepali Literature,"Study on the fictional works of Vijaya Malla, b. 1925, Nepali author.",2005,0.0,408,0
9789937568173.0,Phakran̐do kopilā,Gitākesarī,Nepali Literature,"A Nepali literary work titled 'Phakran̐do kopilā' by Gitākesarī, featuring the stories, culture and voice of Nepal.",2011,0.0,139,0
9789937287005.0,Raktabīja,Kr̥shṇa Avirala,Nepali Literature,Novel on royal massacre in Nepal.,2014,0.0,280,0
9789937867986.0,Pravr̥tti,Kumāraprasāda Koirālā,Nepali Literature,Anthology of short stories on corruption.,2013,0.0,206,0
9789937510479.0,Ākhyāna śāstra ra Viśveśvara Prasāda Koirālākā pratinidhi ākhyāna,Vīrendra Puḍasainī,Nepali Literature,"Narrative in the novels of Viśveśvara Prasāda Koirālā, Nepali author; a study.",2012,0.0,344,0
,Bī. Pī. Koirālākā upanyāsaharuko parikrama,Govinda Ācārya,Nepali Literature,"Study on the novels of Viśveśvaraprasāda Koirālā, Nepali author.",2013,0.0,184,0
9789937627023.0,Lekhakakī svāsanī,Pragati Rāī,Nepali Literature,"A Nepali literary work titled 'Lekhakakī svāsanī' by Pragati Rāī, featuring the stories, culture and voice of Nepal.",2013,0.0,228,0
,Vi. Pi. kā tīna upanyāsa,Keśavamaṇi Ācārya Dīkshita,Nepali Literature,"Study on the three novels of Bishwesvar Prasad Koirala, Nepali author.",1999,0.0,118,0
9789937905374.0,Cīraharaṇa,Nīlama Kārkī Nihārikā,Nepali Literature,"Novel based on Mahābhārata, Hindu classical epic.",2015,0.0,526,0
9789937248327.0,Pūrvīya dārśanika mānyatāmā Koirālākā upanyāsa,Nārāyaṇa Cālise,Nepali Literature,"Literary criticisim on the novels of Viśveśvara Prasāda Koirālā, Nepali author.",2012,0.0,419,0
9789937980319.0,Purvatira,Pradīpa Nepāla,Nepali Literature,"Novel based on feudalism, its brutality and oppression of the working classes.",2016,0.0,182,0
9789937018340.0,Āvaraṇa,Jayā Ojhā,Nepali Literature,Based on the life of a lesbian.,2016,0.0,224,0
9789993307228.0,Mauna svīk̥rti,Padmāvatī Siṃha,Nepali Literature,"A Nepali literary work titled 'Mauna svīk̥rti' by Padmāvatī Siṃha, featuring the stories, culture and voice of Nepal.",2008,0.0,141,0
9789937807944.0,Lāla cuḍī,Kr̥shṇa Avirala,Nepali Literature,"A Nepali literary work titled 'Lāla cuḍī' by Kr̥shṇa Avirala, featuring the stories, culture and voice of Nepal.",2009,0.0,113,0
9789937234108.0,Nyuyorka sundarī,Candrakānta Ācārya,Nepali Literature,"A Nepali literary work titled 'Nyuyorka sundarī' by Candrakānta Ācārya, featuring the stories, culture and voice of Nepal.",2011,0.0,202,0
,Daṇḍahīnatā,Rāmamaṇi Pokharela,Nepali Literature,Short stories based on Maoist movement.,2008,0.0,104,0
,Jallādako mana,Kr̥shṇa Avirala,Nepali Literature,Novel based on Maoist movement.,2008,0.0,221,0
,Bagha pasa,Kapila Kāphle,Nepali Literature,Novel by noted author.,2011,0.0,167,0
,Parasu Pradhanako kathayatra,Unknown,Nepali Literature,"Comprehensive study on the fictional works of Parasu Pradhana, Nepali author.",2011,0.0,395,0
,Do bāṭo,"Kshatrī, Līla Bahādura",Nepali Literature,"Charlie, a pet dolphin who communicates with humans via a transphonemator, is instrumental in preventing World War III.",1967,0.0,44,0
9789937921718.0,Nathiyā,Sarasvatī Pratīkshā,Nepali Literature,Novel based on social condition of women.,2017,0.0,282,0
9789994654710.0,Kirte Mahābhārata,Vimala Suvedī,Nepali Literature,"A Nepali literary work titled 'Kirte Mahābhārata' by Vimala Suvedī, featuring the stories, culture and voice of Nepal.",2014,0.0,208,0
9789937007603.0,Śūnya,Jānukā Khativaḍā,Nepali Literature,Novel based on women condition.,2015,0.0,231,0
9789937593076.0,Sarpa-daṃśa,Tāriṇīprasāda Koirālā,Nepali Literature,"A Nepali literary work titled 'Sarpa-daṃśa' by Tāriṇīprasāda Koirālā, featuring the stories, culture and voice of Nepal.",2012,0.0,113,0
9789937916349.0,Ṭālāṭulī,Ṭaṅka Caulāgāīṃ,Nepali Literature,Based on the life of old people.,2016,0.0,312,0
,Niḥśabda yātrā,Padmāvatī Siṃha,Nepali Literature,Novel based on the life of older people.,2015,0.0,310,0
9789993309574.0,Mr̥tyumelā,Rājubābu Śreshṭha,Nepali Literature,Stories based on the author's experiences about various countries.,2012,0.0,149,0
,Laṅkeśvara,Binoda Prasāda Bhaṭṭarāī,Nepali Literature,"A Nepali literary work titled 'Laṅkeśvara' by Binoda Prasāda Bhaṭṭarāī, featuring the stories, culture and voice of Nepal.",1979,0.0,54,0
9781494924652.0,Ke M Saani Chu? = Am I small?,Philipp Winterberg,Nepali Literature,Tamia is not sure and keeps asking various animals that she meets on her journey.  Eventually she finds the surprising answer...,2014,0.0,40,0
,Ulṭo risa,Nagendra Nyaupāne,Nepali Literature,Historical novel on the late royal family of Nepal.,2009,0.0,0,0
,Lālabākasa,Unknown,Nepali Literature,Historical novel on political upheaval during the panchayat regime.,2008,0.0,160,0
,Visthapita amaharu,Kavitā Pauḍela,Nepali Literature,Novel on the abondoned mothers; based on the real life incidents.,2011,0.0,187,0
9789937277761.0,Khukuriko dharama dui satabdi,Unknown,Nepali Literature,Stories of valour of Gurkha soldiers.,2015,0.0,231,0
,Laṛna janmekāharū,Govinda Sharma,Nepali Literature,"A Nepali literary work titled 'Laṛna janmekāharū' by Govinda Sharma, featuring the stories, culture and voice of Nepal.",1980,0.0,356,0
,Mahāsāmanta,S. P. Āsā,Nepali Literature,"A Nepali literary work titled 'Mahāsāmanta' by S. P. Āsā, featuring the stories, culture and voice of Nepal.",1979,0.0,190,0
9789994634910.0,Viśveśvaraprasāda Koirālākā upanyāsamā astitvavāda,Jñānū Pāṇḍe,Nepali Literature,"Existentialism in the novels of Bishweshwar Prasad Koirala, Nepali author; a study.",2005,0.0,344,0
,Osa,Bhagīratha Rāvata,Nepali Literature,"A Nepali literary work titled 'Osa' by Bhagīratha Rāvata, featuring the stories, culture and voice of Nepal.",1978,0.0,115,0
9789937589727.0,Ākhyānakāra Viśveśvaraprasāda Koirālā,Bhāupanthī,Nepali Literature,"Contributed articles on the novels of Visvesvara Prasāda Koirālā, Nepali author; volume to commemorate his birth centenary.",2013,0.0,408,0
9789937893893.0,Rūpāntaraṇa,Romana Mānava,Nepali Literature,Inspirational novel based on youth.,2016,0.0,332,0
9789937708029.0,Birsiekā satya,Numeśa Ghartī Magara,Nepali Literature,Novel based on the struggle of dalits.,2017,0.0,342,0
,Cinhārīko khoja,Asīta Rāī,Nepali Literature,Novel based on the Gorkha National Liberation Front struggle for freedom.,1997,0.0,178,0
,Indra Sundāsakā kathāko vaiśishṭya,Anitā Lāmā,Nepali Literature,"Study on the fictional works of Indra Sundāsa, Nepali author.",2017,0.0,294,0
9789993350644.0,Viśveśvaraprasāda Koirālākā upanyāsaharumā dvandvavidhāna,Kr̥shṇaprasāda Dāhāla,Nepali Literature,"Conflict situation in the novels of Bishweshvar Prasad Koirala, Nepali author.",2003,0.0,317,0
,Māṭoko māyā,Bhāgīratha Rāvata,Nepali Literature,Novel based on the sociopolitical conditions of the Gurkhas in India.,1982,0.0,218,0
,Rāto ākāśa,Ghanaśyāma Ḍhakāla,Nepali Literature,"A Nepali literary work titled 'Rāto ākāśa' by Ghanaśyāma Ḍhakāla, featuring the stories, culture and voice of Nepal.",2008,0.0,395,0
9781649980205.0,Ramailo,Milijuli Samuha; Santa Hitting,Nepali Literature,"A Nepali literary work titled 'Ramailo' by Milijuli Samuha, featuring the stories, culture and voice of Nepal.",2020,0.0,0,0
9780842609579.0,The Saundarananda of Asvaghoṣa,Asvaghosa,Nepali Literature,Classical poem on the life and teachings of Gautama Buddha.,1910,0.0,171,0
,Makaiko kheti,Unknown,Nepali Literature,"Poem depicting the Rana policy of sycophancy, enslavement of native people. The book was originally written in 1920 and became controversial.",2011,0.0,102,0
,Śrīkhaptaḍabābā,Śivagopāla Risāla,Nepali Literature,Poems in praise of Hindu Swami Saccidānanda Yogī Sarasvatī.,1996,0.0,142,0
,Janmabhūmi,Tulasī Kaśyapa,Nepali Literature,On Sikkim.,1986,0.0,427,0
9789993381501.0,Euṭī nārī ra kavitā,Kanchan Pudasaini,Nepali Literature,Poems eulogizing Hillary Rodham Clinton.,1992,0.0,72,0
9781971351247.0,¿¿¿¿ ¿¿¿¿¿¿¿,¿¿¿ ¿¿¿¿¿¿¿,Nepali Literature,"A Nepali literary work titled '¿¿¿¿ ¿¿¿¿¿¿¿' by ¿¿¿ ¿¿¿¿¿¿¿, featuring the stories, culture and voice of Nepal.",2026,0.0,0,0
,Yuddha ra yoddhā,Agamasiṃha Girī,Nepali Literature,"On the second World War, 1939-1945.",1970,0.0,71,0
9781450576130.0,Collection of Nepali Poems,Jyoti Mishra,Nepali Literature,"A Nepali literary work titled 'Collection of Nepali Poems' by Jyoti Mishra, featuring the stories, culture and voice of Nepal.",2010,0.0,60,0
,Prabhākara,Ṭhākura Nātha Śarmā,Nepali Literature,"A Nepali literary work titled 'Prabhākara' by Ṭhākura Nātha Śarmā, featuring the stories, culture and voice of Nepal.",1980,0.0,48,0
,Barāla-vaṃśa-darpaṇa,Śivarāja Barāla,Nepali Literature,"A Nepali literary work titled 'Barāla-vaṃśa-darpaṇa' by Śivarāja Barāla, featuring the stories, culture and voice of Nepal.",1977,0.0,201,0
,Makavānī-bālā,Umānāthaśāstrī Sindhulīya,Nepali Literature,"A Nepali literary work titled 'Makavānī-bālā' by Umānāthaśāstrī Sindhulīya, featuring the stories, culture and voice of Nepal.",1978,0.0,258,0
,Ābāla brahmacārī caritram,Yajñanidhi Cāpāgāīṃ,Nepali Literature,"A Nepali literary work titled 'Ābāla brahmacārī caritram' by Yajñanidhi Cāpāgāīṃ, featuring the stories, culture and voice of Nepal.",1988,0.0,47,0
,Chandaśiromaṇi,Mādhava Viyogī,Nepali Literature,"Epic poem on Mādhava Ghimire, b. 1919, national poet of Nepal.",2003,0.0,278,0
9789994633241.0,Dharmarāja,Mādhava Viyogī,Nepali Literature,"Epic poem on Dharmarāja Thāpā, b. 1924, Nepali author.",2004,0.0,500,0
,Jagadambā,Mādhava Viyogī,Nepali Literature,"Narrative poem on Jagadambā, Queen of Nepal, 1918-1988.",2005,0.0,282,0
,Siddhicaraṇa eka ra aneka,Nārāyaṇa Godāre,Nepali Literature,"Anthology of poems on Siddhicaraṇa Śreshṭha, b. 1912, Nepali author.",2001,0.0,112,0
,Yuganāyaka,Govinda Prasāda Ghimire,Nepali Literature,"Narrative poem on Birendra Bir Bikram Shah Deva, King of Nepal, b. 1945.",2002,0.0,240,0
,Tathāgata,Bhūshaṇa Śarmā Humāgāīṃ,Nepali Literature,Narrative poem on Gautama Buddha.,2004,0.0,398,0
,Āmā,Prem Das Uprety,Nepali Literature,"A Nepali literary work titled 'Āmā' by Prem Das Uprety, featuring the stories, culture and voice of Nepal.",1972,0.0,32,0
,Bhānu-mahākāvya,Modanāthaśarmā Śāstrī,Nepali Literature,"A Nepali literary work titled 'Bhānu-mahākāvya' by Modanāthaśarmā Śāstrī, featuring the stories, culture and voice of Nepal.",1967,0.0,139,0
,Ekatakā mahānāyaka,Kanchan Pudasaini,Nepali Literature,"Anthology of poems on Prthvi Narayan Shaha Deva, Maharajadhiraja of Nepal, 1722-1774.",2007,0.0,205,0
,Viśva kavitā divasa-1122,Lija: Nepālabhāshā Kavitā Dabū,Nepali Literature,Anthology of poems in various languages.,2002,0.0,63,0
,Pāsāṅa Lhāmū,Omavīra Siṃha Basnyāta,Nepali Literature,"Narrative poem on Pāsāṅa Lhāmū, woman mountaineer from Nepal.",1997,0.0,240,0
,Rāshṭriya ekatākā stambha,Omavīra Siṃha Basnyāta,Nepali Literature,"Narrative poem on Prthvi Narayan Shaha Deva, Maharajadhiraja of Nepal, 1722-1774.",2002,0.0,563,0
9789937264709.0,Yugakavi Siddhicaraṇa,Devī Nepāla,Nepali Literature,"Anthology of poems on Siddhicaraṇa Śreshṭha, 1912-1992, Nepali poet.",2013,0.0,185,0
,Vī. Pī. kā kavitā,Jīvanacandra Koirālā,Nepali Literature,"Poems in praise of Bishweshwar Prasad Koirala, Nepali writer and statesman; includes sampling of his poems.",1992,0.0,65,0
,Ekatākā mahānāyaka,Kanchan Pudasaini,Nepali Literature,"Anthology of poems on Prthvi Narayan Shaha Deva, Maharajadhiraja of Nepal, 1722-1774.",1999,0.0,142,0
9789993317005.0,Euṭi nārī kavitāmā,Kanchan Pudasaini,Nepali Literature,Anthology of poems on Hillary Rodham Clinton.,2000,0.0,80,0
9789937253178.0,Rāshṭrakavi,Dīpendra Adhikārī,Nepali Literature,"Poem on Mādhava Ghimire, b. 1919, Nepali poet.",2012,0.0,84,0
9789937509312.0,Nāṭyasmrāṭa,Mādhava Viyogī,Nepali Literature,"Narrative poem on Bālakr̥shṇa Sama, 1902-1981, Nepali playwright.",2011,0.0,459,0
,Guruprasāda Mainālī,Acyutaramaṇa Adhikārī,Nepali Literature,"On Gurū prasāda Mainālī, 1900-1971, Nepali author.",2011,0.0,90,0
,Janarala Māthavara Siṃha Thāpā,Ḍambara Jaṅga Thāpā,Nepali Literature,"Narrative poem on Māthavara Siṃha Thāpā, 1798-1845, former General and prime minister of Nepal.",1999,0.0,181,0
,Alimiyām̐,Mādhava Viyogī,Nepali Literature,"Narrative poem on Alimiyām̐, Muslim poet from Nepal.",2002,0.0,97,0
,Buddha bimba akshara bimba,Rameśa Śreshṭha,Nepali Literature,Poems on Gautama Buddha.,2001,0.0,64,0
,Jurelī,Mādhava Viyogī,Nepali Literature,"Poem on Gokulaprasāda Jośī, 1930-1961, Nepali poet and philanthropist from Pokhara.",2006,0.0,208,0
9789994698868.0,Vijaya śabda-bimba,Jagadīśa Candra Bhaṇḍārī,Nepali Literature,"Anthology of poems on Vijaya Ḍhakāla, 1976-2005, Maoist activists and popular students leaders of Pokhara.",2006,0.0,96,0
,Bālāguru,Durgāprasāda Adhikārī,Nepali Literature,"Narrative poem on Shadānanda Adhikārī, 1835-1916, Hindu religious leader from Nepal.",1999,0.0,112,0
,Dharaṇīdhara,Bhuvanahari Sigdela,Nepali Literature,"Narrative poem on Dharaṇīdhara Koirālā, 1892-1979, Nepali author.",1998,0.0,269,0
9789993353089.0,Kavitāmā Amerikā,Śailendra Sākāra,Nepali Literature,Poems on United States.,2003,0.0,50,0
,Siddhicaraṇa sañcaraṇa,Pūrṇa Prakāśa Nepāla,Nepali Literature,"Narrative poem on Siddhicharan Shrestha, 1913-1992, Nepali poet.",2003,0.0,229,0
,Jīvana-smr̥ti,Madanadeva Bhaṭṭarāī,Nepali Literature,Verse autobiography of a Nepali writer.,1994,0.0,95,0
,Amarasiṃhako ciṭṭhī,Śaradakumāra Bhaṭṭarāī,Nepali Literature,"Narrative poem on Amara Siṃha Thāpā, b. 1751, a warrior from Nepal; includes an introduction.",1996,0.0,44,0
,Krāntidūta,Śaradakumāra Bhaṭṭarāī,Nepali Literature,"Narrative poem on Bishweshwar Prasad Koirala, former prime minister of Nepal.",1998,0.0,70,0
,Madana śokakāvya,Khemarāja Niraulā,Nepali Literature,"Poem on the life and death of Madanakumāra Bhaṇḍārī, 1952-1993, Communist leader from Nepal.",1995,0.0,64,0
,Himālako ām̐su,Dharmarāja Thāpā,Nepali Literature,"A Nepali literary work titled 'Himālako ām̐su' by Dharmarāja Thāpā, featuring the stories, culture and voice of Nepal.",1972,0.0,0,0
,Dineśa,Bharatarāja Panta,Nepali Literature,"A Nepali literary work titled 'Dineśa' by Bharatarāja Panta, featuring the stories, culture and voice of Nepal.",1971,0.0,27,0
,Mahārāṇā Pratāpa,Lakṣmīprasāda Devakoṭā,Nepali Literature,"A Nepali literary work titled 'Mahārāṇā Pratāpa' by Lakṣmīprasāda Devakoṭā, featuring the stories, culture and voice of Nepal.",1967,0.0,171,0
,"Āphnai bān̐surī, āphnai gīta",Mādhava Ghimire,Nepali Literature,"A Nepali literary work titled 'Āphnai bān̐surī, āphnai gīta' by Mādhava Ghimire, featuring the stories, culture and voice of Nepal.",1973,0.0,71,0
,Rājesvarī,Mādhava Ghimire,Nepali Literature,"A Nepali literary work titled 'Rājesvarī' by Mādhava Ghimire, featuring the stories, culture and voice of Nepal.",1960,0.0,68,0
,Rāshṭra-nirmātā,Mādhava Ghimire,Nepali Literature,"A Nepali literary work titled 'Rāshṭra-nirmātā' by Mādhava Ghimire, featuring the stories, culture and voice of Nepal.",1973,0.0,97,0
,Arhat Nanda,Dharmaratna Yami,Nepali Literature,"A Nepali literary work titled 'Arhat Nanda' by Dharmaratna Yami, featuring the stories, culture and voice of Nepal.",1961,0.0,148,0
,Devakoṭā,Haribhakta Pokharela,Nepali Literature,"Narrative poem on Laxmi Prasad Devkota, 1908-1959, Nepali writer.",1986,0.0,63,0
,Śāhavaṃśa-caritam,Divyadeva Panta,Nepali Literature,Poem on Shah dynasty.,1935,0.0,0,0
,Bādala phāṭepachi,Ghaṭarāja Bhaṭṭarāī,Nepali Literature,"A Nepali literary work titled 'Bādala phāṭepachi' by Ghaṭarāja Bhaṭṭarāī, featuring the stories, culture and voice of Nepal.",1968,0.0,36,0
,Madana smr̥ti kāvya,Keśava Duvāḍī,Nepali Literature,"Poetry in memory of Madanakumāra Bhaṇḍārī, 1952-1993, a popular Communist leader of Nepal.",1995,0.0,154,0
9789994668069.0,Ãdarśa Pushpā,Chandikā Ghimire,Nepali Literature,"Narrative poem on the life of Ācārya, Pushpalatā, Nepali author and social activist.",2007,0.0,214,0
,Davalā,Nīravikrama Pyāsī,Nepali Literature,"A Nepali literary work titled 'Davalā' by Nīravikrama Pyāsī, featuring the stories, culture and voice of Nepal.",1977,0.0,148,0
,Rāmadāsa mahākāvya,Pavanakumāra Khanāla,Nepali Literature,"A Nepali literary work titled 'Rāmadāsa mahākāvya' by Pavanakumāra Khanāla, featuring the stories, culture and voice of Nepal.",1988,0.0,271,0
,Yūrī Eleksaebhica Gāgārina,Anand Dev Bhatt,Nepali Literature,"A Nepali literary work titled 'Yūrī Eleksaebhica Gāgārina' by Anand Dev Bhatt, featuring the stories, culture and voice of Nepal.",1962,0.0,51,0
,Śrī Kr̥shṇa-sandeśa,Guṇarāja Upādhyāya,Nepali Literature,"Devotional poem recounting the exploits of Lord Krishna, Hindu deity.",1972,0.0,267,0
,Kavitāñjalī,Unknown,Nepali Literature,"Collection of poems in praise of Aishwarya Rajya Laxmi Devi Shah, Queen, consort of Birendra Bir Bikram Shah Deva, King of Nepal, b. 1949; volume to commemorate 52nd birth anniversary of the Queen.",2000,0.0,72,0
,Śabdāñjalī,Unknown,Nepali Literature,"Collection of poems in praise of Birendra Bir Bikram Shah Deva, King of Nepal, b. 1945; volume to commemorate 56th birth anniversary of the king.",2000,0.0,96,0
,Khanāla vaṃśāvalī,Nārāyaṇaprasāda Khanāla,Nepali Literature,"A Nepali literary work titled 'Khanāla vaṃśāvalī' by Nārāyaṇaprasāda Khanāla, featuring the stories, culture and voice of Nepal.",1979,0.0,48,0
,Śraddhā-kusuma,"Ujvala, Jī. Sī.",Nepali Literature,"About Aishwarya Rajya Laxmi Devi Shah, Queen, consort of Birendra Bir Bikram Shah Deva, King of Nepal, b. 1949, Nepali poetess.",1986,0.0,42,0
,Pushpāñjali,R̥shirāma Nyaupāne,Nepali Literature,"Narrative poem on Pushpalāla, communist leader from Nepal.",2000,0.0,171,0
,Śrī 3 Mahārāja Padmaśamaśerakā kurā,Nayarāja Panta,Nepali Literature,"A Nepali literary work titled 'Śrī 3 Mahārāja Padmaśamaśerakā kurā' by Nayarāja Panta, featuring the stories, culture and voice of Nepal.",1979,0.0,118,0
9789937209687.0,Rameśacandra,Nārāyaṇaprasāda Gautama,Nepali Literature,"Long poem on Rameśacandra Adhikārī, b. 1954, Nepali poet.",2008,0.0,244,0
9789937217545.0,Rāshṭrakavi,Pūrṇa Prakāśa Nepāla,Nepali Literature,"Poem on Mādhava Ghimire, b. 1919, national poet of Nepal.",2009,0.0,368,0
9789937217545.0,Rāshṭrakavi,Pūrṇa Prakāśa Nepāla,Nepali Literature,"A Nepali literary work titled 'Rāshṭrakavi' by Pūrṇa Prakāśa Nepāla, featuring the stories, culture and voice of Nepal.",2009,0.0,368,0
9789937509213.0,Devakoṭā śatābdī kavitā,Indirā Prasāīṃ,Nepali Literature,"Collection of poems on Laxmi Prasad Devkota, 1908-1959, Nepali poet.",2010,0.0,116,0
,Kavitama Citavana,Kedāranātha Khanāla; Nārāyaṇaprasāda Khanāla,Nepali Literature,Collection of poems narrating Chitwan.,2004,0.0,0,0
,Seto gāī,Śaṅkara Kharela,Nepali Literature,Poems on the life of Sevailala Caudhari environment conservation activist.,2005,0.0,54,0
,Khine darjīle golī khāe--,Śaṅkara Kharela,Nepali Literature,Poems on real incidents of killing of innocent people by military in Morang district.,2007,0.0,56,0
9789937232500.0,"Ke cha hajūra hālacāla yatā, nayām̐ Nepālako?",Haridevī Koirālā,Nepali Literature,"A Nepali literary work titled 'Ke cha hajūra hālacāla yatā, nayām̐ Nepālako?' by Haridevī Koirālā, featuring the stories, culture and voice of Nepal.",2010,0.0,62,0
,Aḍāna,Śānti Caudharī,Nepali Literature,"Poems on the life of Sūrya Bahādura Thāpā, b. 1928, former prime minister of Nepal.",1997,0.0,90,0
,Pravala netr̥tvadāyī vyaktitva,Śānti Caudharī,Nepali Literature,"Poems on Bill Clinton, 42nd President of America.",1998,0.0,228,0
,"Tarāī ke caṭṭāna aura Madheśī pahicāna, śrī Gajendranārāyaṇa Siṃha",Śānti Caudharī,Nepali Literature,"Poems in praise of Gajendranārāyaṇa Siṃha, a politician.",1997,0.0,43,0
,Prthvindrodaya,Unknown,Nepali Literature,"Epic poem on Prithvinarayan Shah, King of Nepal.",2011,0.0,854,0
,Yātraiyātrā,Śaradakumāra Bhaṭ̣ṭarāī,Nepali Literature,Author's travel experiences to various countries in the form of poetry.,2002,0.0,173,0
,Saṅkshipta bhautikī,Rameśa Khakurela,Nepali Literature,"A Nepali literary work titled 'Saṅkshipta bhautikī' by Rameśa Khakurela, featuring the stories, culture and voice of Nepal.",1983,0.0,49,0
,Mr̥tyu-kavitā,Mañjula,Nepali Literature,On death.,1998,0.0,165,0
,Vāsantī vasanta,Dharmarāja Thāpā,Nepali Literature,"Narrative poem on the marriage of Birendra Bir Bikram Shah Deva, King of Nepal, b. 1945 and Aishwarya Rajya Laxmi Devi Shah, Queen, consort of Birendra Bir Bikram Shah Deva, King of Nepal, b. 1949.",2001,0.0,36,0
,Kauvā,Purna Prasad Dhungel,Nepali Literature,"A Nepali literary work titled 'Kauvā' by Purna Prasad Dhungel, featuring the stories, culture and voice of Nepal.",1966,0.0,36,0
,गोरखा थर गोत्रको सवाई,Rāmaprasāda Satyāla,Nepali Literature,"A Nepali literary work titled 'गोरखा थर गोत्रको सवाई' by Rāmaprasāda Satyāla, featuring the stories, culture and voice of Nepal.",1955,0.0,48,0
,Kavitama ganatantra,Unknown,Nepali Literature,Collection of poems to celebrate democracy in Nepal.,2008,0.0,176,0
,Bālārāja Kāśīrāma,Govindaprasāda Ghimire,Nepali Literature,Long poem based on folk hero of Nepal.,2008,0.0,270,0
9789937910477.0,Rolpā suinā,Navīna Vibhāsa,Nepali Literature,Critical edition of Nepali Rāmāyana; includes critical study about author with biography of the great poet.,2016,0.0,322,0
,Devakoṭā samjhera,Hari Shreshtha,Nepali Literature,"A Nepali literary work titled 'Devakoṭā samjhera' by Hari Shreshtha, featuring the stories, culture and voice of Nepal.",1965,0.0,32,0
,शिखरनाथभाष्य,Sikharanātha Śarmā Suvedī,Nepali Literature,Collection of different general information in verse.,1900,0.0,154,0
,Jagadambikāvaibhavam mahākāvya,Bhīmakānta Panthī,Nepali Literature,Modern Sanskrit narrative poetry.,1998,0.0,100,0
,Bhānubhakta ko Rāmāyaṇa,Bhānubhakta,Nepali Literature,"Epic poem on the life and exploits of Rāma, Hindu deity; critical edition.",1932,0.0,330,0
,Sacitra Bhānubhaktako Rāmāyaṇa,Bhānubhakta,Nepali Literature,"Epic poem on the life and exploits of Rāma, Hindu deity; includes the poet's minor poetical works.",1982,0.0,223,0
,Asalī ṭhūlo Śrī Ādi Kavi Bhānubhaktācāryale banāyeko purāno Āṭhakāṇḍa Rāmāyaṇa,Bhānubhakta,Nepali Literature,"A Nepali literary work titled 'Asalī ṭhūlo Śrī Ādi Kavi Bhānubhaktācāryale banāyeko purāno Āṭhakāṇḍa Rāmāyaṇa' by Bhānubhakta, featuring the stories, culture and voice of Nepal.",1979,0.0,484,0
,Kirātī aitihāsika savāī,Nara Bahādura Limbū,Nepali Literature,Verse work on Kiranti (Asian people).,1993,0.0,32,0
9789993392910.0,Agnidarśana,Rāmaprasāda Gautama,Nepali Literature,"Poem on Agni, Hindu deity.",2006,0.0,154,0
,Sītāyana,Rameśacandra Adhikārī,Nepali Literature,"Narrative poem on Sītā, Hindu deity.",1998,0.0,14,0
,Ṭhūlo asalī āṭha-kāṇḍa-Rāmāyaṇa,Bhānubhakta,Nepali Literature,"A Nepali literary work titled 'Ṭhūlo asalī āṭha-kāṇḍa-Rāmāyaṇa' by Bhānubhakta, featuring the stories, culture and voice of Nepal.",1968,0.0,532,0
,"Mero Rāma ; vā, Rāmāyaṇasāra",Lekhanātha,Nepali Literature,"A Nepali literary work titled 'Mero Rāma ; vā, Rāmāyaṇasāra' by Lekhanātha, featuring the stories, culture and voice of Nepal.",1955,0.0,71,0
,Gaṅgā Gaurī,Lekhanātha,Nepali Literature,"Narrative poem on Parvati, Hindu deity.",2004,0.0,67,0
,सुदामा चरित्र,Kr̥shṇanātha Sigdela,Nepali Literature,"A Nepali literary work titled 'सुदामा चरित्र' by Kr̥shṇanātha Sigdela, featuring the stories, culture and voice of Nepal.",1932,0.0,49,0
,Kotaparva,Somadatta Ojhā,Nepali Literature,"A Nepali literary work titled 'Kotaparva' by Somadatta Ojhā, featuring the stories, culture and voice of Nepal.",1964,0.0,71,0
,Mukti Ramāyaṇa,Yuddha Prasāda Miśra,Nepali Literature,"A Nepali literary work titled 'Mukti Ramāyaṇa' by Yuddha Prasāda Miśra, featuring the stories, culture and voice of Nepal.",1970,0.0,0,0
,Bharata milana,"Upādhyāya, Guṇarāja",Nepali Literature,"A Nepali literary work titled 'Bharata milana' by Upādhyāya, Guṇarāja, featuring the stories, culture and voice of Nepal.",1972,0.0,896,0
9789937527422.0,Karṇa,Navarāja Lamsāla,Nepali Literature,"On Karṇa, Hindu mythology.",2009,0.0,285,0
,Hari-stuti,Sankaracarya.,Nepali Literature,"A Nepali literary work titled 'Hari-stuti' by Sankaracarya., featuring the stories, culture and voice of Nepal.",1972,0.0,66,0
9789994626564.0,Amerikā,Śailendra Sākāra,Nepali Literature,Long poem on America.; includes author's travel experiences of United States.,2007,0.0,144,0
9789384815356.0,Kabīra bījaka,Kabir,Nepali Literature,"Commentary on Bījaka, poetical work by Kabir, 15th century Hindi saint poet.",2017,0.0,952,0
,Muktinātha darśana,Dharmarāja Thāpā,Nepali Literature,"Poem about Muktinātha Temple, Pokhara, Nepal.",1990,0.0,46,0
,Thoranlhama samrakshana kavita =,Rameśa Śreshṭha,Nepali Literature,Collection of poems on conservation efforts at Tho-rangla Pass.,2008,0.0,94,0
9789937224185.0,Gurām̐sakā thuṅgā thuṅgāmā saṃrakshaṇa kavitā  =,Rameśa Śreshṭha,Nepali Literature,Collection of poems on conservation efforts at Annapurna protected area.,2010,0.0,96,0
,Saṃskr̥ta sāhitya siddhānta,Kulaprasāda Ḍhuṅgānā,Nepali Literature,Study on Sanskrit poetics.,2011,0.0,183,0
,सकुन्तलो पाख्यान,Shambhu Prasad Dhungel,Nepali Literature,"A Nepali literary work titled 'सकुन्तलो पाख्यान' by Shambhu Prasad Dhungel, featuring the stories, culture and voice of Nepal.",1900,0.0,112,0
,Rukmini-pariṇayam kavyam,Guṇa Rāja Upādhyāya,Nepali Literature,"A Nepali literary work titled 'Rukmini-pariṇayam kavyam' by Guṇa Rāja Upādhyāya, featuring the stories, culture and voice of Nepal.",1970,0.0,29,0
,Nala Damayantī,Dharmarāja Thāpā,Nepali Literature,"A Nepali literary work titled 'Nala Damayantī' by Dharmarāja Thāpā, featuring the stories, culture and voice of Nepal.",1991,0.0,77,0
,Kishkindhākāṇḍa ; tathā Puṇyaśikshā,Vaiyākaraṇa Nepāla,Nepali Literature,"A Nepali literary work titled 'Kishkindhākāṇḍa ; tathā Puṇyaśikshā' by Vaiyākaraṇa Nepāla, featuring the stories, culture and voice of Nepal.",1978,0.0,227,0
9789993335320.0,Yuropīya Mahābhārata,Narendranātha Rimāla,Nepali Literature,Narrative poem on two world wars; includes contributed articles on the poem.,2002,0.0,170,0
9789993360292.0,The poetry of Laxmi Prasad Devkota and the British romantic poets,Indra Vilas Adhikary,Nepali Literature,"A Nepali literary work titled 'The poetry of Laxmi Prasad Devkota and the British romantic poets' by Indra Vilas Adhikary, featuring the stories, culture and voice of Nepal.",2003,0.0,155,0
9781782859017.0,Mindful Tots,Whitney Stewart; Rocio Alejandro,Nepali Literature,"A Nepali literary work titled 'Mindful Tots' by Whitney Stewart, featuring the stories, culture and voice of Nepal.",2019,0.0,0,0
9789993325444.0,Vaidika dharmaśāstra ra sampattimā mahilāko adhikāra,Āmodavardhana Kauṇḍinnyāyana,Nepali Literature,Women rights according to Vedic religion and ancient Hindu law.,2006,0.0,246,0
,Nepālī sāhityakośa,Unknown,Nepali Literature,Encyclopedia of literature.,1998,0.0,917,0
,"Mahākavi Cittadhara ""Hr̥daya""ko ""Sugata-saurabha"" mahākāvyamā Buddha-jīvanī ra Buddhadharma",Candramāna Vajrācārya,Nepali Literature,"Study on Sugata-saurabha, Newari poem on the life of Gautam Buddha, by Cittadhara Hr̥daya, 1906-1982.",2012,0.0,71,0
9781732190627.0,Nabbe Ka Ghau Haru,"Bhutani, Dil, Jr.",Nepali Literature,"A Nepali literary work titled 'Nabbe Ka Ghau Haru' by Bhutani, Dil, Jr., featuring the stories, culture and voice of Nepal.",2021,0.0,0,0
,Motīrāma,Bālakr̥shṇa Sama,Nepali Literature,"A Nepali literary work titled 'Motīrāma' by Bālakr̥shṇa Sama, featuring the stories, culture and voice of Nepal.",1976,0.0,58,0
,Basibiyām̐lo,Ḍillīrāma Timasinā,Nepali Literature,Articles on the literatures of Nepal and India.,1975,0.0,152,0
,Maulo,Gumānasiṃha Cāmaliṅa,Nepali Literature,"On various theories of literary criticism, poetics, and aesthetics; lectures.",1978,0.0,293,0
9789993325499.0,Saṃskr̥ta sāhityako paramparā,Cūḍāmaṇi Khanāla,Nepali Literature,"Study, chiefly of classical Sanskrit literature.",2006,0.0,212,0
,"Eśkilasa, Śelī, ra Devakoṭā",Candreśvara Dube,Nepali Literature,"A Nepali literary work titled 'Eśkilasa, Śelī, ra Devakoṭā' by Candreśvara Dube, featuring the stories, culture and voice of Nepal.",1982,0.0,142,0
9789937276108.0,Saṃskr̥ta sāhityako itihāsa,Nārāyaṇa Gaḍataulā,Nepali Literature,On the history of classical and Vedic Sanskrit literature.,2014,0.0,180,0
,Ke Buddhadharma Hindūdharmako śākhā ho ra?,Tilakamāna Gubhājū,Nepali Literature,Refutation of the view that Buddhism is offshoot of Hinduism.,2000,0.0,63,0
,Yo dharmalāī phām̐sīdeu,Binoda Prasāda Bhaṭṭarāī,Nepali Literature,"A Nepali literary work titled 'Yo dharmalāī phām̐sīdeu' by Binoda Prasāda Bhaṭṭarāī, featuring the stories, culture and voice of Nepal.",1979,0.0,46,0
,Ma kuna devatā mānum̐?,Arūṇa Prakāśa Miśra,Nepali Literature,Articles criticising the Hindu gods and saints from modern point of view.,1992,0.0,82,0
,Janatāko sāhitya ra sāhityakāra,Hari Bahādura Śreshṭha,Nepali Literature,"A Nepali literary work titled 'Janatāko sāhitya ra sāhityakāra' by Hari Bahādura Śreshṭha, featuring the stories, culture and voice of Nepal.",1981,0.0,55,0
9789993387305.0,"1, 2, 3--",Shilpi Pradhan,Nepali Literature,"A Nepali literary work titled '1, 2, 3--' by Shilpi Pradhan, featuring the stories, culture and voice of Nepal.",2004,0.0,0,0
9789993387329.0,Colors,Shilpi Pradhan,Nepali Literature,"A Nepali literary work titled 'Colors' by Shilpi Pradhan, featuring the stories, culture and voice of Nepal.",2004,0.0,0,0
,Nārī manovijñāna tathā astitvavādako sandarbhamā Viśveśvara Prasāda Koirālāko sāhitya,Vishṇu Kumārī Śarmā,Nepali Literature,"Image of women and existentialism in the works of Bishweshwar Prasad Koirala, Nepali writer.",1992,0.0,210,0
,Viśva-sāhityako rūparekhā,Unknown,Nepali Literature,"A Nepali literary work titled 'Viśva-sāhityako rūparekhā' by Unknown, featuring the stories, culture and voice of Nepal.",1973,0.0,852,0
9781732325203.0,Uttar Americako Nepali Sahityako Itihas (North America's Nepali Literature History),Homnath Subedi,Nepali Literature,"A Nepali literary work titled 'Uttar Americako Nepali Sahityako Itihas (North America's Nepali Literature History)' by Homnath Subedi, featuring the stories, culture and voice of Nepal.",2018,0.0,0,0
9780564026807.0,"Beibl Cymraeg Newydd, Y (Nw60)",Cymraeg   Newydd,Nepali Literature,"A Nepali literary work titled 'Beibl Cymraeg Newydd, Y (Nw60)' by Cymraeg   Newydd, featuring the stories, culture and voice of Nepal.",1990,0.0,0,0
9789937589420.0,Nepālabhāshā sāhityako itihāsa,Premaśānti Tulādhara,Nepali Literature,History of Newari literature.,2013,0.0,432,0
,Kārāgārako koselī,Unknown,Nepali Literature,Chiefly on Vedic literature; contributed articles.,1988,0.0,240,0
9789937854177.0,Tāmāṅa sāhityako itihāsa,Amr̥ta Yoñjana-Tāmāṅa,Nepali Literature,History of Tamang literature.,2011,0.0,252,0
,Nepālabhāshā sāhitya,Kr̥shṇaprakāśa Śreshṭha,Nepali Literature,Study of Newari literature.,1997,0.0,139,0
,Saṃskr̥ta vāṅmaya,Haṃsapure Suvedī,Nepali Literature,"A Nepali literary work titled 'Saṃskr̥ta vāṅmaya' by Haṃsapure Suvedī, featuring the stories, culture and voice of Nepal.",1980,0.0,432,0
,Saṃskr̥ta sāhityako siṃhāvalokana,Badarīnātha Bhaṭṭarāī,Nepali Literature,"A Nepali literary work titled 'Saṃskr̥ta sāhityako siṃhāvalokana' by Badarīnātha Bhaṭṭarāī, featuring the stories, culture and voice of Nepal.",1963,0.0,146,0
9789937689243.0,Thārū sāhityako itihāsa,Kr̥shṇa Sarvahārī; Nepāla Prajñā Pratishṭhāna,Nepali Literature,History of Tharu literature.,2016,0.0,180,0
9789937205672.0,Kamala Dīkshitakā niyātrā,Ravilāla Adhikārī,Nepali Literature,"Study on the travelogues of Kamala Dīkshita, Nepali author.",2008,0.0,108,0
,Devakoṭākā kavitākr̥timā prakr̥ti,Kumārabahādura Jośī,Nepali Literature,"Depiction of nature in the poetry of Laxmi Prasad Devkota, 1908-1959, Nepali author; a study.",1996,0.0,102,0
9789937509206.0,Devakoṭāko rāshṭriya cintana,Indirā Prasāīṃ,Nepali Literature,"Nationalism in the works of Laxmi Prasad Devkota, 1908-1959, Nepali poet; contributed articles.",2010,0.0,144,0
,Viśveśvaraprasāda Koirālākā nārī pātra,"Śarmā, Śāradā",Nepali Literature,"Study of women characters in the novels of Bishweshwar Prasada Koirala, Nepali author.",1996,0.0,139,0
9789994637119.0,Viśveśvaraprasāda Koirālākā kathāmā sāmājikatā,Dhruvarāja Gautama,Nepali Literature,"Social values in the short stories of Bishweshvar Prasad Koirala, Nepali author.",2004,0.0,150,0
,Vaidikavāṅmaya,Kr̥shṇa Prasāda Śarmā Ghimire,Nepali Literature,"A Nepali literary work titled 'Vaidikavāṅmaya' by Kr̥shṇa Prasāda Śarmā Ghimire, featuring the stories, culture and voice of Nepal.",1989,0.0,245,0
9789937203500.0,Pārijātakā upanyāsamā samājavādī yathārthavāda,Bhavānīprasāda Pāṇḍe,Nepali Literature,"Social realism in the works of Pārijāta, b. 1936, Nepali fiction writer.",2007,0.0,504,0
,Lokanayaka Salahesa,Unknown,Nepali Literature,"Articles on Salhes, a folk hero for the people of Mithila.",2012,0.0,0,0
,Nāgānandam,Harṣavardhana King of Thānesar and Kanauj,Nepali Literature,Classical Sanskrit drama. A bilingual glossary of the Nāgānanda.,1927,0.0,104,0
9788185057583.0,Abhinayadarpaṇa,Nandikeśvara.,Nepali Literature,Classical Sanskrit verse work on dramaturgy; includes Bengali commentary and notes.,1974,0.0,139,0
,Mahārāja Bhūpatīndra,Bhīmanidhi Tivārī,Nepali Literature,"A Nepali literary work titled 'Mahārāja Bhūpatīndra' by Bhīmanidhi Tivārī, featuring the stories, culture and voice of Nepal.",1972,0.0,99,0
,Bhakta Bhānubhakta,Bālakr̥shṇa Sama,Nepali Literature,"Dramatization of the life of Bhānubhakta, 1812-1868, Nepali poet.",1964,0.0,153,0
9789937805438.0,Yaśodharā,Śāradā Subbā,Nepali Literature,"Play on Yaśodharā, wife of Gautama Buddha.",2008,0.0,62,0
,Maharshi Yājñavalkya,Satyamohana Jośī,Nepali Literature,"Play on Yājñavalkya, Hindu sage.",2012,0.0,136,0
,Rāshṭrapitā Śrī 5 Tribhuvana,Devīlāla Śreshṭha,Nepali Literature,"Screenplay of a movie on the life of Tribhuvan Bir Bickrum Shah, King of Nepal, 1906-1954.",1999,0.0,156,0
,Ādikavi Bhānubhakta,Yādava Kharela,Nepali Literature,"Screen play of motion picture on Bhānubhakta, 1812-1868, Nepali poet.",1999,0.0,273,0
,Buddha-caritra nāṭaka,Paras Mani Pradhan,Nepali Literature,"A Nepali literary work titled 'Buddha-caritra nāṭaka' by Paras Mani Pradhan, featuring the stories, culture and voice of Nepal.",1954,0.0,79,0
,Kalaṅka mocana,Guṇarāja Upādhyāya,Nepali Literature,"A Nepali literary work titled 'Kalaṅka mocana' by Guṇarāja Upādhyāya, featuring the stories, culture and voice of Nepal.",1967,0.0,112,0
,Juju Jayaprakāśa,Sudarshan Bhikshu.,Nepali Literature,"A Nepali literary work titled 'Juju Jayaprakāśa' by Sudarshan Bhikshu., featuring the stories, culture and voice of Nepal.",1962,0.0,263,0
,Amarasiṃha,Bālakr̥shṇa Sama,Nepali Literature,"A Nepali literary work titled 'Amarasiṃha' by Bālakr̥shṇa Sama, featuring the stories, culture and voice of Nepal.",1964,0.0,128,0
,Bhīmasenako antya,Bālakr̥shṇa Sama,Nepali Literature,"A Nepali literary work titled 'Bhīmasenako antya' by Bālakr̥shṇa Sama, featuring the stories, culture and voice of Nepal.",1971,0.0,175,0
,Ātmahatyā,Bhīmanidhi Tivārī,Nepali Literature,"A Nepali literary work titled 'Ātmahatyā' by Bhīmanidhi Tivārī, featuring the stories, culture and voice of Nepal.",1977,0.0,87,0
9789937891646.0,Unī marekā chainan,Khema Thapaliyā,Nepali Literature,"On Kr̥shṇa Sena Icchuka, Nepali author and journalist.",2016,0.0,140,0
,Esa dhammo sanantano,Sarūbhakta,Nepali Literature,Play based on the life of Gautama Buddha.,1989,0.0,77,0
,Bhrikuti's wedding,Unknown,Nepali Literature,"A Nepali literary work titled 'Bhrikuti's wedding' by Unknown, featuring the stories, culture and voice of Nepal.",2011,0.0,51,0
,Śakuntalā,Ganesh Prasad Shrestha,Nepali Literature,"A Nepali literary work titled 'Śakuntalā' by Ganesh Prasad Shrestha, featuring the stories, culture and voice of Nepal.",1976,0.0,34,0
,Milkieko maṇi,"Vikala, Rameśa.",Nepali Literature,Play based on the story of Mahābhārata.,1991,0.0,65,0
,Bisantara gītināṭya,Gaṇeśa Prasāda Śreshṭha,Nepali Literature,"A Nepali literary work titled 'Bisantara gītināṭya' by Gaṇeśa Prasāda Śreshṭha, featuring the stories, culture and voice of Nepal.",1973,0.0,32,0
,Śakuntalā,Mādhava Ghimire,Nepali Literature,Libretto based on Kālidāsa's Abhjñānaśākuntala.,1981,0.0,50,0
,Aśvatthāmā,Mādhava Ghimire,Nepali Literature,Verse play on Aśvatthāman (Hindu mythology).,1996,0.0,73,0
,Rāmāṅka-nāṭikā,Dharmagupta,Nepali Literature,"Play about Rama, Hindu deity.",1976,0.0,367,0
,Duḥkhānta nāṭakako sr̥janaparamparā,Keśavaprasāda Upādhyāya,Nepali Literature,Study on European tragedy plays.,1998,0.0,422,0
,Gaurīghāṭa māhātmya,Omavīra Siṃha Basnyāta,Nepali Literature,"Verse play on Siva and Parvati, Hindu deities.",1998,0.0,46,0
9781541537880.0,Dog Named Haku,Amish Karanjit; Nicole Karanjit; Ruth Jeyaveeran; Margarita Engle,Nepali Literature,"A Nepali literary work titled 'Dog Named Haku' by Amish Karanjit, featuring the stories, culture and voice of Nepal.",2018,0.0,32,0
,Nepāleśvara,Viraj,Nepali Literature,"A Nepali literary work titled 'Nepāleśvara' by Viraj, featuring the stories, culture and voice of Nepal.",1973,0.0,344,0
